Invoice,StockCode,Description,Quantity,InvoiceDate,Price,CustomerID,Country
536000,22633,HAND WARMER UNION JACK,17,2026-01-14 15:36:00,2.73,15030,France
536001,71053,WHITE METAL LANTERN,42,2026-01-24 10:09:00,5.38,14309,Germany
536002,71053,WHITE METAL LANTERN,1,2026-01-11 20:10:00,8.29,12772,UK
536003,22633,HAND WARMER UNION JACK,19,2026-01-13 08:38:00,8.58,16782,Germany
536004,84406B,CREAM CUPID HEARTS COAT HANGER,47,2026-01-23 08:06:00,7.31,16058,Germany
536005,85123A,WHITE HANGING HEART T-LIGHT HOLDER,13,2026-01-08 04:11:00,3.02,13061,UK
536006,71053,WHITE METAL LANTERN,14,2026-01-07 23:15:00,5.24,13364,Italy
536007,84029G,KNITTED UNION FLAG HOT WATER BOTTLE,21,2026-01-13 12:54:00,1.14,13473,Italy
536008,71053,WHITE METAL LANTERN,42,2026-01-15 09:03:00,10.0,12683,France
536009,84029G,KNITTED UNION FLAG HOT WATER BOTTLE,41,2026-01-18 02:25:00,9.3,14935,France
536010,84029G,KNITTED UNION FLAG HOT WATER BOTTLE,24,2026-01-05 20:52:00,8.7,17601,Germany
536011,22633,HAND WARMER UNION JACK,44,2026-01-06 18:08:00,2.9,13782,Spain
536012,22633,HAND WARMER UNION JACK,43,2026-01-01 22:27:00,4.52,17461,France
536013,84406B,CREAM CUPID HEARTS COAT HANGER,12,2026-01-03 17:54:00,6.32,17572,UK
536014,84029G,KNITTED UNION FLAG HOT WATER BOTTLE,27,2026-01-01 11:03:00,3.94,16547,UK
536015,71053,WHITE METAL LANTERN,10,2026-01-20 03:00:00,1.15,14137,Germany
536016,22633,HAND WARMER UNION JACK,11,2026-01-18 01:00:00,4.86,14301,Germany
536017,22633,HAND WARMER UNION JACK,33,2026-01-13 00:16:00,5.63,14578,Italy
536018,22633,HAND WARMER UNION JACK,25,2026-01-12 03:07:00,3.36,17529,Italy
536019,85123A,WHITE HANGING HEART T-LIGHT HOLDER,8,2026-01-24 03:16:00,3.29,16322,Germany
536020,85123A,WHITE HANGING HEART T-LIGHT HOLDER,22,2026-01-15 02:28:00,7.74,16535,Italy
536021,71053,WHITE METAL LANTERN,12,2026-01-02 08:22:00,6.72,12154,UK
536022,85123A,WHITE HANGING HEART T-LIGHT HOLDER,45,2026-01-22 12:10:00,4.19,16536,Spain
536023,22633,HAND WARMER UNION JACK,37,2026-01-16 03:57:00,8.09,16407,UK
536024,22633,HAND WARMER UNION JACK,2,2026-01-02 13:36:00,4.19,15299,Spain
536025,85123A,WHITE HANGING HEART T-LIGHT HOLDER,36,2026-01-03 22:15:00,8.81,17770,UK
536026,71053,WHITE METAL LANTERN,30,2026-01-04 15:32:00,8.87,14136,Germany
536027,84406B,CREAM CUPID HEARTS COAT HANGER,47,2026-01-19 04:34:00,4.29,12176,France
536028,84029G,KNITTED UNION FLAG HOT WATER BOTTLE,47,2026-01-11 03:14:00,9.69,16785,Italy
536029,84029G,KNITTED UNION FLAG HOT WATER BOTTLE,29,2026-01-17 01:06:00,6.47,17091,Spain
536030,84406B,CREAM CUPID HEARTS COAT HANGER,15,2026-01-04 10:45:00,3.0,17047,Spain
536031,85123A,WHITE HANGING HEART T-LIGHT HOLDER,5,2026-01-13 11:18:00,6.96,17654,UK
536032,71053,WHITE METAL LANTERN,34,2026-01-17 02:28:00,8.1,16714,Spain
536033,85123A,WHITE HANGING HEART T-LIGHT HOLDER,36,2026-01-20 12:41:00,8.15,17983,Italy
536034,84406B,CREAM CUPID HEARTS COAT HANGER,22,2026-01-07 00:42:00,9.42,12219,Italy
536035,85123A,WHITE HANGING HEART T-LIGHT HOLDER,46,2026-01-02 04:40:00,1.06,15803,Germany
536036,71053,WHITE METAL LANTERN,36,2026-01-08 23:06:00,3.14,17886,Italy
536037,22633,HAND WARMER UNION JACK,14,2026-01-17 07:51:00,2.63,13793,UK
536038,22633,HAND WARMER UNION JACK,10,2026-01-10 18:09:00,1.24,13753,France
536039,84406B,CREAM CUPID HEARTS COAT HANGER,6,2026-01-19 22:02:00,3.25,15446,UK
536040,71053,WHITE METAL LANTERN,27,2026-01-13 00:05:00,6.3,15546,Spain
536041,84029G,KNITTED UNION FLAG HOT WATER BOTTLE,23,2026-01-10 00:08:00,8.08,12860,France
536042,71053,WHITE METAL LANTERN,21,2026-01-17 18:18:00,9.6,13984,France
536043,85123A,WHITE HANGING HEART T-LIGHT HOLDER,22,2026-01-25 01:00:00,2.68,16584,Spain
536044,85123A,WHITE HANGING HEART T-LIGHT HOLDER,25,2026-01-19 15:12:00,6.34,15239,Spain
536045,84029G,KNITTED UNION FLAG HOT WATER BOTTLE,8,2026-01-14 21:13:00,8.06,17139,Germany
536046,71053,WHITE METAL LANTERN,3,2026-01-18 13:59:00,1.97,12403,Germany
536047,22633,HAND WARMER UNION JACK,17,2026-01-21 19:52:00,3.5,15133,Spain
536048,84406B,CREAM CUPID HEARTS COAT HANGER,17,2026-01-02 13:39:00,6.28,14763,Italy
536049,84029G,KNITTED UNION FLAG HOT WATER BOTTLE,32,2026-01-18 09:26:00,1.57,13000,France
536050,71053,WHITE METAL LANTERN,35,2026-01-07 22:08:00,6.49,15009,France
536051,71053,WHITE METAL LANTERN,28,2026-01-07 09:20:00,6.79,12754,France
536052,22633,HAND WARMER UNION JACK,30,2026-01-09 20:06:00,5.06,15508,UK
536053,85123A,WHITE HANGING HEART T-LIGHT HOLDER,25,2026-01-13 11:00:00,9.98,16552,Spain
536054,71053,WHITE METAL LANTERN,32,2026-01-01 10:26:00,3.0,13596,UK
536055,84029G,KNITTED UNION FLAG HOT WATER BOTTLE,40,2026-01-07 00:25:00,3.21,12164,Italy
536056,84029G,KNITTED UNION FLAG HOT WATER BOTTLE,13,2026-01-11 19:50:00,5.19,17777,Italy
536057,71053,WHITE METAL LANTERN,40,2026-01-17 06:52:00,5.46,15566,Germany
536058,84029G,KNITTED UNION FLAG HOT WATER BOTTLE,32,2026-01-26 00:58:00,6.15,12431,Germany
536059,84406B,CREAM CUPID HEARTS COAT HANGER,18,2026-01-13 02:26:00,3.66,14630,Spain
536060,85123A,WHITE HANGING HEART T-LIGHT HOLDER,50,2026-01-10 08:11:00,5.66,12944,Germany
536061,85123A,WHITE HANGING HEART T-LIGHT HOLDER,5,2026-01-25 14:14:00,6.96,16856,Spain
536062,84029G,KNITTED UNION FLAG HOT WATER BOTTLE,15,2026-01-08 21:42:00,6.47,17303,UK
536063,22633,HAND WARMER UNION JACK,29,2026-01-18 22:03:00,1.42,16613,UK
536064,84406B,CREAM CUPID HEARTS COAT HANGER,27,2026-01-22 06:36:00,5.19,13853,Germany
536065,84406B,CREAM CUPID HEARTS COAT HANGER,34,2026-01-20 23:38:00,7.23,17924,Italy
536066,85123A,WHITE HANGING HEART T-LIGHT HOLDER,11,2026-01-13 18:46:00,2.73,15800,Italy
536067,22633,HAND WARMER UNION JACK,45,2026-01-07 07:52:00,6.17,16397,Spain
536068,85123A,WHITE HANGING HEART T-LIGHT HOLDER,24,2026-01-02 14:35:00,4.24,14202,UK
536069,22633,HAND WARMER UNION JACK,49,2026-01-18 14:08:00,9.64,12155,France
536070,84406B,CREAM CUPID HEARTS COAT HANGER,3,2026-01-22 03:51:00,5.45,13377,Italy
536071,84406B,CREAM CUPID HEARTS COAT HANGER,2,2026-01-15 10:50:00,7.9,16256,France
536072,22633,HAND WARMER UNION JACK,50,2026-01-15 16:30:00,3.19,17077,Italy
536073,22633,HAND WARMER UNION JACK,7,2026-01-19 06:44:00,9.49,16968,Spain
536074,85123A,WHITE HANGING HEART T-LIGHT HOLDER,4,2026-01-22 09:59:00,1.42,13174,France
536075,84406B,CREAM CUPID HEARTS COAT HANGER,18,2026-01-17 06:41:00,3.23,16148,Germany
536076,85123A,WHITE HANGING HEART T-LIGHT HOLDER,9,2026-01-09 15:38:00,1.41,13923,UK
536077,22633,HAND WARMER UNION JACK,10,2026-01-14 05:48:00,2.04,14726,Italy
536078,22633,HAND WARMER UNION JACK,3,2026-01-12 12:29:00,6.79,16432,Germany
536079,71053,WHITE METAL LANTERN,38,2026-01-06 04:45:00,5.2,12526,Spain
536080,84029G,KNITTED UNION FLAG HOT WATER BOTTLE,24,2026-01-16 21:12:00,8.52,12659,Italy
536081,71053,WHITE METAL LANTERN,2,2026-01-24 05:51:00,6.23,17258,France
536082,84029G,KNITTED UNION FLAG HOT WATER BOTTLE,28,2026-01-22 23:21:00,9.94,12148,France
536083,22633,HAND WARMER UNION JACK,39,2026-01-03 20:49:00,7.12,14237,France
536084,22633,HAND WARMER UNION JACK,48,2026-01-12 22:30:00,9.64,14430,UK
536085,22633,HAND WARMER UNION JACK,29,2026-01-03 16:40:00,8.99,12004,Spain
536086,84029G,KNITTED UNION FLAG HOT WATER BOTTLE,9,2026-01-06 16:08:00,3.58,17643,UK
536087,22633,HAND WARMER UNION JACK,8,2026-01-12 23:02:00,5.79,16414,France
536088,85123A,WHITE HANGING HEART T-LIGHT HOLDER,33,2026-01-12 15:20:00,7.51,13699,Germany
536089,85123A,WHITE HANGING HEART T-LIGHT HOLDER,13,2026-01-25 02:59:00,1.2,16675,Italy
536090,71053,WHITE METAL LANTERN,4,2026-01-12 23:41:00,9.65,12854,Italy
536091,71053,WHITE METAL LANTERN,10,2026-01-08 06:31:00,3.54,12504,Spain
536092,84406B,CREAM CUPID HEARTS COAT HANGER,43,2026-01-16 09:04:00,4.51,14727,UK
536093,84029G,KNITTED UNION FLAG HOT WATER BOTTLE,9,2026-01-12 16:39:00,2.39,12674,Spain
536094,71053,WHITE METAL LANTERN,47,2026-01-09 15:37:00,8.87,14746,Germany
536095,84406B,CREAM CUPID HEARTS COAT HANGER,48,2026-01-15 09:55:00,1.46,13108,Germany
536096,84029G,KNITTED UNION FLAG HOT WATER BOTTLE,38,2026-01-16 14:37:00,7.64,17684,Italy
536097,84406B,CREAM CUPID HEARTS COAT HANGER,16,2026-01-16 22:12:00,2.21,12289,Italy
536098,71053,WHITE METAL LANTERN,38,2026-01-03 22:55:00,8.74,17862,Spain
536099,71053,WHITE METAL LANTERN,2,2026-01-10 12:55:00,5.09,14724,Germany
536100,71053,WHITE METAL LANTERN,43,2026-01-09 21:59:00,9.37,16775,Germany
536101,84406B,CREAM CUPID HEARTS COAT HANGER,14,2026-01-06 23:01:00,8.68,17954,France
536102,71053,WHITE METAL LANTERN,5,2026-01-13 03:09:00,6.55,12582,Spain
536103,71053,WHITE METAL LANTERN,35,2026-01-15 15:53:00,1.41,17118,Germany
536104,22633,HAND WARMER UNION JACK,9,2026-01-23 03:07:00,2.69,16636,Germany
536105,84029G,KNITTED UNION FLAG HOT WATER BOTTLE,10,2026-01-15 16:47:00,8.45,12089,Italy
536106,85123A,WHITE HANGING HEART T-LIGHT HOLDER,42,2026-01-11 21:04:00,5.67,15936,France
536107,84029G,KNITTED UNION FLAG HOT WATER BOTTLE,2,2026-01-06 16:09:00,1.46,15169,Italy
536108,85123A,WHITE HANGING HEART T-LIGHT HOLDER,8,2026-01-25 19:11:00,9.94,17742,France
536109,84406B,CREAM CUPID HEARTS COAT HANGER,34,2026-01-13 05:10:00,3.94,14543,Italy
536110,84406B,CREAM CUPID HEARTS COAT HANGER,21,2026-01-24 23:24:00,6.97,12673,Germany
536111,84029G,KNITTED UNION FLAG HOT WATER BOTTLE,4,2026-01-15 08:18:00,6.79,15797,Spain
536112,84029G,KNITTED UNION FLAG HOT WATER BOTTLE,41,2026-01-02 12:17:00,7.67,15939,UK
536113,22633,HAND WARMER UNION JACK,18,2026-01-20 04:07:00,9.33,16459,France
536114,22633,HAND WARMER UNION JACK,18,2026-01-10 13:59:00,5.26,12555,Italy
536115,84406B,CREAM CUPID HEARTS COAT HANGER,14,2026-01-04 11:15:00,1.55,12244,France
536116,84029G,KNITTED UNION FLAG HOT WATER BOTTLE,31,2026-01-17 12:02:00,3.18,15174,France
536117,71053,WHITE METAL LANTERN,34,2026-01-03 10:33:00,1.05,14433,Italy
536118,84406B,CREAM CUPID HEARTS COAT HANGER,29,2026-01-22 06:57:00,9.62,16165,Germany
536119,84406B,CREAM CUPID HEARTS COAT HANGER,38,2026-01-09 18:55:00,1.93,16278,Italy
536120,22633,HAND WARMER UNION JACK,6,2026-01-15 02:59:00,5.74,13133,UK
536121,84406B,CREAM CUPID HEARTS COAT HANGER,6,2026-01-07 11:06:00,1.18,16112,UK
536122,85123A,WHITE HANGING HEART T-LIGHT HOLDER,39,2026-01-11 20:55:00,8.93,17717,UK
536123,71053,WHITE METAL LANTERN,50,2026-01-08 21:10:00,9.0,14802,Italy
536124,85123A,WHITE HANGING HEART T-LIGHT HOLDER,9,2026-01-25 20:03:00,2.41,13887,UK
536125,22633,HAND WARMER UNION JACK,42,2026-01-21 22:35:00,7.04,14682,France
536126,84406B,CREAM CUPID HEARTS COAT HANGER,4,2026-01-22 20:42:00,1.43,17740,Germany
536127,84029G,KNITTED UNION FLAG HOT WATER BOTTLE,17,2026-01-25 15:05:00,3.52,13570,Spain
536128,84406B,CREAM CUPID HEARTS COAT HANGER,13,2026-01-15 18:57:00,2.5,12168,UK
536129,84406B,CREAM CUPID HEARTS COAT HANGER,41,2026-01-02 00:43:00,1.41,14141,Italy
536130,22633,HAND WARMER UNION JACK,27,2026-01-13 15:15:00,6.48,15498,Germany
536131,22633,HAND WARMER UNION JACK,31,2026-01-21 07:54:00,2.39,12527,Spain
536132,22633,HAND WARMER UNION JACK,41,2026-01-19 00:57:00,7.4,12903,Germany
536133,85123A,WHITE HANGING HEART T-LIGHT HOLDER,50,2026-01-04 05:14:00,7.61,15964,Spain
536134,71053,WHITE METAL LANTERN,34,2026-01-23 21:17:00,5.08,14123,Germany
536135,71053,WHITE METAL LANTERN,19,2026-01-01 17:50:00,2.43,12176,Spain
536136,22633,HAND WARMER UNION JACK,19,2026-01-07 22:30:00,7.32,13908,UK
536137,84029G,KNITTED UNION FLAG HOT WATER BOTTLE,43,2026-01-01 17:52:00,3.77,16376,UK
536138,22633,HAND WARMER UNION JACK,33,2026-01-24 06:59:00,1.54,15859,Italy
536139,22633,HAND WARMER UNION JACK,45,2026-01-26 03:18:00,9.2,16213,Italy
536140,84406B,CREAM CUPID HEARTS COAT HANGER,2,2026-01-09 10:57:00,4.14,13192,Italy
536141,71053,WHITE METAL LANTERN,32,2026-01-20 03:58:00,8.88,16599,Spain
536142,71053,WHITE METAL LANTERN,16,2026-01-07 22:53:00,1.29,14084,Spain
536143,22633,HAND WARMER UNION JACK,3,2026-01-25 03:36:00,4.9,16805,Spain
536144,22633,HAND WARMER UNION JACK,29,2026-01-07 12:37:00,1.73,14390,France
536145,22633,HAND WARMER UNION JACK,20,2026-01-16 02:23:00,6.09,17862,Germany
536146,84029G,KNITTED UNION FLAG HOT WATER BOTTLE,49,2026-01-15 04:06:00,8.62,14896,Spain
536147,22633,HAND WARMER UNION JACK,20,2026-01-18 09:46:00,1.93,12203,Italy
536148,85123A,WHITE HANGING HEART T-LIGHT HOLDER,6,2026-01-06 04:39:00,2.69,13415,Germany
536149,85123A,WHITE HANGING HEART T-LIGHT HOLDER,13,2026-01-24 06:19:00,8.15,17838,Spain
536150,84029G,KNITTED UNION FLAG HOT WATER BOTTLE,45,2026-01-13 00:05:00,6.19,17961,France
536151,22633,HAND WARMER UNION JACK,41,2026-01-15 10:07:00,9.81,15338,Germany
536152,84029G,KNITTED UNION FLAG HOT WATER BOTTLE,12,2026-01-03 00:20:00,9.25,17057,Germany
536153,84406B,CREAM CUPID HEARTS COAT HANGER,37,2026-01-17 08:35:00,8.26,14101,Italy
536154,22633,HAND WARMER UNION JACK,43,2026-01-23 14:42:00,8.89,17566,UK
536155,22633,HAND WARMER UNION JACK,41,2026-01-19 19:59:00,8.09,15620,France
536156,84029G,KNITTED UNION FLAG HOT WATER BOTTLE,26,2026-01-09 14:31:00,8.44,13310,UK
536157,85123A,WHITE HANGING HEART T-LIGHT HOLDER,28,2026-01-05 23:25:00,5.45,16604,UK
536158,22633,HAND WARMER UNION JACK,18,2026-01-02 19:32:00,6.26,17450,UK
536159,22633,HAND WARMER UNION JACK,41,2026-01-14 18:43:00,6.57,16675,Italy
536160,71053,WHITE METAL LANTERN,24,2026-01-08 22:51:00,7.94,13711,UK
536161,22633,HAND WARMER UNION JACK,24,2026-01-25 22:07:00,8.53,16578,Spain
536162,85123A,WHITE HANGING HEART T-LIGHT HOLDER,14,2026-01-07 07:24:00,8.98,15507,Spain
536163,22633,HAND WARMER UNION JACK,38,2026-01-04 09:14:00,9.12,16380,France
536164,85123A,WHITE HANGING HEART T-LIGHT HOLDER,32,2026-01-17 19:03:00,5.07,13305,France
536165,85123A,WHITE HANGING HEART T-LIGHT HOLDER,34,2026-01-15 16:42:00,7.26,13691,UK
536166,84406B,CREAM CUPID HEARTS COAT HANGER,46,2026-01-25 10:35:00,4.31,13335,Spain
536167,84029G,KNITTED UNION FLAG HOT WATER BOTTLE,31,2026-01-11 16:14:00,2.52,16652,Italy
536168,71053,WHITE METAL LANTERN,14,2026-01-19 03:44:00,3.26,16977,Spain
536169,22633,HAND WARMER UNION JACK,21,2026-01-13 13:20:00,6.37,12446,UK
536170,84029G,KNITTED UNION FLAG HOT WATER BOTTLE,43,2026-01-03 14:45:00,8.6,16086,Italy
536171,85123A,WHITE HANGING HEART T-LIGHT HOLDER,18,2026-01-05 08:30:00,8.07,16559,Germany
536172,22633,HAND WARMER UNION JACK,34,2026-01-25 14:23:00,9.04,15778,Germany
536173,22633,HAND WARMER UNION JACK,20,2026-01-04 08:39:00,1.23,14048,Germany
536174,22633,HAND WARMER UNION JACK,42,2026-01-17 14:14:00,1.71,17292,UK
536175,84406B,CREAM CUPID HEARTS COAT HANGER,31,2026-01-06 05:22:00,8.36,14085,France
536176,85123A,WHITE HANGING HEART T-LIGHT HOLDER,23,2026-01-10 15:53:00,1.84,15640,UK
536177,71053,WHITE METAL LANTERN,18,2026-01-04 14:06:00,6.56,17190,Italy
536178,85123A,WHITE HANGING HEART T-LIGHT HOLDER,15,2026-01-14 08:21:00,3.15,13370,Spain
536179,22633,HAND WARMER UNION JACK,7,2026-01-16 17:55:00,2.86,16976,Italy
536180,85123A,WHITE HANGING HEART T-LIGHT HOLDER,6,2026-01-25 23:59:00,2.77,12324,UK
536181,84406B,CREAM CUPID HEARTS COAT HANGER,13,2026-01-03 09:33:00,8.4,17584,Germany
536182,22633,HAND WARMER UNION JACK,14,2026-01-02 15:07:00,1.57,16866,Germany
536183,85123A,WHITE HANGING HEART T-LIGHT HOLDER,4,2026-01-15 12:53:00,1.1,12113,France
536184,84029G,KNITTED UNION FLAG HOT WATER BOTTLE,48,2026-01-24 09:05:00,6.93,17641,Italy
536185,84029G,KNITTED UNION FLAG HOT WATER BOTTLE,27,2026-01-24 09:13:00,4.5,12338,France
536186,84406B,CREAM CUPID HEARTS COAT HANGER,46,2026-01-19 03:16:00,5.81,12421,Germany
536187,71053,WHITE METAL LANTERN,2,2026-01-05 01:19:00,1.64,13099,UK
536188,85123A,WHITE HANGING HEART T-LIGHT HOLDER,38,2026-01-20 13:08:00,8.35,17043,Germany
536189,71053,WHITE METAL LANTERN,22,2026-01-04 09:42:00,2.03,17111,UK
536190,71053,WHITE METAL LANTERN,9,2026-01-08 20:07:00,4.86,14704,France
536191,71053,WHITE METAL LANTERN,16,2026-01-19 16:07:00,6.69,13141,Germany
536192,84029G,KNITTED UNION FLAG HOT WATER BOTTLE,44,2026-01-25 00:42:00,7.07,12822,Spain
536193,71053,WHITE METAL LANTERN,18,2026-01-21 03:54:00,9.04,13235,Italy
536194,84406B,CREAM CUPID HEARTS COAT HANGER,22,2026-01-19 17:11:00,5.29,12950,France
536195,22633,HAND WARMER UNION JACK,10,2026-01-19 17:47:00,4.29,12611,Spain
536196,84406B,CREAM CUPID HEARTS COAT HANGER,34,2026-01-23 22:56:00,8.46,17678,France
536197,22633,HAND WARMER UNION JACK,10,2026-01-19 15:37:00,3.97,17054,Germany
536198,84029G,KNITTED UNION FLAG HOT WATER BOTTLE,4,2026-01-21 20:23:00,4.75,14688,Germany
536199,22633,HAND WARMER UNION JACK,22,2026-01-10 20:09:00,1.21,14362,UK
536200,84029G,KNITTED UNION FLAG HOT WATER BOTTLE,4,2026-01-18 22:17:00,5.7,17986,Italy
536201,84406B,CREAM CUPID HEARTS COAT HANGER,20,2026-01-06 08:42:00,7.02,17699,UK
536202,71053,WHITE METAL LANTERN,21,2026-01-07 03:13:00,2.12,14622,UK
536203,84406B,CREAM CUPID HEARTS COAT HANGER,15,2026-01-22 07:34:00,6.18,14525,Germany
536204,84406B,CREAM CUPID HEARTS COAT HANGER,9,2026-01-17 22:09:00,4.46,12447,France
536205,85123A,WHITE HANGING HEART T-LIGHT HOLDER,14,2026-01-04 19:48:00,8.2,17475,Italy
536206,85123A,WHITE HANGING HEART T-LIGHT HOLDER,8,2026-01-06 08:16:00,8.86,15455,France
536207,71053,WHITE METAL LANTERN,30,2026-01-14 16:38:00,9.01,17779,UK
536208,71053,WHITE METAL LANTERN,29,2026-01-04 17:14:00,7.97,13243,UK
536209,71053,WHITE METAL LANTERN,32,2026-01-02 08:23:00,6.92,12964,Spain
536210,85123A,WHITE HANGING HEART T-LIGHT HOLDER,46,2026-01-18 14:04:00,5.69,17745,Spain
536211,71053,WHITE METAL LANTERN,14,2026-01-17 23:38:00,1.49,14286,Italy
536212,22633,HAND WARMER UNION JACK,44,2026-01-17 09:35:00,4.25,12648,Italy
536213,84029G,KNITTED UNION FLAG HOT WATER BOTTLE,31,2026-01-23 01:32:00,4.5,17281,Germany
536214,85123A,WHITE HANGING HEART T-LIGHT HOLDER,5,2026-01-11 07:13:00,9.02,12932,Italy
536215,84406B,CREAM CUPID HEARTS COAT HANGER,13,2026-01-22 00:59:00,4.09,12160,UK
536216,84406B,CREAM CUPID HEARTS COAT HANGER,28,2026-01-19 13:09:00,9.08,12770,Germany
536217,85123A,WHITE HANGING HEART T-LIGHT HOLDER,8,2026-01-22 14:03:00,8.11,12484,France
536218,84029G,KNITTED UNION FLAG HOT WATER BOTTLE,47,2026-01-14 00:56:00,9.96,12730,Spain
536219,85123A,WHITE HANGING HEART T-LIGHT HOLDER,27,2026-01-07 01:04:00,1.98,16806,UK
536220,84406B,CREAM CUPID HEARTS COAT HANGER,50,2026-01-02 13:58:00,2.61,12617,Italy
536221,85123A,WHITE HANGING HEART T-LIGHT HOLDER,7,2026-01-24 11:17:00,2.13,12541,Spain
536222,71053,WHITE METAL LANTERN,26,2026-01-21 08:58:00,2.88,16432,France
536223,85123A,WHITE HANGING HEART T-LIGHT HOLDER,37,2026-01-03 15:39:00,6.06,14291,Italy
536224,84406B,CREAM CUPID HEARTS COAT HANGER,32,2026-01-08 15:46:00,6.58,15305,France
536225,85123A,WHITE HANGING HEART T-LIGHT HOLDER,35,2026-01-02 02:13:00,6.5,12870,Italy
536226,71053,WHITE METAL LANTERN,42,2026-01-13 17:18:00,1.01,12537,France
536227,84029G,KNITTED UNION FLAG HOT WATER BOTTLE,29,2026-01-24 07:11:00,9.42,15727,Italy
536228,84406B,CREAM CUPID HEARTS COAT HANGER,3,2026-01-22 10:15:00,9.14,15442,UK
536229,84406B,CREAM CUPID HEARTS COAT HANGER,41,2026-01-13 02:56:00,4.51,15382,Spain
536230,22633,HAND WARMER UNION JACK,34,2026-01-18 22:38:00,6.56,16044,UK
536231,71053,WHITE METAL LANTERN,33,2026-01-12 03:22:00,2.57,17218,Germany
536232,85123A,WHITE HANGING HEART T-LIGHT HOLDER,24,2026-01-26 05:51:00,8.27,12113,Italy
536233,84406B,CREAM CUPID HEARTS COAT HANGER,43,2026-01-06 00:35:00,5.04,17434,Italy
536234,85123A,WHITE HANGING HEART T-LIGHT HOLDER,24,2026-01-16 11:56:00,2.29,12009,France
536235,22633,HAND WARMER UNION JACK,23,2026-01-22 02:25:00,2.33,15652,Spain
536236,84029G,KNITTED UNION FLAG HOT WATER BOTTLE,7,2026-01-12 21:48:00,2.28,12756,France
536237,84406B,CREAM CUPID HEARTS COAT HANGER,29,2026-01-24 13:01:00,1.42,16835,Italy
536238,84029G,KNITTED UNION FLAG HOT WATER BOTTLE,1,2026-01-16 20:53:00,8.05,12671,Germany
536239,22633,HAND WARMER UNION JACK,31,2026-01-23 17:15:00,8.72,12169,Italy
536240,84406B,CREAM CUPID HEARTS COAT HANGER,25,2026-01-23 03:19:00,3.55,17686,Italy
536241,85123A,WHITE HANGING HEART T-LIGHT HOLDER,5,2026-01-22 12:09:00,8.58,15450,UK
536242,22633,HAND WARMER UNION JACK,2,2026-01-10 08:53:00,1.02,12328,Germany
536243,85123A,WHITE HANGING HEART T-LIGHT HOLDER,30,2026-01-18 07:40:00,5.42,16621,Spain
536244,85123A,WHITE HANGING HEART T-LIGHT HOLDER,47,2026-01-12 14:53:00,6.15,16425,Germany
536245,85123A,WHITE HANGING HEART T-LIGHT HOLDER,50,2026-01-09 05:31:00,5.32,16910,France
536246,85123A,WHITE HANGING HEART T-LIGHT HOLDER,16,2026-01-14 21:29:00,1.97,13710,Spain
536247,85123A,WHITE HANGING HEART T-LIGHT HOLDER,10,2026-01-14 21:32:00,3.27,14833,Germany
536248,71053,WHITE METAL LANTERN,41,2026-01-12 12:30:00,7.17,14313,UK
536249,22633,HAND WARMER UNION JACK,38,2026-01-07 16:54:00,8.07,14262,Spain
536250,84029G,KNITTED UNION FLAG HOT WATER BOTTLE,23,2026-01-12 01:48:00,1.48,14173,Germany
536251,71053,WHITE METAL LANTERN,19,2026-01-06 10:42:00,4.09,16023,Spain
536252,84406B,CREAM CUPID HEARTS COAT HANGER,10,2026-01-08 19:13:00,6.14,17854,UK
536253,85123A,WHITE HANGING HEART T-LIGHT HOLDER,30,2026-01-06 21:20:00,1.23,16409,France
536254,71053,WHITE METAL LANTERN,20,2026-01-09 01:14:00,7.72,12275,Italy
536255,84406B,CREAM CUPID HEARTS COAT HANGER,47,2026-01-16 22:22:00,7.71,17920,Germany
536256,71053,WHITE METAL LANTERN,28,2026-01-19 06:28:00,4.49,15713,Italy
536257,71053,WHITE METAL LANTERN,19,2026-01-26 02:17:00,8.08,16271,Spain
536258,84406B,CREAM CUPID HEARTS COAT HANGER,4,2026-01-02 02:03:00,4.71,13312,France
536259,71053,WHITE METAL LANTERN,33,2026-01-01 15:08:00,8.86,17404,France
536260,85123A,WHITE HANGING HEART T-LIGHT HOLDER,37,2026-01-11 11:30:00,4.62,13023,UK
536261,84406B,CREAM CUPID HEARTS COAT HANGER,12,2026-01-01 11:10:00,5.75,15072,Spain
536262,71053,WHITE METAL LANTERN,39,2026-01-02 22:39:00,3.53,12340,UK
536263,84406B,CREAM CUPID HEARTS COAT HANGER,3,2026-01-05 22:21:00,3.37,13202,France
536264,84406B,CREAM CUPID HEARTS COAT HANGER,33,2026-01-19 08:06:00,4.13,13059,Italy
536265,22633,HAND WARMER UNION JACK,50,2026-01-20 22:21:00,9.94,13686,France
536266,84029G,KNITTED UNION FLAG HOT WATER BOTTLE,6,2026-01-05 21:19:00,7.11,15980,Spain
536267,84406B,CREAM CUPID HEARTS COAT HANGER,48,2026-01-06 23:33:00,8.54,12512,UK
536268,71053,WHITE METAL LANTERN,18,2026-01-11 22:53:00,7.28,16255,Spain
536269,84406B,CREAM CUPID HEARTS COAT HANGER,35,2026-01-09 12:37:00,4.63,15752,France
536270,22633,HAND WARMER UNION JACK,34,2026-01-22 19:53:00,7.85,13279,Germany
536271,85123A,WHITE HANGING HEART T-LIGHT HOLDER,28,2026-01-20 16:00:00,9.36,14813,Germany
536272,85123A,WHITE HANGING HEART T-LIGHT HOLDER,17,2026-01-14 10:35:00,3.62,16936,UK
536273,71053,WHITE METAL LANTERN,2,2026-01-10 08:13:00,2.22,17156,Spain
536274,71053,WHITE METAL LANTERN,43,2026-01-19 05:07:00,5.45,13205,Germany
536275,84406B,CREAM CUPID HEARTS COAT HANGER,16,2026-01-12 10:03:00,7.8,15559,France
536276,71053,WHITE METAL LANTERN,14,2026-01-12 19:39:00,1.23,13708,Spain
536277,84029G,KNITTED UNION FLAG HOT WATER BOTTLE,32,2026-01-13 10:27:00,7.71,13953,Spain
536278,84029G,KNITTED UNION FLAG HOT WATER BOTTLE,46,2026-01-24 18:36:00,7.02,15734,UK
536279,84029G,KNITTED UNION FLAG HOT WATER BOTTLE,21,2026-01-15 19:54:00,5.19,12447,Germany
536280,85123A,WHITE HANGING HEART T-LIGHT HOLDER,33,2026-01-17 21:45:00,3.64,16412,France
536281,84029G,KNITTED UNION FLAG HOT WATER BOTTLE,29,2026-01-20 04:20:00,5.89,16007,Germany
536282,22633,HAND WARMER UNION JACK,34,2026-01-14 04:33:00,4.42,14187,France
536283,84029G,KNITTED UNION FLAG HOT WATER BOTTLE,41,2026-01-22 07:45:00,5.84,17741,UK
536284,71053,WHITE METAL LANTERN,12,2026-01-20 12:46:00,8.54,13340,UK
536285,84029G,KNITTED UNION FLAG HOT WATER BOTTLE,40,2026-01-15 07:04:00,5.98,15153,Spain
536286,84029G,KNITTED UNION FLAG HOT WATER BOTTLE,9,2026-01-15 00:25:00,3.38,14987,Italy
536287,84029G,KNITTED UNION FLAG HOT WATER BOTTLE,32,2026-01-02 11:48:00,1.25,15196,Germany
536288,22633,HAND WARMER UNION JACK,15,2026-01-05 22:30:00,5.65,16598,Germany
536289,22633,HAND WARMER UNION JACK,5,2026-01-08 17:58:00,6.07,15960,Spain
536290,85123A,WHITE HANGING HEART T-LIGHT HOLDER,6,2026-01-07 15:07:00,5.27,12189,Italy
536291,71053,WHITE METAL LANTERN,15,2026-01-15 23:00:00,9.17,16989,France
536292,84029G,KNITTED UNION FLAG HOT WATER BOTTLE,18,2026-01-20 09:36:00,6.39,13080,Spain
536293,85123A,WHITE HANGING HEART T-LIGHT HOLDER,6,2026-01-22 00:21:00,9.52,15603,Germany
536294,22633,HAND WARMER UNION JACK,1,2026-01-21 08:47:00,9.89,13873,France
536295,22633,HAND WARMER UNION JACK,29,2026-01-01 12:58:00,5.34,14991,UK
536296,71053,WHITE METAL LANTERN,3,2026-01-20 08:50:00,4.11,12124,Spain
536297,85123A,WHITE HANGING HEART T-LIGHT HOLDER,26,2026-01-21 09:37:00,4.75,14513,France
536298,22633,HAND WARMER UNION JACK,22,2026-01-20 00:45:00,6.74,14023,Spain
536299,84029G,KNITTED UNION FLAG HOT WATER BOTTLE,18,2026-01-10 19:57:00,3.62,13407,France
536300,22633,HAND WARMER UNION JACK,40,2026-01-13 07:16:00,9.37,16352,Italy
536301,84029G,KNITTED UNION FLAG HOT WATER BOTTLE,5,2026-01-04 14:40:00,9.4,17553,UK
536302,84029G,KNITTED UNION FLAG HOT WATER BOTTLE,19,2026-01-18 02:55:00,1.83,17642,UK
536303,71053,WHITE METAL LANTERN,47,2026-01-03 09:22:00,1.45,17937,UK
536304,84406B,CREAM CUPID HEARTS COAT HANGER,17,2026-01-26 06:56:00,9.15,16743,UK
536305,71053,WHITE METAL LANTERN,21,2026-01-17 22:05:00,1.73,15324,France
536306,84406B,CREAM CUPID HEARTS COAT HANGER,25,2026-01-10 12:17:00,4.7,13970,Spain
536307,22633,HAND WARMER UNION JACK,30,2026-01-20 17:17:00,6.04,13361,Spain
536308,22633,HAND WARMER UNION JACK,36,2026-01-04 22:29:00,3.31,14864,France
536309,85123A,WHITE HANGING HEART T-LIGHT HOLDER,46,2026-01-07 18:06:00,6.67,12207,Spain
536310,84029G,KNITTED UNION FLAG HOT WATER BOTTLE,31,2026-01-11 14:06:00,7.38,13795,France
536311,85123A,WHITE HANGING HEART T-LIGHT HOLDER,26,2026-01-06 01:28:00,6.01,12641,Germany
536312,71053,WHITE METAL LANTERN,31,2026-01-24 07:06:00,9.52,15192,France
536313,84029G,KNITTED UNION FLAG HOT WATER BOTTLE,36,2026-01-07 04:56:00,8.0,13630,Spain
536314,84029G,KNITTED UNION FLAG HOT WATER BOTTLE,3,2026-01-23 08:36:00,8.73,12291,UK
536315,84029G,KNITTED UNION FLAG HOT WATER BOTTLE,36,2026-01-09 05:19:00,5.09,13480,Spain
536316,84406B,CREAM CUPID HEARTS COAT HANGER,8,2026-01-15 00:25:00,2.62,12200,Germany
536317,84406B,CREAM CUPID HEARTS COAT HANGER,5,2026-01-11 04:19:00,3.1,12256,Spain
536318,85123A,WHITE HANGING HEART T-LIGHT HOLDER,40,2026-01-02 21:17:00,2.41,12519,Italy
536319,85123A,WHITE HANGING HEART T-LIGHT HOLDER,45,2026-01-18 02:37:00,8.82,17328,UK
536320,22633,HAND WARMER UNION JACK,46,2026-01-14 08:11:00,1.85,14633,Germany
536321,84406B,CREAM CUPID HEARTS COAT HANGER,19,2026-01-05 13:01:00,5.51,13421,UK
536322,22633,HAND WARMER UNION JACK,6,2026-01-11 17:23:00,9.18,14728,France
536323,71053,WHITE METAL LANTERN,25,2026-01-21 12:17:00,7.82,15013,Italy
536324,84406B,CREAM CUPID HEARTS COAT HANGER,6,2026-01-15 14:51:00,2.58,13305,France
536325,85123A,WHITE HANGING HEART T-LIGHT HOLDER,34,2026-01-15 12:01:00,9.16,16522,Italy
536326,84406B,CREAM CUPID HEARTS COAT HANGER,9,2026-01-06 20:10:00,5.34,16623,Germany
536327,84029G,KNITTED UNION FLAG HOT WATER BOTTLE,3,2026-01-12 15:26:00,3.42,13835,Spain
536328,22633,HAND WARMER UNION JACK,8,2026-01-03 23:23:00,2.64,15039,France
536329,84406B,CREAM CUPID HEARTS COAT HANGER,11,2026-01-24 23:08:00,6.67,14182,France
536330,85123A,WHITE HANGING HEART T-LIGHT HOLDER,13,2026-01-20 11:20:00,2.14,17365,Italy
536331,71053,WHITE METAL LANTERN,5,2026-01-24 14:57:00,1.76,17328,Spain
536332,85123A,WHITE HANGING HEART T-LIGHT HOLDER,19,2026-01-24 07:41:00,6.59,14913,France
536333,84029G,KNITTED UNION FLAG HOT WATER BOTTLE,33,2026-01-02 12:04:00,7.02,13604,Italy
536334,84406B,CREAM CUPID HEARTS COAT HANGER,25,2026-01-25 21:24:00,8.25,16211,Germany
536335,22633,HAND WARMER UNION JACK,23,2026-01-20 15:53:00,7.44,14824,Italy
536336,22633,HAND WARMER UNION JACK,16,2026-01-15 08:49:00,3.8,13056,UK
536337,84029G,KNITTED UNION FLAG HOT WATER BOTTLE,34,2026-01-17 02:18:00,9.98,16604,Spain
536338,71053,WHITE METAL LANTERN,39,2026-01-12 18:14:00,7.21,12648,UK
536339,84029G,KNITTED UNION FLAG HOT WATER BOTTLE,40,2026-01-20 08:18:00,8.27,16315,UK
536340,84406B,CREAM CUPID HEARTS COAT HANGER,11,2026-01-10 11:00:00,6.87,16962,France
536341,22633,HAND WARMER UNION JACK,39,2026-01-13 19:59:00,3.21,14276,Spain
536342,85123A,WHITE HANGING HEART T-LIGHT HOLDER,10,2026-01-17 08:13:00,7.97,14605,Germany
536343,84406B,CREAM CUPID HEARTS COAT HANGER,26,2026-01-15 22:50:00,9.85,13996,France
536344,85123A,WHITE HANGING HEART T-LIGHT HOLDER,7,2026-01-15 20:07:00,5.04,16258,UK
536345,84029G,KNITTED UNION FLAG HOT WATER BOTTLE,36,2026-01-06 01:50:00,5.52,16877,France
536346,22633,HAND WARMER UNION JACK,33,2026-01-16 08:18:00,8.69,13661,Germany
536347,22633,HAND WARMER UNION JACK,8,2026-01-16 15:33:00,8.94,14244,Spain
536348,85123A,WHITE HANGING HEART T-LIGHT HOLDER,17,2026-01-24 14:54:00,7.9,15463,France
536349,84406B,CREAM CUPID HEARTS COAT HANGER,8,2026-01-02 10:21:00,6.42,15983,UK
536350,22633,HAND WARMER UNION JACK,3,2026-01-19 07:14:00,5.3,12515,UK
536351,84406B,CREAM CUPID HEARTS COAT HANGER,10,2026-01-03 21:26:00,3.49,13848,Spain
536352,84406B,CREAM CUPID HEARTS COAT HANGER,21,2026-01-05 14:37:00,1.59,13615,France
536353,85123A,WHITE HANGING HEART T-LIGHT HOLDER,35,2026-01-23 14:35:00,6.28,17946,UK
536354,85123A,WHITE HANGING HEART T-LIGHT HOLDER,26,2026-01-17 00:18:00,9.05,16992,France
536355,22633,HAND WARMER UNION JACK,14,2026-01-14 06:30:00,3.98,12529,UK
536356,71053,WHITE METAL LANTERN,47,2026-01-20 16:25:00,6.61,16100,Italy
536357,85123A,WHITE HANGING HEART T-LIGHT HOLDER,1,2026-01-13 22:20:00,6.55,13174,UK
536358,84406B,CREAM CUPID HEARTS COAT HANGER,34,2026-01-23 14:15:00,1.62,12634,France
536359,71053,WHITE METAL LANTERN,45,2026-01-17 11:23:00,6.62,13540,Germany
536360,22633,HAND WARMER UNION JACK,47,2026-01-11 18:53:00,4.28,17767,Spain
536361,85123A,WHITE HANGING HEART T-LIGHT HOLDER,2,2026-01-13 19:37:00,9.11,16630,Spain
536362,84406B,CREAM CUPID HEARTS COAT HANGER,41,2026-01-12 12:58:00,3.18,15178,Germany
536363,85123A,WHITE HANGING HEART T-LIGHT HOLDER,18,2026-01-21 08:37:00,8.5,12668,France
536364,84406B,CREAM CUPID HEARTS COAT HANGER,33,2026-01-12 05:24:00,6.91,13280,UK
536365,85123A,WHITE HANGING HEART T-LIGHT HOLDER,48,2026-01-19 13:38:00,7.65,13344,UK
536366,84029G,KNITTED UNION FLAG HOT WATER BOTTLE,4,2026-01-19 06:00:00,1.26,14423,Germany
536367,22633,HAND WARMER UNION JACK,32,2026-01-09 05:11:00,1.9,13157,Germany
536368,84406B,CREAM CUPID HEARTS COAT HANGER,3,2026-01-12 22:22:00,6.79,12209,Germany
536369,84029G,KNITTED UNION FLAG HOT WATER BOTTLE,31,2026-01-13 21:51:00,2.03,15064,Italy
536370,84029G,KNITTED UNION FLAG HOT WATER BOTTLE,40,2026-01-05 14:05:00,2.83,15370,Germany
536371,71053,WHITE METAL LANTERN,35,2026-01-03 01:58:00,4.0,15005,France
536372,84406B,CREAM CUPID HEARTS COAT HANGER,41,2026-01-03 06:17:00,3.89,12009,France
536373,22633,HAND WARMER UNION JACK,10,2026-01-15 14:36:00,4.65,14129,Italy
536374,22633,HAND WARMER UNION JACK,11,2026-01-22 12:59:00,8.97,12468,Germany
536375,84029G,KNITTED UNION FLAG HOT WATER BOTTLE,23,2026-01-04 20:48:00,8.82,17758,France
536376,71053,WHITE METAL LANTERN,16,2026-01-18 01:35:00,8.1,15423,UK
536377,85123A,WHITE HANGING HEART T-LIGHT HOLDER,23,2026-01-01 18:30:00,9.14,12908,Germany
536378,84029G,KNITTED UNION FLAG HOT WATER BOTTLE,6,2026-01-02 07:22:00,5.59,17300,Germany
536379,71053,WHITE METAL LANTERN,9,2026-01-04 15:01:00,8.31,15531,UK
536380,85123A,WHITE HANGING HEART T-LIGHT HOLDER,50,2026-01-19 19:30:00,5.54,15725,Spain
536381,84029G,KNITTED UNION FLAG HOT WATER BOTTLE,21,2026-01-04 03:46:00,3.24,13255,Spain
536382,84029G,KNITTED UNION FLAG HOT WATER BOTTLE,9,2026-01-18 02:15:00,10.0,15247,Spain
536383,85123A,WHITE HANGING HEART T-LIGHT HOLDER,4,2026-01-25 14:39:00,1.24,16293,France
536384,85123A,WHITE HANGING HEART T-LIGHT HOLDER,10,2026-01-02 15:46:00,3.45,17074,Germany
536385,85123A,WHITE HANGING HEART T-LIGHT HOLDER,50,2026-01-07 23:23:00,5.01,17243,UK
536386,22633,HAND WARMER UNION JACK,29,2026-01-15 12:39:00,9.51,16323,Germany
536387,84029G,KNITTED UNION FLAG HOT WATER BOTTLE,19,2026-01-14 01:31:00,3.71,16728,Spain
536388,85123A,WHITE HANGING HEART T-LIGHT HOLDER,11,2026-01-20 16:06:00,1.23,15146,UK
536389,84406B,CREAM CUPID HEARTS COAT HANGER,7,2026-01-10 08:09:00,8.89,17132,Italy
536390,85123A,WHITE HANGING HEART T-LIGHT HOLDER,28,2026-01-12 01:54:00,2.23,17979,Spain
536391,85123A,WHITE HANGING HEART T-LIGHT HOLDER,19,2026-01-15 20:48:00,9.34,13500,France
536392,84029G,KNITTED UNION FLAG HOT WATER BOTTLE,20,2026-01-04 17:10:00,3.15,15968,Italy
536393,84406B,CREAM CUPID HEARTS COAT HANGER,44,2026-01-13 20:33:00,4.35,17334,UK
536394,85123A,WHITE HANGING HEART T-LIGHT HOLDER,11,2026-01-04 11:50:00,9.04,12084,France
536395,84406B,CREAM CUPID HEARTS COAT HANGER,13,2026-01-23 22:21:00,2.97,13598,France
536396,84406B,CREAM CUPID HEARTS COAT HANGER,42,2026-01-23 06:11:00,2.54,15924,Italy
536397,85123A,WHITE HANGING HEART T-LIGHT HOLDER,33,2026-01-19 20:25:00,8.29,16456,Italy
536398,84406B,CREAM CUPID HEARTS COAT HANGER,13,2026-01-02 08:51:00,4.53,16667,UK
536399,84029G,KNITTED UNION FLAG HOT WATER BOTTLE,15,2026-01-23 18:03:00,5.3,17361,Spain
536400,85123A,WHITE HANGING HEART T-LIGHT HOLDER,36,2026-01-07 09:10:00,6.78,14207,France
536401,71053,WHITE METAL LANTERN,25,2026-01-13 07:43:00,4.2,14469,Italy
536402,84029G,KNITTED UNION FLAG HOT WATER BOTTLE,30,2026-01-04 16:47:00,1.48,16575,Germany
536403,84406B,CREAM CUPID HEARTS COAT HANGER,8,2026-01-22 16:25:00,4.61,13728,France
536404,71053,WHITE METAL LANTERN,5,2026-01-10 00:42:00,5.76,14189,Italy
536405,85123A,WHITE HANGING HEART T-LIGHT HOLDER,34,2026-01-22 12:39:00,9.56,17489,Germany
536406,85123A,WHITE HANGING HEART T-LIGHT HOLDER,45,2026-01-23 16:19:00,4.39,17084,Germany
536407,84406B,CREAM CUPID HEARTS COAT HANGER,11,2026-01-13 09:16:00,6.76,15632,Italy
536408,85123A,WHITE HANGING HEART T-LIGHT HOLDER,17,2026-01-20 04:37:00,8.63,13173,UK
536409,71053,WHITE METAL LANTERN,40,2026-01-22 21:11:00,6.17,13106,Spain
536410,22633,HAND WARMER UNION JACK,30,2026-01-20 11:40:00,5.46,17078,UK
536411,71053,WHITE METAL LANTERN,26,2026-01-04 21:58:00,7.3,12609,France
536412,85123A,WHITE HANGING HEART T-LIGHT HOLDER,7,2026-01-15 23:25:00,1.55,16198,UK
536413,71053,WHITE METAL LANTERN,12,2026-01-22 01:00:00,1.7,17303,Germany
536414,71053,WHITE METAL LANTERN,45,2026-01-06 04:01:00,4.44,15872,Italy
536415,85123A,WHITE HANGING HEART T-LIGHT HOLDER,16,2026-01-21 07:16:00,8.33,17644,UK
536416,84029G,KNITTED UNION FLAG HOT WATER BOTTLE,32,2026-01-17 11:40:00,8.18,16566,France
536417,85123A,WHITE HANGING HEART T-LIGHT HOLDER,20,2026-01-03 05:01:00,4.98,12741,France
536418,22633,HAND WARMER UNION JACK,41,2026-01-16 03:04:00,1.55,16582,Italy
536419,22633,HAND WARMER UNION JACK,44,2026-01-06 13:12:00,3.89,15156,France
536420,84406B,CREAM CUPID HEARTS COAT HANGER,39,2026-01-05 12:58:00,8.26,16094,Germany
536421,84029G,KNITTED UNION FLAG HOT WATER BOTTLE,47,2026-01-16 11:02:00,3.02,13625,Spain
536422,71053,WHITE METAL LANTERN,15,2026-01-20 21:41:00,5.85,12472,France
536423,22633,HAND WARMER UNION JACK,44,2026-01-14 17:32:00,3.89,16964,Germany
536424,84406B,CREAM CUPID HEARTS COAT HANGER,21,2026-01-08 06:30:00,7.14,17896,Germany
536425,71053,WHITE METAL LANTERN,33,2026-01-15 14:26:00,5.31,13724,Italy
536426,71053,WHITE METAL LANTERN,34,2026-01-14 10:53:00,6.73,15942,UK
536427,85123A,WHITE HANGING HEART T-LIGHT HOLDER,2,2026-01-04 02:07:00,1.62,14529,UK
536428,71053,WHITE METAL LANTERN,42,2026-01-17 04:14:00,1.67,15633,Italy
536429,85123A,WHITE HANGING HEART T-LIGHT HOLDER,6,2026-01-10 17:41:00,8.07,16811,Italy
536430,85123A,WHITE HANGING HEART T-LIGHT HOLDER,18,2026-01-01 20:05:00,5.41,15267,Germany
536431,71053,WHITE METAL LANTERN,29,2026-01-16 15:16:00,5.64,16816,Germany
536432,22633,HAND WARMER UNION JACK,1,2026-01-24 16:00:00,1.52,15055,UK
536433,85123A,WHITE HANGING HEART T-LIGHT HOLDER,50,2026-01-15 18:25:00,2.1,12067,Germany
536434,84406B,CREAM CUPID HEARTS COAT HANGER,49,2026-01-26 04:36:00,2.19,15321,Spain
536435,84406B,CREAM CUPID HEARTS COAT HANGER,5,2026-01-11 04:49:00,7.12,17663,France
536436,85123A,WHITE HANGING HEART T-LIGHT HOLDER,31,2026-01-03 03:29:00,4.18,14075,Italy
536437,71053,WHITE METAL LANTERN,8,2026-01-06 18:16:00,7.59,15314,Spain
536438,85123A,WHITE HANGING HEART T-LIGHT HOLDER,27,2026-01-10 05:04:00,8.52,16199,Spain
536439,84029G,KNITTED UNION FLAG HOT WATER BOTTLE,16,2026-01-15 12:58:00,9.98,12884,UK
536440,84029G,KNITTED UNION FLAG HOT WATER BOTTLE,14,2026-01-15 00:23:00,5.16,13481,Germany
536441,85123A,WHITE HANGING HEART T-LIGHT HOLDER,37,2026-01-21 02:26:00,3.27,15066,Germany
536442,71053,WHITE METAL LANTERN,5,2026-01-03 21:08:00,8.25,12766,Italy
536443,85123A,WHITE HANGING HEART T-LIGHT HOLDER,25,2026-01-15 08:15:00,4.9,12469,Spain
536444,22633,HAND WARMER UNION JACK,38,2026-01-16 22:03:00,6.33,16409,UK
536445,22633,HAND WARMER UNION JACK,16,2026-01-10 07:03:00,1.9,13307,UK
536446,71053,WHITE METAL LANTERN,4,2026-01-23 06:45:00,1.41,16402,Germany
536447,71053,WHITE METAL LANTERN,21,2026-01-06 13:03:00,4.53,14707,UK
536448,84029G,KNITTED UNION FLAG HOT WATER BOTTLE,46,2026-01-19 00:50:00,5.41,14915,France
536449,84406B,CREAM CUPID HEARTS COAT HANGER,11,2026-01-16 16:29:00,5.5,12718,Italy
536450,71053,WHITE METAL LANTERN,39,2026-01-03 17:19:00,6.8,17498,Spain
536451,84406B,CREAM CUPID HEARTS COAT HANGER,19,2026-01-15 23:52:00,8.3,13304,France
536452,71053,WHITE METAL LANTERN,48,2026-01-20 23:51:00,4.33,17972,Spain
536453,84029G,KNITTED UNION FLAG HOT WATER BOTTLE,9,2026-01-06 17:59:00,9.34,15094,UK
536454,22633,HAND WARMER UNION JACK,1,2026-01-18 13:02:00,1.75,15614,UK
536455,84406B,CREAM CUPID HEARTS COAT HANGER,34,2026-01-21 12:57:00,9.0,13312,UK
536456,84406B,CREAM CUPID HEARTS COAT HANGER,16,2026-01-08 05:16:00,3.7,14039,Italy
536457,84406B,CREAM CUPID HEARTS COAT HANGER,19,2026-01-18 22:41:00,1.03,17885,France
536458,71053,WHITE METAL LANTERN,26,2026-01-18 08:05:00,9.52,16515,Spain
536459,85123A,WHITE HANGING HEART T-LIGHT HOLDER,27,2026-01-03 15:19:00,7.41,14046,Italy
536460,22633,HAND WARMER UNION JACK,39,2026-01-08 10:07:00,6.63,13006,France
536461,84406B,CREAM CUPID HEARTS COAT HANGER,14,2026-01-18 04:05:00,8.09,13440,Italy
536462,22633,HAND WARMER UNION JACK,34,2026-01-19 22:31:00,4.8,13073,France
536463,84029G,KNITTED UNION FLAG HOT WATER BOTTLE,50,2026-01-02 08:52:00,6.49,17504,UK
536464,84029G,KNITTED UNION FLAG HOT WATER BOTTLE,32,2026-01-09 02:19:00,9.8,12434,Italy
536465,22633,HAND WARMER UNION JACK,31,2026-01-06 14:56:00,9.64,15388,Spain
536466,85123A,WHITE HANGING HEART T-LIGHT HOLDER,25,2026-01-25 05:13:00,9.5,15704,Germany
536467,22633,HAND WARMER UNION JACK,34,2026-01-14 20:02:00,3.63,16339,France
536468,22633,HAND WARMER UNION JACK,42,2026-01-14 08:05:00,9.56,13563,France
536469,71053,WHITE METAL LANTERN,34,2026-01-09 18:01:00,6.73,17487,Spain
536470,22633,HAND WARMER UNION JACK,21,2026-01-25 14:17:00,8.72,14623,Italy
536471,84029G,KNITTED UNION FLAG HOT WATER BOTTLE,38,2026-01-24 23:29:00,9.15,14773,Spain
536472,22633,HAND WARMER UNION JACK,16,2026-01-08 20:46:00,8.79,16095,Italy
536473,22633,HAND WARMER UNION JACK,1,2026-01-15 14:57:00,9.82,16449,Germany
536474,22633,HAND WARMER UNION JACK,40,2026-01-11 02:48:00,6.49,13559,France
536475,84029G,KNITTED UNION FLAG HOT WATER BOTTLE,48,2026-01-12 18:12:00,6.66,15268,France
536476,22633,HAND WARMER UNION JACK,1,2026-01-25 02:03:00,9.47,15933,UK
536477,84406B,CREAM CUPID HEARTS COAT HANGER,34,2026-01-09 05:34:00,1.45,14672,France
536478,85123A,WHITE HANGING HEART T-LIGHT HOLDER,47,2026-01-06 00:34:00,9.39,15110,UK
536479,85123A,WHITE HANGING HEART T-LIGHT HOLDER,37,2026-01-17 10:09:00,8.56,17418,Spain
536480,71053,WHITE METAL LANTERN,23,2026-01-09 20:04:00,5.83,16709,UK
536481,71053,WHITE METAL LANTERN,6,2026-01-04 17:29:00,3.51,15186,Germany
536482,85123A,WHITE HANGING HEART T-LIGHT HOLDER,43,2026-01-04 06:34:00,3.84,15721,UK
536483,84406B,CREAM CUPID HEARTS COAT HANGER,44,2026-01-01 18:36:00,2.59,12937,France
536484,71053,WHITE METAL LANTERN,18,2026-01-26 03:32:00,6.96,12042,Italy
536485,84029G,KNITTED UNION FLAG HOT WATER BOTTLE,24,2026-01-11 16:24:00,6.61,12596,Spain
536486,71053,WHITE METAL LANTERN,48,2026-01-18 18:36:00,9.59,13069,Germany
536487,22633,HAND WARMER UNION JACK,45,2026-01-03 15:19:00,7.88,16585,Spain
536488,85123A,WHITE HANGING HEART T-LIGHT HOLDER,25,2026-01-05 13:10:00,2.45,14041,UK
536489,84029G,KNITTED UNION FLAG HOT WATER BOTTLE,22,2026-01-11 05:19:00,1.89,13370,Germany
536490,85123A,WHITE HANGING HEART T-LIGHT HOLDER,44,2026-01-21 07:05:00,8.97,15793,Spain
536491,85123A,WHITE HANGING HEART T-LIGHT HOLDER,18,2026-01-12 12:05:00,2.34,12756,Spain
536492,22633,HAND WARMER UNION JACK,26,2026-01-25 17:40:00,1.86,16650,France
536493,85123A,WHITE HANGING HEART T-LIGHT HOLDER,20,2026-01-16 22:40:00,1.01,14606,Italy
536494,22633,HAND WARMER UNION JACK,24,2026-01-07 09:08:00,6.77,14432,France
536495,22633,HAND WARMER UNION JACK,5,2026-01-11 09:21:00,6.83,12395,UK
536496,71053,WHITE METAL LANTERN,36,2026-01-12 15:39:00,8.77,14402,Italy
536497,22633,HAND WARMER UNION JACK,20,2026-01-23 23:42:00,7.64,15055,Spain
536498,85123A,WHITE HANGING HEART T-LIGHT HOLDER,47,2026-01-18 07:19:00,7.73,13311,Germany
536499,22633,HAND WARMER UNION JACK,31,2026-01-18 16:31:00,5.6,14201,UK
536500,22633,HAND WARMER UNION JACK,41,2026-01-16 15:11:00,4.7,14266,Italy
536501,84406B,CREAM CUPID HEARTS COAT HANGER,30,2026-01-10 11:29:00,3.37,17475,UK
536502,85123A,WHITE HANGING HEART T-LIGHT HOLDER,29,2026-01-05 09:42:00,2.65,13862,Germany
536503,84406B,CREAM CUPID HEARTS COAT HANGER,41,2026-01-12 12:21:00,2.25,16775,Germany
536504,22633,HAND WARMER UNION JACK,47,2026-01-07 07:08:00,6.65,12323,Germany
536505,84406B,CREAM CUPID HEARTS COAT HANGER,18,2026-01-19 12:57:00,4.03,17759,France
536506,85123A,WHITE HANGING HEART T-LIGHT HOLDER,23,2026-01-03 10:25:00,7.07,17807,Spain
536507,22633,HAND WARMER UNION JACK,39,2026-01-16 09:17:00,4.51,16858,UK
536508,84029G,KNITTED UNION FLAG HOT WATER BOTTLE,32,2026-01-03 04:53:00,2.03,17995,Italy
536509,85123A,WHITE HANGING HEART T-LIGHT HOLDER,42,2026-01-08 22:58:00,3.0,14435,France
536510,84029G,KNITTED UNION FLAG HOT WATER BOTTLE,44,2026-01-19 06:28:00,2.22,16924,France
536511,71053,WHITE METAL LANTERN,24,2026-01-11 23:14:00,6.32,16668,France
536512,85123A,WHITE HANGING HEART T-LIGHT HOLDER,40,2026-01-15 11:00:00,2.3,14064,Italy
536513,84029G,KNITTED UNION FLAG HOT WATER BOTTLE,5,2026-01-24 12:02:00,5.95,16102,France
536514,84406B,CREAM CUPID HEARTS COAT HANGER,11,2026-01-17 08:08:00,6.95,12573,Italy
536515,84029G,KNITTED UNION FLAG HOT WATER BOTTLE,43,2026-01-25 18:00:00,2.88,14895,UK
536516,71053,WHITE METAL LANTERN,31,2026-01-01 19:29:00,3.89,16069,UK
536517,85123A,WHITE HANGING HEART T-LIGHT HOLDER,10,2026-01-25 17:56:00,9.55,17645,Italy
536518,22633,HAND WARMER UNION JACK,18,2026-01-10 11:29:00,7.0,16866,Spain
536519,85123A,WHITE HANGING HEART T-LIGHT HOLDER,3,2026-01-24 16:58:00,4.05,13329,France
536520,85123A,WHITE HANGING HEART T-LIGHT HOLDER,7,2026-01-05 09:34:00,5.34,12643,Spain
536521,84406B,CREAM CUPID HEARTS COAT HANGER,15,2026-01-12 04:13:00,6.42,17207,France
536522,85123A,WHITE HANGING HEART T-LIGHT HOLDER,48,2026-01-02 14:46:00,7.33,16051,Spain
536523,84406B,CREAM CUPID HEARTS COAT HANGER,23,2026-01-17 05:22:00,4.41,14318,UK
536524,84406B,CREAM CUPID HEARTS COAT HANGER,12,2026-01-08 03:47:00,4.05,14010,UK
536525,71053,WHITE METAL LANTERN,5,2026-01-01 13:22:00,1.93,13490,Spain
536526,84029G,KNITTED UNION FLAG HOT WATER BOTTLE,13,2026-01-07 13:35:00,4.92,15465,Italy
536527,85123A,WHITE HANGING HEART T-LIGHT HOLDER,45,2026-01-03 03:56:00,8.79,14420,Italy
536528,84029G,KNITTED UNION FLAG HOT WATER BOTTLE,18,2026-01-14 11:42:00,2.67,16042,UK
536529,22633,HAND WARMER UNION JACK,13,2026-01-08 13:12:00,4.78,15034,UK
536530,71053,WHITE METAL LANTERN,26,2026-01-14 05:04:00,2.14,14666,Italy
536531,84406B,CREAM CUPID HEARTS COAT HANGER,7,2026-01-23 03:07:00,8.71,13259,France
536532,71053,WHITE METAL LANTERN,9,2026-01-14 06:18:00,4.89,13689,UK
536533,22633,HAND WARMER UNION JACK,44,2026-01-09 21:32:00,7.33,13494,France
536534,84406B,CREAM CUPID HEARTS COAT HANGER,7,2026-01-26 05:33:00,6.36,15838,Germany
536535,85123A,WHITE HANGING HEART T-LIGHT HOLDER,24,2026-01-02 10:15:00,7.64,12053,UK
536536,84029G,KNITTED UNION FLAG HOT WATER BOTTLE,28,2026-01-23 23:19:00,8.17,12947,France
536537,85123A,WHITE HANGING HEART T-LIGHT HOLDER,33,2026-01-17 18:42:00,8.04,12936,Germany
536538,84406B,CREAM CUPID HEARTS COAT HANGER,5,2026-01-08 09:07:00,1.84,14867,Spain
536539,84406B,CREAM CUPID HEARTS COAT HANGER,37,2026-01-19 11:18:00,5.51,16380,Germany
536540,84406B,CREAM CUPID HEARTS COAT HANGER,13,2026-01-13 19:07:00,4.7,15733,France
536541,84029G,KNITTED UNION FLAG HOT WATER BOTTLE,48,2026-01-12 14:05:00,7.38,16989,Spain
536542,84029G,KNITTED UNION FLAG HOT WATER BOTTLE,25,2026-01-18 11:28:00,4.53,13834,Spain
536543,84406B,CREAM CUPID HEARTS COAT HANGER,15,2026-01-12 20:27:00,1.48,15546,Italy
536544,85123A,WHITE HANGING HEART T-LIGHT HOLDER,10,2026-01-17 19:54:00,5.15,14018,Italy
536545,84406B,CREAM CUPID HEARTS COAT HANGER,47,2026-01-17 17:02:00,8.69,16202,France
536546,71053,WHITE METAL LANTERN,1,2026-01-14 02:52:00,4.41,13105,Spain
536547,85123A,WHITE HANGING HEART T-LIGHT HOLDER,12,2026-01-04 07:45:00,5.98,16119,Spain
536548,22633,HAND WARMER UNION JACK,44,2026-01-21 08:27:00,6.66,15380,UK
536549,71053,WHITE METAL LANTERN,49,2026-01-19 20:05:00,2.39,12029,Spain
536550,22633,HAND WARMER UNION JACK,2,2026-01-20 14:41:00,3.66,14662,UK
536551,22633,HAND WARMER UNION JACK,49,2026-01-06 22:31:00,6.53,13813,UK
536552,84029G,KNITTED UNION FLAG HOT WATER BOTTLE,2,2026-01-22 02:47:00,6.47,13304,France
536553,85123A,WHITE HANGING HEART T-LIGHT HOLDER,4,2026-01-20 15:13:00,1.88,16054,UK
536554,85123A,WHITE HANGING HEART T-LIGHT HOLDER,44,2026-01-04 10:16:00,3.54,17645,Germany
536555,71053,WHITE METAL LANTERN,13,2026-01-07 04:48:00,4.36,17679,France
536556,84029G,KNITTED UNION FLAG HOT WATER BOTTLE,10,2026-01-22 21:13:00,3.2,17588,Italy
536557,84406B,CREAM CUPID HEARTS COAT HANGER,48,2026-01-17 15:35:00,9.29,13209,Germany
536558,84406B,CREAM CUPID HEARTS COAT HANGER,6,2026-01-10 00:40:00,4.13,17261,France
536559,22633,HAND WARMER UNION JACK,30,2026-01-19 16:23:00,3.21,14982,Germany
536560,85123A,WHITE HANGING HEART T-LIGHT HOLDER,1,2026-01-25 07:08:00,7.89,16988,Italy
536561,71053,WHITE METAL LANTERN,40,2026-01-19 07:29:00,3.71,12390,Germany
536562,85123A,WHITE HANGING HEART T-LIGHT HOLDER,49,2026-01-12 15:54:00,1.95,13327,UK
536563,84406B,CREAM CUPID HEARTS COAT HANGER,29,2026-01-12 01:14:00,1.8,14914,UK
536564,22633,HAND WARMER UNION JACK,24,2026-01-17 21:22:00,9.02,13204,France
536565,85123A,WHITE HANGING HEART T-LIGHT HOLDER,48,2026-01-10 20:13:00,8.83,12722,Spain
536566,85123A,WHITE HANGING HEART T-LIGHT HOLDER,25,2026-01-14 05:05:00,5.93,14066,Italy
536567,71053,WHITE METAL LANTERN,25,2026-01-25 13:34:00,9.05,12757,France
536568,85123A,WHITE HANGING HEART T-LIGHT HOLDER,27,2026-01-04 19:03:00,5.3,13543,Italy
536569,71053,WHITE METAL LANTERN,7,2026-01-19 07:40:00,9.65,13572,France
536570,71053,WHITE METAL LANTERN,34,2026-01-05 01:07:00,4.26,15639,Germany
536571,22633,HAND WARMER UNION JACK,2,2026-01-19 11:57:00,4.74,15801,France
536572,84406B,CREAM CUPID HEARTS COAT HANGER,4,2026-01-10 02:33:00,4.45,14313,Italy
536573,84029G,KNITTED UNION FLAG HOT WATER BOTTLE,9,2026-01-17 21:08:00,7.78,17247,Spain
536574,22633,HAND WARMER UNION JACK,34,2026-01-15 15:29:00,1.91,15833,France
536575,85123A,WHITE HANGING HEART T-LIGHT HOLDER,34,2026-01-22 08:27:00,8.27,15576,France
536576,84029G,KNITTED UNION FLAG HOT WATER BOTTLE,33,2026-01-24 03:31:00,9.56,17427,France
536577,71053,WHITE METAL LANTERN,37,2026-01-15 02:52:00,8.39,16959,Germany
536578,84406B,CREAM CUPID HEARTS COAT HANGER,12,2026-01-11 10:44:00,5.14,17402,France
536579,85123A,WHITE HANGING HEART T-LIGHT HOLDER,4,2026-01-18 10:31:00,3.42,17190,France
536580,85123A,WHITE HANGING HEART T-LIGHT HOLDER,11,2026-01-11 00:09:00,4.66,15239,Italy
536581,22633,HAND WARMER UNION JACK,9,2026-01-20 15:38:00,4.9,13663,Germany
536582,71053,WHITE METAL LANTERN,48,2026-01-18 16:29:00,7.22,14911,Germany
536583,84029G,KNITTED UNION FLAG HOT WATER BOTTLE,24,2026-01-25 20:13:00,5.26,15558,Italy
536584,84029G,KNITTED UNION FLAG HOT WATER BOTTLE,25,2026-01-07 02:36:00,9.82,14993,Spain
536585,85123A,WHITE HANGING HEART T-LIGHT HOLDER,5,2026-01-07 18:03:00,9.13,12601,UK
536586,84029G,KNITTED UNION FLAG HOT WATER BOTTLE,44,2026-01-14 21:27:00,5.52,12581,France
536587,22633,HAND WARMER UNION JACK,21,2026-01-16 17:31:00,5.63,12723,Italy
536588,85123A,WHITE HANGING HEART T-LIGHT HOLDER,45,2026-01-14 13:50:00,2.23,14931,France
536589,22633,HAND WARMER UNION JACK,34,2026-01-04 22:57:00,8.55,14077,Italy
536590,84029G,KNITTED UNION FLAG HOT WATER BOTTLE,48,2026-01-24 20:07:00,8.71,12882,Spain
536591,85123A,WHITE HANGING HEART T-LIGHT HOLDER,36,2026-01-10 09:33:00,9.88,16176,France
536592,22633,HAND WARMER UNION JACK,36,2026-01-19 16:56:00,3.9,12781,Spain
536593,85123A,WHITE HANGING HEART T-LIGHT HOLDER,4,2026-01-21 09:24:00,6.29,13246,Germany
536594,22633,HAND WARMER UNION JACK,3,2026-01-03 01:42:00,9.13,17692,Spain
536595,84406B,CREAM CUPID HEARTS COAT HANGER,22,2026-01-01 17:37:00,8.57,12958,Italy
536596,71053,WHITE METAL LANTERN,13,2026-01-03 00:36:00,2.62,14133,Italy
536597,84029G,KNITTED UNION FLAG HOT WATER BOTTLE,12,2026-01-01 10:27:00,8.21,12607,France
536598,84406B,CREAM CUPID HEARTS COAT HANGER,11,2026-01-21 14:44:00,7.99,14314,France
536599,71053,WHITE METAL LANTERN,24,2026-01-10 04:02:00,7.81,13090,Spain
536600,84029G,KNITTED UNION FLAG HOT WATER BOTTLE,8,2026-01-10 08:43:00,8.02,12731,Italy
536601,71053,WHITE METAL LANTERN,29,2026-01-04 11:44:00,9.38,12472,France
536602,85123A,WHITE HANGING HEART T-LIGHT HOLDER,33,2026-01-17 14:28:00,6.41,13360,Italy
536603,84406B,CREAM CUPID HEARTS COAT HANGER,26,2026-01-25 19:19:00,6.68,13050,Germany
536604,71053,WHITE METAL LANTERN,50,2026-01-01 14:02:00,3.15,16761,Spain
536605,84029G,KNITTED UNION FLAG HOT WATER BOTTLE,15,2026-01-22 18:26:00,5.1,14969,Spain
536606,85123A,WHITE HANGING HEART T-LIGHT HOLDER,15,2026-01-20 11:23:00,6.84,13297,Germany
536607,22633,HAND WARMER UNION JACK,10,2026-01-03 18:31:00,8.43,17811,UK
536608,85123A,WHITE HANGING HEART T-LIGHT HOLDER,23,2026-01-11 09:10:00,5.3,16684,Germany
536609,84406B,CREAM CUPID HEARTS COAT HANGER,34,2026-01-21 15:20:00,4.54,13029,Germany
536610,85123A,WHITE HANGING HEART T-LIGHT HOLDER,33,2026-01-25 05:48:00,3.68,13365,UK
536611,22633,HAND WARMER UNION JACK,45,2026-01-05 11:56:00,3.43,13205,Italy
536612,84406B,CREAM CUPID HEARTS COAT HANGER,27,2026-01-10 00:10:00,1.36,13574,UK
536613,84029G,KNITTED UNION FLAG HOT WATER BOTTLE,35,2026-01-21 12:58:00,4.79,17072,France
536614,71053,WHITE METAL LANTERN,21,2026-01-25 06:39:00,2.08,12797,Italy
536615,85123A,WHITE HANGING HEART T-LIGHT HOLDER,31,2026-01-03 09:42:00,7.03,15832,Italy
536616,71053,WHITE METAL LANTERN,26,2026-01-04 05:31:00,9.37,17989,Germany
536617,85123A,WHITE HANGING HEART T-LIGHT HOLDER,9,2026-01-08 14:32:00,7.21,17382,Germany
536618,84406B,CREAM CUPID HEARTS COAT HANGER,40,2026-01-08 17:22:00,8.95,16412,Spain
536619,84029G,KNITTED UNION FLAG HOT WATER BOTTLE,35,2026-01-24 04:02:00,5.17,12825,France
536620,84406B,CREAM CUPID HEARTS COAT HANGER,21,2026-01-09 01:47:00,9.65,16366,France
536621,84406B,CREAM CUPID HEARTS COAT HANGER,1,2026-01-20 22:47:00,4.51,15464,France
536622,84406B,CREAM CUPID HEARTS COAT HANGER,43,2026-01-25 00:33:00,8.3,16316,UK
536623,84029G,KNITTED UNION FLAG HOT WATER BOTTLE,49,2026-01-01 11:56:00,8.06,17978,Italy
536624,71053,WHITE METAL LANTERN,42,2026-01-02 15:03:00,9.8,17201,Spain
536625,71053,WHITE METAL LANTERN,5,2026-01-08 03:48:00,2.64,12773,France
536626,84406B,CREAM CUPID HEARTS COAT HANGER,23,2026-01-14 05:22:00,4.0,15124,UK
536627,71053,WHITE METAL LANTERN,34,2026-01-22 15:20:00,4.87,15012,Germany
536628,71053,WHITE METAL LANTERN,4,2026-01-16 01:24:00,2.76,15320,Spain
536629,84406B,CREAM CUPID HEARTS COAT HANGER,21,2026-01-01 19:53:00,3.37,13556,Germany
536630,84406B,CREAM CUPID HEARTS COAT HANGER,9,2026-01-06 02:34:00,3.42,14060,Italy
536631,84406B,CREAM CUPID HEARTS COAT HANGER,44,2026-01-05 04:41:00,4.03,17089,Germany
536632,85123A,WHITE HANGING HEART T-LIGHT HOLDER,25,2026-01-21 21:26:00,6.25,15850,UK
536633,71053,WHITE METAL LANTERN,23,2026-01-18 19:08:00,7.94,12147,Italy
536634,85123A,WHITE HANGING HEART T-LIGHT HOLDER,41,2026-01-03 10:56:00,4.78,13780,Spain
536635,84406B,CREAM CUPID HEARTS COAT HANGER,48,2026-01-24 00:53:00,2.13,14911,France
536636,84029G,KNITTED UNION FLAG HOT WATER BOTTLE,9,2026-01-23 18:40:00,3.75,17422,UK
536637,85123A,WHITE HANGING HEART T-LIGHT HOLDER,49,2026-01-20 22:45:00,9.53,12861,Italy
536638,84029G,KNITTED UNION FLAG HOT WATER BOTTLE,22,2026-01-05 15:05:00,3.8,15901,France
536639,85123A,WHITE HANGING HEART T-LIGHT HOLDER,44,2026-01-11 05:11:00,1.37,15650,Spain
536640,84029G,KNITTED UNION FLAG HOT WATER BOTTLE,35,2026-01-17 17:18:00,3.89,17425,UK
536641,84406B,CREAM CUPID HEARTS COAT HANGER,9,2026-01-12 13:40:00,7.98,13376,Italy
536642,84406B,CREAM CUPID HEARTS COAT HANGER,16,2026-01-25 23:08:00,7.7,12798,Germany
536643,84406B,CREAM CUPID HEARTS COAT HANGER,4,2026-01-10 07:48:00,5.59,15695,UK
536644,84406B,CREAM CUPID HEARTS COAT HANGER,40,2026-01-24 14:04:00,3.45,12569,Spain
536645,84406B,CREAM CUPID HEARTS COAT HANGER,47,2026-01-05 10:07:00,9.7,12629,Germany
536646,22633,HAND WARMER UNION JACK,17,2026-01-07 05:42:00,7.68,13918,Italy
536647,85123A,WHITE HANGING HEART T-LIGHT HOLDER,8,2026-01-18 20:13:00,9.21,16767,Italy
536648,84406B,CREAM CUPID HEARTS COAT HANGER,27,2026-01-17 18:35:00,3.83,13408,Germany
536649,85123A,WHITE HANGING HEART T-LIGHT HOLDER,29,2026-01-22 22:53:00,9.1,16862,Spain
536650,22633,HAND WARMER UNION JACK,1,2026-01-21 11:42:00,4.26,13387,UK
536651,71053,WHITE METAL LANTERN,9,2026-01-12 13:42:00,2.9,17399,Spain
536652,84406B,CREAM CUPID HEARTS COAT HANGER,47,2026-01-14 06:22:00,9.46,16637,UK
536653,22633,HAND WARMER UNION JACK,43,2026-01-05 12:21:00,3.36,13963,Italy
536654,84406B,CREAM CUPID HEARTS COAT HANGER,23,2026-01-02 03:14:00,1.67,16627,Spain
536655,71053,WHITE METAL LANTERN,27,2026-01-11 16:16:00,4.3,17763,Italy
536656,85123A,WHITE HANGING HEART T-LIGHT HOLDER,18,2026-01-10 19:20:00,2.5,17620,Spain
536657,22633,HAND WARMER UNION JACK,17,2026-01-21 05:37:00,8.31,12962,France
536658,22633,HAND WARMER UNION JACK,7,2026-01-02 09:45:00,4.43,14731,Spain
536659,71053,WHITE METAL LANTERN,6,2026-01-17 12:59:00,9.78,17213,Spain
536660,84406B,CREAM CUPID HEARTS COAT HANGER,35,2026-01-06 05:54:00,4.47,14871,Italy
536661,84406B,CREAM CUPID HEARTS COAT HANGER,47,2026-01-19 16:10:00,4.64,14317,UK
536662,71053,WHITE METAL LANTERN,47,2026-01-21 21:57:00,5.65,14702,Spain
536663,22633,HAND WARMER UNION JACK,39,2026-01-02 15:06:00,9.44,15493,Germany
536664,84406B,CREAM CUPID HEARTS COAT HANGER,28,2026-01-25 16:36:00,9.95,17296,Germany
536665,22633,HAND WARMER UNION JACK,24,2026-01-21 23:29:00,3.31,12335,UK
536666,84406B,CREAM CUPID HEARTS COAT HANGER,40,2026-01-05 15:39:00,9.78,14020,Italy
536667,22633,HAND WARMER UNION JACK,24,2026-01-18 13:32:00,2.72,16215,Germany
536668,85123A,WHITE HANGING HEART T-LIGHT HOLDER,4,2026-01-06 07:41:00,7.96,15936,France
536669,71053,WHITE METAL LANTERN,10,2026-01-26 01:26:00,1.67,16221,Italy
536670,22633,HAND WARMER UNION JACK,34,2026-01-07 21:52:00,3.7,17411,Germany
536671,84029G,KNITTED UNION FLAG HOT WATER BOTTLE,29,2026-01-04 12:43:00,7.15,15691,Germany
536672,84029G,KNITTED UNION FLAG HOT WATER BOTTLE,47,2026-01-23 16:20:00,2.06,13192,UK
536673,85123A,WHITE HANGING HEART T-LIGHT HOLDER,15,2026-01-10 01:45:00,8.51,14366,Spain
536674,84406B,CREAM CUPID HEARTS COAT HANGER,1,2026-01-02 21:41:00,8.8,12805,Italy
536675,84029G,KNITTED UNION FLAG HOT WATER BOTTLE,19,2026-01-14 19:49:00,7.37,14903,Italy
536676,84406B,CREAM CUPID HEARTS COAT HANGER,31,2026-01-22 11:27:00,7.52,13471,Italy
536677,85123A,WHITE HANGING HEART T-LIGHT HOLDER,22,2026-01-14 15:08:00,2.18,15527,UK
536678,71053,WHITE METAL LANTERN,33,2026-01-09 02:48:00,5.73,16530,France
536679,84406B,CREAM CUPID HEARTS COAT HANGER,18,2026-01-13 00:42:00,5.21,12923,Italy
536680,85123A,WHITE HANGING HEART T-LIGHT HOLDER,26,2026-01-11 04:51:00,4.4,16977,Italy
536681,71053,WHITE METAL LANTERN,27,2026-01-12 21:28:00,2.08,12366,Italy
536682,84029G,KNITTED UNION FLAG HOT WATER BOTTLE,42,2026-01-06 01:42:00,3.18,17554,Germany
536683,84406B,CREAM CUPID HEARTS COAT HANGER,11,2026-01-25 14:20:00,9.11,13930,France
536684,84029G,KNITTED UNION FLAG HOT WATER BOTTLE,13,2026-01-15 00:38:00,4.85,15657,Spain
536685,84029G,KNITTED UNION FLAG HOT WATER BOTTLE,6,2026-01-13 16:35:00,3.58,17787,UK
536686,71053,WHITE METAL LANTERN,29,2026-01-23 19:55:00,3.94,12892,UK
536687,84406B,CREAM CUPID HEARTS COAT HANGER,24,2026-01-15 21:28:00,1.72,15295,Spain
536688,22633,HAND WARMER UNION JACK,24,2026-01-06 22:24:00,5.84,14084,Germany
536689,85123A,WHITE HANGING HEART T-LIGHT HOLDER,15,2026-01-04 10:59:00,1.34,15532,Spain
536690,71053,WHITE METAL LANTERN,23,2026-01-03 02:25:00,5.38,12350,Germany
536691,22633,HAND WARMER UNION JACK,29,2026-01-03 04:16:00,8.4,12698,France
536692,85123A,WHITE HANGING HEART T-LIGHT HOLDER,38,2026-01-10 17:49:00,1.79,14840,Germany
536693,84406B,CREAM CUPID HEARTS COAT HANGER,14,2026-01-04 06:43:00,6.66,12883,France
536694,22633,HAND WARMER UNION JACK,6,2026-01-14 14:30:00,1.21,17370,UK
536695,85123A,WHITE HANGING HEART T-LIGHT HOLDER,50,2026-01-14 05:56:00,8.41,17590,France
536696,22633,HAND WARMER UNION JACK,19,2026-01-21 14:06:00,9.17,13203,UK
536697,84029G,KNITTED UNION FLAG HOT WATER BOTTLE,35,2026-01-10 09:10:00,3.84,15514,Germany
536698,84406B,CREAM CUPID HEARTS COAT HANGER,48,2026-01-14 14:24:00,4.48,14240,France
536699,71053,WHITE METAL LANTERN,45,2026-01-09 07:26:00,4.43,12264,France
536700,85123A,WHITE HANGING HEART T-LIGHT HOLDER,29,2026-01-09 08:52:00,4.96,16087,UK
536701,84029G,KNITTED UNION FLAG HOT WATER BOTTLE,48,2026-01-06 09:46:00,4.62,16412,Germany
536702,84029G,KNITTED UNION FLAG HOT WATER BOTTLE,45,2026-01-19 12:00:00,7.0,12455,Germany
536703,84406B,CREAM CUPID HEARTS COAT HANGER,39,2026-01-17 04:18:00,6.86,16654,Italy
536704,71053,WHITE METAL LANTERN,38,2026-01-22 02:35:00,1.28,16713,Spain
536705,71053,WHITE METAL LANTERN,24,2026-01-01 17:53:00,7.72,15536,UK
536706,85123A,WHITE HANGING HEART T-LIGHT HOLDER,6,2026-01-18 09:12:00,7.93,12379,France
536707,22633,HAND WARMER UNION JACK,33,2026-01-10 05:34:00,3.99,14903,Germany
536708,71053,WHITE METAL LANTERN,3,2026-01-21 21:55:00,4.52,13805,Spain
536709,84406B,CREAM CUPID HEARTS COAT HANGER,1,2026-01-07 02:30:00,4.75,16993,France
536710,84029G,KNITTED UNION FLAG HOT WATER BOTTLE,43,2026-01-13 19:13:00,2.17,12660,Italy
536711,22633,HAND WARMER UNION JACK,6,2026-01-05 22:50:00,4.86,13793,Italy
536712,85123A,WHITE HANGING HEART T-LIGHT HOLDER,24,2026-01-07 09:24:00,2.03,14262,UK
536713,85123A,WHITE HANGING HEART T-LIGHT HOLDER,14,2026-01-04 13:53:00,1.53,15798,Spain
536714,84406B,CREAM CUPID HEARTS COAT HANGER,21,2026-01-01 10:39:00,6.78,16007,Germany
536715,22633,HAND WARMER UNION JACK,11,2026-01-04 00:10:00,6.34,17775,France
536716,84406B,CREAM CUPID HEARTS COAT HANGER,48,2026-01-02 21:15:00,4.45,17908,UK
536717,71053,WHITE METAL LANTERN,8,2026-01-04 08:40:00,8.54,13644,Italy
536718,22633,HAND WARMER UNION JACK,25,2026-01-24 20:48:00,1.02,12295,Germany
536719,85123A,WHITE HANGING HEART T-LIGHT HOLDER,29,2026-01-02 08:18:00,5.46,15587,France
536720,85123A,WHITE HANGING HEART T-LIGHT HOLDER,45,2026-01-20 06:21:00,7.58,14014,Germany
536721,85123A,WHITE HANGING HEART T-LIGHT HOLDER,16,2026-01-09 18:27:00,5.03,14235,Italy
536722,84406B,CREAM CUPID HEARTS COAT HANGER,43,2026-01-25 23:43:00,5.16,14250,Spain
536723,22633,HAND WARMER UNION JACK,30,2026-01-09 07:46:00,2.87,17720,Germany
536724,84406B,CREAM CUPID HEARTS COAT HANGER,50,2026-01-03 14:13:00,1.14,16083,Spain
536725,84406B,CREAM CUPID HEARTS COAT HANGER,23,2026-01-06 07:04:00,9.22,13804,Germany
536726,84406B,CREAM CUPID HEARTS COAT HANGER,17,2026-01-17 11:24:00,1.78,15621,Spain
536727,71053,WHITE METAL LANTERN,30,2026-01-13 02:22:00,2.52,14223,Germany
536728,84406B,CREAM CUPID HEARTS COAT HANGER,21,2026-01-24 10:43:00,6.18,14600,France
536729,85123A,WHITE HANGING HEART T-LIGHT HOLDER,50,2026-01-03 23:26:00,1.36,15634,Germany
536730,22633,HAND WARMER UNION JACK,26,2026-01-23 18:08:00,3.09,15871,UK
536731,84029G,KNITTED UNION FLAG HOT WATER BOTTLE,41,2026-01-22 15:49:00,8.88,15050,Spain
536732,84406B,CREAM CUPID HEARTS COAT HANGER,6,2026-01-08 18:57:00,2.25,12954,Spain
536733,71053,WHITE METAL LANTERN,14,2026-01-01 17:33:00,6.8,16276,UK
536734,85123A,WHITE HANGING HEART T-LIGHT HOLDER,17,2026-01-19 00:26:00,9.92,14442,Germany
536735,22633,HAND WARMER UNION JACK,17,2026-01-05 23:06:00,9.35,14793,Italy
536736,84406B,CREAM CUPID HEARTS COAT HANGER,21,2026-01-23 12:43:00,3.79,16748,Italy
536737,71053,WHITE METAL LANTERN,36,2026-01-13 06:44:00,6.63,13134,UK
536738,84406B,CREAM CUPID HEARTS COAT HANGER,25,2026-01-09 08:40:00,2.64,13664,Spain
536739,85123A,WHITE HANGING HEART T-LIGHT HOLDER,34,2026-01-06 04:38:00,3.11,14728,Spain
536740,85123A,WHITE HANGING HEART T-LIGHT HOLDER,33,2026-01-03 13:16:00,6.84,13175,Italy
536741,84029G,KNITTED UNION FLAG HOT WATER BOTTLE,23,2026-01-11 01:12:00,9.49,16583,France
536742,84406B,CREAM CUPID HEARTS COAT HANGER,19,2026-01-03 19:24:00,1.6,17083,France
536743,85123A,WHITE HANGING HEART T-LIGHT HOLDER,40,2026-01-05 21:31:00,6.51,14389,Germany
536744,22633,HAND WARMER UNION JACK,1,2026-01-05 05:08:00,4.17,16642,Spain
536745,71053,WHITE METAL LANTERN,14,2026-01-11 05:20:00,4.71,15334,Germany
536746,84406B,CREAM CUPID HEARTS COAT HANGER,18,2026-01-17 10:27:00,4.28,15672,France
536747,84029G,KNITTED UNION FLAG HOT WATER BOTTLE,25,2026-01-05 09:49:00,3.79,16957,Spain
536748,22633,HAND WARMER UNION JACK,21,2026-01-17 19:53:00,6.02,13871,France
536749,22633,HAND WARMER UNION JACK,10,2026-01-12 21:45:00,1.25,14764,Spain
536750,84029G,KNITTED UNION FLAG HOT WATER BOTTLE,8,2026-01-10 11:05:00,3.32,13239,France
536751,85123A,WHITE HANGING HEART T-LIGHT HOLDER,12,2026-01-04 02:16:00,5.85,16814,Germany
536752,22633,HAND WARMER UNION JACK,13,2026-01-23 01:19:00,4.15,12490,Italy
536753,85123A,WHITE HANGING HEART T-LIGHT HOLDER,22,2026-01-12 13:07:00,2.13,15624,Germany
536754,85123A,WHITE HANGING HEART T-LIGHT HOLDER,50,2026-01-11 02:03:00,8.01,14038,Spain
536755,84029G,KNITTED UNION FLAG HOT WATER BOTTLE,6,2026-01-08 18:13:00,4.21,13421,Italy
536756,71053,WHITE METAL LANTERN,38,2026-01-25 03:04:00,2.54,16789,UK
536757,84029G,KNITTED UNION FLAG HOT WATER BOTTLE,4,2026-01-19 17:45:00,1.12,17982,Italy
536758,71053,WHITE METAL LANTERN,24,2026-01-06 00:46:00,3.28,16529,Spain
536759,84406B,CREAM CUPID HEARTS COAT HANGER,48,2026-01-17 07:35:00,6.89,15090,France
536760,85123A,WHITE HANGING HEART T-LIGHT HOLDER,34,2026-01-06 13:51:00,7.96,17480,Spain
536761,22633,HAND WARMER UNION JACK,1,2026-01-24 00:19:00,3.33,14519,France
536762,85123A,WHITE HANGING HEART T-LIGHT HOLDER,8,2026-01-17 07:29:00,7.6,14492,Spain
536763,22633,HAND WARMER UNION JACK,36,2026-01-25 18:49:00,2.64,16648,Spain
536764,22633,HAND WARMER UNION JACK,39,2026-01-15 11:54:00,5.92,12479,Spain
536765,22633,HAND WARMER UNION JACK,18,2026-01-09 20:26:00,2.51,17209,Italy
536766,71053,WHITE METAL LANTERN,34,2026-01-03 02:59:00,8.18,13426,Italy
536767,84406B,CREAM CUPID HEARTS COAT HANGER,21,2026-01-18 10:48:00,8.52,12090,Spain
536768,84406B,CREAM CUPID HEARTS COAT HANGER,28,2026-01-05 23:19:00,3.77,15700,Germany
536769,71053,WHITE METAL LANTERN,24,2026-01-18 23:50:00,3.35,17519,Italy
536770,84029G,KNITTED UNION FLAG HOT WATER BOTTLE,17,2026-01-07 00:42:00,1.95,17189,UK
536771,22633,HAND WARMER UNION JACK,7,2026-01-20 09:22:00,6.88,12849,Spain
536772,22633,HAND WARMER UNION JACK,45,2026-01-05 17:11:00,9.81,12740,Germany
536773,71053,WHITE METAL LANTERN,41,2026-01-16 00:19:00,3.96,13667,Spain
536774,84029G,KNITTED UNION FLAG HOT WATER BOTTLE,18,2026-01-12 00:41:00,1.68,13698,France
536775,84029G,KNITTED UNION FLAG HOT WATER BOTTLE,12,2026-01-06 01:27:00,9.45,12952,Italy
536776,85123A,WHITE HANGING HEART T-LIGHT HOLDER,3,2026-01-23 23:29:00,9.24,12108,UK
536777,71053,WHITE METAL LANTERN,13,2026-01-01 19:15:00,9.06,15485,France
536778,71053,WHITE METAL LANTERN,9,2026-01-21 23:09:00,3.05,16346,Spain
536779,22633,HAND WARMER UNION JACK,21,2026-01-20 19:49:00,3.74,17361,Spain
536780,84029G,KNITTED UNION FLAG HOT WATER BOTTLE,11,2026-01-23 00:28:00,3.87,17608,Germany
536781,84406B,CREAM CUPID HEARTS COAT HANGER,49,2026-01-14 16:41:00,2.93,16544,France
536782,71053,WHITE METAL LANTERN,25,2026-01-02 20:06:00,9.92,14624,UK
536783,84029G,KNITTED UNION FLAG HOT WATER BOTTLE,43,2026-01-15 02:27:00,1.2,14523,UK
536784,84029G,KNITTED UNION FLAG HOT WATER BOTTLE,48,2026-01-13 00:06:00,2.11,13530,France
536785,85123A,WHITE HANGING HEART T-LIGHT HOLDER,23,2026-01-02 12:23:00,6.74,12858,Italy
536786,22633,HAND WARMER UNION JACK,29,2026-01-15 15:59:00,9.72,16972,Germany
536787,84029G,KNITTED UNION FLAG HOT WATER BOTTLE,42,2026-01-13 22:16:00,2.17,12429,Germany
536788,71053,WHITE METAL LANTERN,40,2026-01-21 11:38:00,7.37,17092,Italy
536789,71053,WHITE METAL LANTERN,9,2026-01-11 07:20:00,5.68,13493,Spain
536790,22633,HAND WARMER UNION JACK,21,2026-01-02 15:49:00,4.55,15026,Germany
536791,71053,WHITE METAL LANTERN,21,2026-01-25 21:41:00,5.4,13812,UK
536792,71053,WHITE METAL LANTERN,45,2026-01-14 19:47:00,7.17,14156,France
536793,71053,WHITE METAL LANTERN,39,2026-01-16 13:54:00,3.0,13735,France
536794,71053,WHITE METAL LANTERN,46,2026-01-19 06:35:00,1.8,15049,Italy
536795,85123A,WHITE HANGING HEART T-LIGHT HOLDER,6,2026-01-14 22:45:00,5.85,16498,France
536796,84029G,KNITTED UNION FLAG HOT WATER BOTTLE,28,2026-01-02 18:50:00,1.07,12707,Italy
536797,84029G,KNITTED UNION FLAG HOT WATER BOTTLE,10,2026-01-09 06:28:00,8.55,12938,France
536798,84406B,CREAM CUPID HEARTS COAT HANGER,3,2026-01-24 14:15:00,1.16,17127,UK
536799,22633,HAND WARMER UNION JACK,3,2026-01-11 10:46:00,1.86,14433,UK
536800,22633,HAND WARMER UNION JACK,40,2026-01-10 06:31:00,7.74,14571,France
536801,84029G,KNITTED UNION FLAG HOT WATER BOTTLE,26,2026-01-17 16:00:00,9.83,13536,Spain
536802,84029G,KNITTED UNION FLAG HOT WATER BOTTLE,20,2026-01-15 12:35:00,4.03,13838,Spain
536803,84406B,CREAM CUPID HEARTS COAT HANGER,38,2026-01-15 09:55:00,9.61,16836,France
536804,22633,HAND WARMER UNION JACK,5,2026-01-25 21:37:00,1.8,14677,Germany
536805,84406B,CREAM CUPID HEARTS COAT HANGER,13,2026-01-04 17:52:00,3.31,15091,France
536806,84406B,CREAM CUPID HEARTS COAT HANGER,7,2026-01-22 15:26:00,7.82,15327,Spain
536807,22633,HAND WARMER UNION JACK,37,2026-01-08 17:38:00,5.94,12608,UK
536808,22633,HAND WARMER UNION JACK,50,2026-01-24 16:38:00,6.81,12022,France
536809,85123A,WHITE HANGING HEART T-LIGHT HOLDER,46,2026-01-18 09:27:00,2.52,15936,Italy
536810,22633,HAND WARMER UNION JACK,29,2026-01-24 16:33:00,3.27,15611,UK
536811,84029G,KNITTED UNION FLAG HOT WATER BOTTLE,23,2026-01-03 17:56:00,1.7,17819,UK
536812,22633,HAND WARMER UNION JACK,34,2026-01-17 06:42:00,5.37,17208,UK
536813,71053,WHITE METAL LANTERN,6,2026-01-12 06:08:00,2.35,16934,Italy
536814,71053,WHITE METAL LANTERN,8,2026-01-04 16:38:00,9.2,15776,UK
536815,84029G,KNITTED UNION FLAG HOT WATER BOTTLE,1,2026-01-11 00:44:00,8.74,17526,Spain
536816,22633,HAND WARMER UNION JACK,8,2026-01-17 13:23:00,7.26,13407,Germany
536817,84029G,KNITTED UNION FLAG HOT WATER BOTTLE,50,2026-01-15 05:50:00,4.29,14063,France
536818,84406B,CREAM CUPID HEARTS COAT HANGER,39,2026-01-10 19:05:00,4.93,14140,Spain
536819,22633,HAND WARMER UNION JACK,36,2026-01-05 11:59:00,1.91,13366,France
536820,84406B,CREAM CUPID HEARTS COAT HANGER,29,2026-01-06 18:23:00,5.59,16337,UK
536821,71053,WHITE METAL LANTERN,39,2026-01-11 21:52:00,9.43,13032,UK
536822,71053,WHITE METAL LANTERN,46,2026-01-16 04:16:00,4.5,17522,Spain
536823,85123A,WHITE HANGING HEART T-LIGHT HOLDER,18,2026-01-14 15:47:00,9.47,13758,Italy
536824,71053,WHITE METAL LANTERN,45,2026-01-06 07:25:00,2.15,12767,France
536825,84406B,CREAM CUPID HEARTS COAT HANGER,32,2026-01-03 01:05:00,1.87,13833,Germany
536826,84029G,KNITTED UNION FLAG HOT WATER BOTTLE,14,2026-01-05 16:35:00,5.36,17019,UK
536827,84029G,KNITTED UNION FLAG HOT WATER BOTTLE,22,2026-01-03 01:55:00,9.4,15350,Italy
536828,22633,HAND WARMER UNION JACK,17,2026-01-16 19:32:00,6.17,14514,Italy
536829,22633,HAND WARMER UNION JACK,33,2026-01-01 09:46:00,7.48,16473,Italy
536830,84406B,CREAM CUPID HEARTS COAT HANGER,27,2026-01-22 21:27:00,3.05,13195,Spain
536831,84406B,CREAM CUPID HEARTS COAT HANGER,34,2026-01-18 13:52:00,5.76,17973,Spain
536832,84029G,KNITTED UNION FLAG HOT WATER BOTTLE,2,2026-01-11 18:42:00,9.34,13010,Italy
536833,84406B,CREAM CUPID HEARTS COAT HANGER,24,2026-01-09 22:33:00,2.25,16494,France
536834,71053,WHITE METAL LANTERN,9,2026-01-09 22:42:00,5.74,17663,France
536835,84406B,CREAM CUPID HEARTS COAT HANGER,31,2026-01-05 22:01:00,5.12,17471,Italy
536836,84029G,KNITTED UNION FLAG HOT WATER BOTTLE,30,2026-01-07 00:06:00,6.73,15842,Germany
536837,22633,HAND WARMER UNION JACK,2,2026-01-23 15:18:00,6.1,15331,UK
536838,71053,WHITE METAL LANTERN,41,2026-01-06 08:30:00,4.06,13059,Germany
536839,84029G,KNITTED UNION FLAG HOT WATER BOTTLE,29,2026-01-15 02:28:00,6.46,16830,UK
536840,84029G,KNITTED UNION FLAG HOT WATER BOTTLE,7,2026-01-02 03:53:00,3.8,15242,Spain
536841,22633,HAND WARMER UNION JACK,12,2026-01-01 15:30:00,6.85,15133,Germany
536842,71053,WHITE METAL LANTERN,42,2026-01-26 05:33:00,7.88,17446,Germany
536843,22633,HAND WARMER UNION JACK,27,2026-01-16 19:54:00,2.91,13751,Spain
536844,84029G,KNITTED UNION FLAG HOT WATER BOTTLE,40,2026-01-07 16:00:00,4.89,13452,Spain
536845,22633,HAND WARMER UNION JACK,43,2026-01-05 04:35:00,3.43,12138,UK
536846,85123A,WHITE HANGING HEART T-LIGHT HOLDER,21,2026-01-15 13:48:00,9.47,17539,UK
536847,22633,HAND WARMER UNION JACK,17,2026-01-14 21:42:00,2.61,13714,UK
536848,84029G,KNITTED UNION FLAG HOT WATER BOTTLE,12,2026-01-25 22:27:00,7.3,13885,Spain
536849,71053,WHITE METAL LANTERN,19,2026-01-15 08:29:00,5.15,15848,Germany
536850,22633,HAND WARMER UNION JACK,25,2026-01-10 13:55:00,1.73,15211,Italy
536851,22633,HAND WARMER UNION JACK,14,2026-01-03 20:05:00,1.7,15889,Spain
536852,22633,HAND WARMER UNION JACK,49,2026-01-17 11:31:00,6.89,12193,Germany
536853,85123A,WHITE HANGING HEART T-LIGHT HOLDER,9,2026-01-03 23:24:00,6.23,13896,Italy
536854,22633,HAND WARMER UNION JACK,14,2026-01-17 21:38:00,2.62,14453,Germany
536855,85123A,WHITE HANGING HEART T-LIGHT HOLDER,4,2026-01-20 19:44:00,7.6,12446,Germany
536856,84029G,KNITTED UNION FLAG HOT WATER BOTTLE,20,2026-01-20 02:47:00,3.53,16007,UK
536857,84029G,KNITTED UNION FLAG HOT WATER BOTTLE,11,2026-01-07 15:50:00,8.94,12701,France
536858,84406B,CREAM CUPID HEARTS COAT HANGER,22,2026-01-20 13:19:00,5.22,13713,Spain
536859,84029G,KNITTED UNION FLAG HOT WATER BOTTLE,29,2026-01-08 09:04:00,5.47,12693,Germany
536860,84029G,KNITTED UNION FLAG HOT WATER BOTTLE,50,2026-01-16 16:15:00,6.84,14440,Germany
536861,85123A,WHITE HANGING HEART T-LIGHT HOLDER,25,2026-01-17 16:40:00,9.06,15986,UK
536862,85123A,WHITE HANGING HEART T-LIGHT HOLDER,36,2026-01-22 01:42:00,3.72,16594,Italy
536863,71053,WHITE METAL LANTERN,3,2026-01-18 15:27:00,1.87,17612,UK
536864,84406B,CREAM CUPID HEARTS COAT HANGER,9,2026-01-10 00:23:00,3.99,16845,Italy
536865,85123A,WHITE HANGING HEART T-LIGHT HOLDER,6,2026-01-06 09:59:00,9.17,15632,France
536866,22633,HAND WARMER UNION JACK,32,2026-01-04 12:31:00,4.67,13661,Germany
536867,85123A,WHITE HANGING HEART T-LIGHT HOLDER,29,2026-01-14 10:12:00,1.19,14229,Germany
536868,22633,HAND WARMER UNION JACK,18,2026-01-23 11:33:00,6.67,15069,Spain
536869,85123A,WHITE HANGING HEART T-LIGHT HOLDER,4,2026-01-23 08:46:00,7.27,12910,Italy
536870,22633,HAND WARMER UNION JACK,13,2026-01-01 14:29:00,8.82,14511,Spain
536871,22633,HAND WARMER UNION JACK,12,2026-01-23 10:52:00,9.2,16376,Spain
536872,22633,HAND WARMER UNION JACK,50,2026-01-03 20:16:00,9.5,16730,Germany
536873,22633,HAND WARMER UNION JACK,20,2026-01-21 19:51:00,1.06,17852,Italy
536874,22633,HAND WARMER UNION JACK,39,2026-01-17 21:37:00,8.43,14216,France
536875,84406B,CREAM CUPID HEARTS COAT HANGER,23,2026-01-02 20:44:00,9.92,16383,Italy
536876,22633,HAND WARMER UNION JACK,17,2026-01-08 05:28:00,5.74,16862,Italy
536877,71053,WHITE METAL LANTERN,6,2026-01-03 10:19:00,2.42,13690,UK
536878,85123A,WHITE HANGING HEART T-LIGHT HOLDER,7,2026-01-05 15:36:00,3.93,13581,UK
536879,22633,HAND WARMER UNION JACK,20,2026-01-02 05:54:00,1.53,17725,Germany
536880,84029G,KNITTED UNION FLAG HOT WATER BOTTLE,44,2026-01-21 21:29:00,2.14,12503,France
536881,22633,HAND WARMER UNION JACK,20,2026-01-04 06:13:00,9.08,17641,Spain
536882,84029G,KNITTED UNION FLAG HOT WATER BOTTLE,38,2026-01-04 00:24:00,8.0,17752,Germany
536883,85123A,WHITE HANGING HEART T-LIGHT HOLDER,37,2026-01-23 06:33:00,5.58,15240,UK
536884,85123A,WHITE HANGING HEART T-LIGHT HOLDER,44,2026-01-07 16:54:00,7.94,12508,France
536885,71053,WHITE METAL LANTERN,6,2026-01-17 01:19:00,1.03,16144,Germany
536886,22633,HAND WARMER UNION JACK,4,2026-01-06 19:30:00,4.49,17071,Spain
536887,85123A,WHITE HANGING HEART T-LIGHT HOLDER,37,2026-01-06 02:58:00,3.42,13108,Italy
536888,84406B,CREAM CUPID HEARTS COAT HANGER,43,2026-01-22 09:17:00,4.15,14127,France
536889,84406B,CREAM CUPID HEARTS COAT HANGER,44,2026-01-22 09:13:00,5.79,14995,France
536890,84029G,KNITTED UNION FLAG HOT WATER BOTTLE,1,2026-01-19 05:01:00,9.34,17563,UK
536891,84406B,CREAM CUPID HEARTS COAT HANGER,1,2026-01-06 13:10:00,1.97,16081,Germany
536892,71053,WHITE METAL LANTERN,19,2026-01-14 23:50:00,2.41,13071,UK
536893,84406B,CREAM CUPID HEARTS COAT HANGER,6,2026-01-03 03:17:00,5.34,13157,France
536894,71053,WHITE METAL LANTERN,49,2026-01-17 22:14:00,6.22,17743,Italy
536895,84029G,KNITTED UNION FLAG HOT WATER BOTTLE,9,2026-01-22 13:17:00,8.7,13135,France
536896,22633,HAND WARMER UNION JACK,47,2026-01-22 11:44:00,1.95,12853,UK
536897,84406B,CREAM CUPID HEARTS COAT HANGER,33,2026-01-01 22:36:00,4.8,13524,UK
536898,71053,WHITE METAL LANTERN,13,2026-01-21 08:07:00,9.46,17901,Spain
536899,22633,HAND WARMER UNION JACK,46,2026-01-21 20:46:00,7.42,13889,Germany
536900,71053,WHITE METAL LANTERN,32,2026-01-24 06:47:00,8.05,17635,Germany
536901,71053,WHITE METAL LANTERN,27,2026-01-04 04:44:00,9.38,15179,UK
536902,84406B,CREAM CUPID HEARTS COAT HANGER,35,2026-01-05 05:08:00,9.38,15813,Germany
536903,84406B,CREAM CUPID HEARTS COAT HANGER,13,2026-01-13 16:23:00,3.91,14563,UK
536904,84029G,KNITTED UNION FLAG HOT WATER BOTTLE,22,2026-01-08 15:48:00,8.37,17683,France
536905,71053,WHITE METAL LANTERN,30,2026-01-13 07:26:00,1.29,15990,France
536906,71053,WHITE METAL LANTERN,10,2026-01-19 22:16:00,2.31,15356,Spain
536907,85123A,WHITE HANGING HEART T-LIGHT HOLDER,10,2026-01-10 08:42:00,9.15,14052,UK
536908,84029G,KNITTED UNION FLAG HOT WATER BOTTLE,35,2026-01-11 04:35:00,8.39,16957,Germany
536909,22633,HAND WARMER UNION JACK,4,2026-01-09 05:44:00,9.48,13949,UK
536910,71053,WHITE METAL LANTERN,10,2026-01-06 20:17:00,2.99,13942,Spain
536911,85123A,WHITE HANGING HEART T-LIGHT HOLDER,41,2026-01-04 20:24:00,1.95,15330,France
536912,84406B,CREAM CUPID HEARTS COAT HANGER,32,2026-01-06 04:54:00,9.16,14267,Spain
536913,22633,HAND WARMER UNION JACK,23,2026-01-24 10:42:00,5.29,12032,Italy
536914,85123A,WHITE HANGING HEART T-LIGHT HOLDER,36,2026-01-12 19:40:00,1.38,14851,France
536915,85123A,WHITE HANGING HEART T-LIGHT HOLDER,41,2026-01-21 20:44:00,5.2,15448,UK
536916,22633,HAND WARMER UNION JACK,6,2026-01-16 00:39:00,8.3,12453,Germany
536917,84406B,CREAM CUPID HEARTS COAT HANGER,16,2026-01-20 13:30:00,4.37,12365,Germany
536918,85123A,WHITE HANGING HEART T-LIGHT HOLDER,39,2026-01-19 07:45:00,3.43,13352,Italy
536919,22633,HAND WARMER UNION JACK,30,2026-01-18 01:34:00,8.27,12572,Germany
536920,84406B,CREAM CUPID HEARTS COAT HANGER,34,2026-01-08 02:57:00,9.99,14960,France
536921,71053,WHITE METAL LANTERN,47,2026-01-22 19:10:00,8.68,15033,Spain
536922,84029G,KNITTED UNION FLAG HOT WATER BOTTLE,49,2026-01-15 21:41:00,6.5,17951,Germany
536923,84029G,KNITTED UNION FLAG HOT WATER BOTTLE,30,2026-01-03 05:54:00,9.23,14212,Italy
536924,85123A,WHITE HANGING HEART T-LIGHT HOLDER,9,2026-01-02 13:45:00,3.89,15419,Italy
536925,22633,HAND WARMER UNION JACK,19,2026-01-15 19:08:00,7.22,15547,Spain
536926,22633,HAND WARMER UNION JACK,8,2026-01-15 05:10:00,4.25,16772,Germany
536927,71053,WHITE METAL LANTERN,5,2026-01-23 17:55:00,8.7,13556,Germany
536928,71053,WHITE METAL LANTERN,5,2026-01-14 08:19:00,8.15,13000,Spain
536929,71053,WHITE METAL LANTERN,27,2026-01-06 09:30:00,1.42,12373,Germany
536930,84406B,CREAM CUPID HEARTS COAT HANGER,33,2026-01-12 14:37:00,8.12,15365,Spain
536931,84029G,KNITTED UNION FLAG HOT WATER BOTTLE,23,2026-01-06 15:52:00,1.97,16348,Spain
536932,22633,HAND WARMER UNION JACK,34,2026-01-26 07:40:00,5.54,15231,Spain
536933,84029G,KNITTED UNION FLAG HOT WATER BOTTLE,12,2026-01-02 10:47:00,9.86,15892,Italy
536934,84406B,CREAM CUPID HEARTS COAT HANGER,21,2026-01-10 02:01:00,5.35,13630,UK
536935,84029G,KNITTED UNION FLAG HOT WATER BOTTLE,30,2026-01-23 16:06:00,9.79,13608,UK
536936,84406B,CREAM CUPID HEARTS COAT HANGER,19,2026-01-13 01:56:00,7.8,16134,Germany
536937,85123A,WHITE HANGING HEART T-LIGHT HOLDER,22,2026-01-11 18:40:00,5.01,15564,Germany
536938,71053,WHITE METAL LANTERN,13,2026-01-15 07:24:00,6.41,15702,Spain
536939,22633,HAND WARMER UNION JACK,40,2026-01-11 18:49:00,1.95,16484,France
536940,22633,HAND WARMER UNION JACK,17,2026-01-25 12:28:00,1.14,16198,France
536941,71053,WHITE METAL LANTERN,27,2026-01-05 07:51:00,8.27,17287,Spain
536942,85123A,WHITE HANGING HEART T-LIGHT HOLDER,17,2026-01-22 20:01:00,2.14,13301,UK
536943,84406B,CREAM CUPID HEARTS COAT HANGER,41,2026-01-14 19:11:00,9.53,14046,Spain
536944,71053,WHITE METAL LANTERN,19,2026-01-17 18:37:00,7.54,16577,France
536945,85123A,WHITE HANGING HEART T-LIGHT HOLDER,11,2026-01-03 04:18:00,4.82,17644,UK
536946,84406B,CREAM CUPID HEARTS COAT HANGER,18,2026-01-06 08:07:00,1.13,16531,UK
536947,22633,HAND WARMER UNION JACK,15,2026-01-25 07:56:00,7.41,13377,Spain
536948,71053,WHITE METAL LANTERN,28,2026-01-01 19:21:00,6.01,17031,France
536949,84406B,CREAM CUPID HEARTS COAT HANGER,22,2026-01-26 04:46:00,3.17,17642,Germany
536950,84029G,KNITTED UNION FLAG HOT WATER BOTTLE,40,2026-01-05 15:42:00,9.85,15748,Spain
536951,84406B,CREAM CUPID HEARTS COAT HANGER,41,2026-01-25 13:02:00,6.18,13672,France
536952,84406B,CREAM CUPID HEARTS COAT HANGER,48,2026-01-12 08:33:00,7.38,17923,Germany
536953,84029G,KNITTED UNION FLAG HOT WATER BOTTLE,40,2026-01-19 00:20:00,2.87,16895,Germany
536954,85123A,WHITE HANGING HEART T-LIGHT HOLDER,4,2026-01-20 07:26:00,4.48,16610,Spain
536955,71053,WHITE METAL LANTERN,22,2026-01-13 16:52:00,7.17,17353,France
536956,84406B,CREAM CUPID HEARTS COAT HANGER,14,2026-01-13 14:25:00,5.86,13514,Germany
536957,84029G,KNITTED UNION FLAG HOT WATER BOTTLE,42,2026-01-02 23:44:00,8.23,14512,UK
536958,22633,HAND WARMER UNION JACK,33,2026-01-15 17:48:00,3.69,16608,Germany
536959,84029G,KNITTED UNION FLAG HOT WATER BOTTLE,30,2026-01-13 09:02:00,1.1,16390,Italy
536960,22633,HAND WARMER UNION JACK,32,2026-01-05 07:48:00,6.43,12591,Spain
536961,22633,HAND WARMER UNION JACK,16,2026-01-01 23:17:00,3.59,15116,France
536962,85123A,WHITE HANGING HEART T-LIGHT HOLDER,14,2026-01-10 03:46:00,6.07,13997,Italy
536963,71053,WHITE METAL LANTERN,33,2026-01-08 13:33:00,3.5,14530,UK
536964,84406B,CREAM CUPID HEARTS COAT HANGER,28,2026-01-24 03:17:00,3.47,17230,France
536965,85123A,WHITE HANGING HEART T-LIGHT HOLDER,13,2026-01-20 08:47:00,6.76,13818,UK
536966,85123A,WHITE HANGING HEART T-LIGHT HOLDER,46,2026-01-25 16:07:00,4.53,14638,Spain
536967,22633,HAND WARMER UNION JACK,19,2026-01-11 16:29:00,2.95,15297,Germany
536968,84406B,CREAM CUPID HEARTS COAT HANGER,7,2026-01-15 13:21:00,9.91,14773,Italy
536969,22633,HAND WARMER UNION JACK,28,2026-01-03 09:30:00,5.56,14574,UK
536970,84406B,CREAM CUPID HEARTS COAT HANGER,44,2026-01-07 04:44:00,6.2,14430,UK
536971,22633,HAND WARMER UNION JACK,37,2026-01-16 04:23:00,2.86,14512,Germany
536972,71053,WHITE METAL LANTERN,42,2026-01-17 09:03:00,1.89,14989,UK
536973,22633,HAND WARMER UNION JACK,45,2026-01-09 13:37:00,5.07,17817,Italy
536974,71053,WHITE METAL LANTERN,17,2026-01-11 01:38:00,1.99,14541,France
536975,22633,HAND WARMER UNION JACK,16,2026-01-19 06:31:00,7.83,13084,France
536976,84029G,KNITTED UNION FLAG HOT WATER BOTTLE,12,2026-01-10 01:50:00,5.95,17514,Germany
536977,22633,HAND WARMER UNION JACK,20,2026-01-21 11:37:00,7.8,16115,France
536978,84029G,KNITTED UNION FLAG HOT WATER BOTTLE,12,2026-01-23 21:39:00,3.62,14380,France
536979,71053,WHITE METAL LANTERN,46,2026-01-25 18:19:00,3.75,14899,Italy
536980,85123A,WHITE HANGING HEART T-LIGHT HOLDER,45,2026-01-19 22:45:00,3.42,17083,Italy
536981,84406B,CREAM CUPID HEARTS COAT HANGER,36,2026-01-09 18:31:00,3.77,12893,Spain
536982,84029G,KNITTED UNION FLAG HOT WATER BOTTLE,33,2026-01-01 09:51:00,8.86,16608,Spain
536983,71053,WHITE METAL LANTERN,49,2026-01-06 13:09:00,5.16,13870,Italy
536984,85123A,WHITE HANGING HEART T-LIGHT HOLDER,42,2026-01-17 01:17:00,3.93,15217,France
536985,22633,HAND WARMER UNION JACK,39,2026-01-03 07:10:00,6.75,16484,Italy
536986,84029G,KNITTED UNION FLAG HOT WATER BOTTLE,34,2026-01-01 12:17:00,7.28,14176,Italy
536987,85123A,WHITE HANGING HEART T-LIGHT HOLDER,36,2026-01-20 09:36:00,9.72,17604,Italy
536988,84029G,KNITTED UNION FLAG HOT WATER BOTTLE,25,2026-01-23 15:07:00,2.52,17273,Spain
536989,84406B,CREAM CUPID HEARTS COAT HANGER,48,2026-01-04 19:29:00,4.29,15948,UK
536990,85123A,WHITE HANGING HEART T-LIGHT HOLDER,21,2026-01-06 21:17:00,7.19,16730,Italy
536991,85123A,WHITE HANGING HEART T-LIGHT HOLDER,36,2026-01-03 10:16:00,8.77,15891,Italy
536992,84406B,CREAM CUPID HEARTS COAT HANGER,40,2026-01-23 18:23:00,9.74,12084,Spain
536993,71053,WHITE METAL LANTERN,4,2026-01-03 03:03:00,4.4,12308,Italy
536994,84406B,CREAM CUPID HEARTS COAT HANGER,35,2026-01-10 00:13:00,6.47,15129,UK
536995,84029G,KNITTED UNION FLAG HOT WATER BOTTLE,45,2026-01-24 08:58:00,6.69,12854,France
536996,84406B,CREAM CUPID HEARTS COAT HANGER,1,2026-01-24 04:50:00,8.16,17760,Germany
536997,84029G,KNITTED UNION FLAG HOT WATER BOTTLE,36,2026-01-18 15:41:00,5.2,15136,France
536998,84406B,CREAM CUPID HEARTS COAT HANGER,9,2026-01-24 00:59:00,4.04,14025,Germany
536999,84406B,CREAM CUPID HEARTS COAT HANGER,47,2026-01-13 12:53:00,7.52,15819,Italy
537000,85123A,WHITE HANGING HEART T-LIGHT HOLDER,7,2026-02-20 06:38:00,3.33,16446,Germany
537001,22633,HAND WARMER UNION JACK,27,2026-02-08 19:34:00,4.63,14061,UK
537002,84406B,CREAM CUPID HEARTS COAT HANGER,29,2026-02-19 00:37:00,1.1,16617,Italy
537003,84406B,CREAM CUPID HEARTS COAT HANGER,42,2026-02-10 09:45:00,4.57,16136,France
537004,22633,HAND WARMER UNION JACK,10,2026-02-08 06:59:00,2.37,14780,UK
537005,85123A,WHITE HANGING HEART T-LIGHT HOLDER,49,2026-02-02 06:58:00,9.48,14299,UK
537006,71053,WHITE METAL LANTERN,34,2026-02-24 10:41:00,5.16,14937,Spain
537007,85123A,WHITE HANGING HEART T-LIGHT HOLDER,7,2026-02-15 01:41:00,7.26,14230,Germany
537008,84029G,KNITTED UNION FLAG HOT WATER BOTTLE,21,2026-02-04 19:53:00,2.52,14642,France
537009,85123A,WHITE HANGING HEART T-LIGHT HOLDER,16,2026-02-22 19:02:00,7.74,13434,UK
537010,22633,HAND WARMER UNION JACK,16,2026-02-16 16:52:00,1.64,16265,Italy
537011,84406B,CREAM CUPID HEARTS COAT HANGER,31,2026-02-20 17:05:00,5.44,12852,France
537012,22633,HAND WARMER UNION JACK,28,2026-02-19 16:30:00,8.13,15878,Germany
537013,84406B,CREAM CUPID HEARTS COAT HANGER,38,2026-02-17 17:42:00,8.13,15459,Spain
537014,22633,HAND WARMER UNION JACK,31,2026-02-21 11:09:00,3.26,12418,Spain
537015,85123A,WHITE HANGING HEART T-LIGHT HOLDER,44,2026-02-06 04:48:00,3.39,16239,UK
537016,85123A,WHITE HANGING HEART T-LIGHT HOLDER,44,2026-02-22 18:43:00,4.16,15842,UK
537017,84406B,CREAM CUPID HEARTS COAT HANGER,11,2026-02-06 09:55:00,9.5,14844,Italy
537018,71053,WHITE METAL LANTERN,36,2026-02-15 10:20:00,9.19,13677,Germany
537019,85123A,WHITE HANGING HEART T-LIGHT HOLDER,34,2026-02-22 21:10:00,8.16,15800,Italy
537020,71053,WHITE METAL LANTERN,8,2026-02-21 18:25:00,3.0,12834,Germany
537021,22633,HAND WARMER UNION JACK,49,2026-02-12 17:01:00,3.0,16983,UK
537022,22633,HAND WARMER UNION JACK,47,2026-02-21 19:20:00,4.46,14257,UK
537023,85123A,WHITE HANGING HEART T-LIGHT HOLDER,18,2026-02-02 00:25:00,6.8,14034,France
537024,85123A,WHITE HANGING HEART T-LIGHT HOLDER,45,2026-02-11 16:37:00,3.61,14189,France
537025,85123A,WHITE HANGING HEART T-LIGHT HOLDER,13,2026-02-23 06:06:00,7.34,12001,UK
537026,85123A,WHITE HANGING HEART T-LIGHT HOLDER,13,2026-02-19 06:35:00,1.62,16353,Spain
537027,85123A,WHITE HANGING HEART T-LIGHT HOLDER,43,2026-02-17 13:46:00,8.57,15406,France
537028,84029G,KNITTED UNION FLAG HOT WATER BOTTLE,13,2026-02-08 11:14:00,9.63,16409,France
537029,84406B,CREAM CUPID HEARTS COAT HANGER,33,2026-02-05 22:51:00,9.44,15945,France
537030,84029G,KNITTED UNION FLAG HOT WATER BOTTLE,8,2026-02-02 17:58:00,1.64,12735,Germany
537031,84029G,KNITTED UNION FLAG HOT WATER BOTTLE,47,2026-02-07 08:09:00,7.14,13027,Germany
537032,84029G,KNITTED UNION FLAG HOT WATER BOTTLE,9,2026-02-01 09:36:00,3.3,17070,UK
537033,85123A,WHITE HANGING HEART T-LIGHT HOLDER,12,2026-02-14 06:25:00,3.19,14816,Spain
537034,71053,WHITE METAL LANTERN,26,2026-02-12 00:13:00,5.55,15522,Spain
537035,84029G,KNITTED UNION FLAG HOT WATER BOTTLE,44,2026-02-23 23:27:00,1.55,16106,Germany
537036,85123A,WHITE HANGING HEART T-LIGHT HOLDER,21,2026-02-09 16:09:00,5.69,13601,France
537037,85123A,WHITE HANGING HEART T-LIGHT HOLDER,18,2026-02-16 17:29:00,4.9,15354,Italy
537038,85123A,WHITE HANGING HEART T-LIGHT HOLDER,27,2026-02-13 23:35:00,6.65,16545,Germany
537039,84406B,CREAM CUPID HEARTS COAT HANGER,41,2026-02-23 00:20:00,8.97,12689,UK
537040,71053,WHITE METAL LANTERN,27,2026-02-18 15:39:00,9.25,15408,France
537041,84406B,CREAM CUPID HEARTS COAT HANGER,39,2026-02-07 00:07:00,4.59,16448,Germany
537042,84406B,CREAM CUPID HEARTS COAT HANGER,32,2026-02-20 08:33:00,2.27,13432,UK
537043,71053,WHITE METAL LANTERN,15,2026-02-05 20:59:00,5.52,13581,France
537044,22633,HAND WARMER UNION JACK,27,2026-02-10 18:50:00,6.86,16177,Spain
537045,85123A,WHITE HANGING HEART T-LIGHT HOLDER,41,2026-02-24 11:10:00,3.93,12285,UK
537046,22633,HAND WARMER UNION JACK,16,2026-02-08 03:15:00,9.84,16627,France
537047,85123A,WHITE HANGING HEART T-LIGHT HOLDER,39,2026-02-01 23:51:00,7.96,15152,Germany
537048,85123A,WHITE HANGING HEART T-LIGHT HOLDER,43,2026-02-16 16:46:00,2.8,13685,Spain
537049,84029G,KNITTED UNION FLAG HOT WATER BOTTLE,10,2026-02-08 21:57:00,2.67,14663,UK
537050,22633,HAND WARMER UNION JACK,40,2026-02-07 10:17:00,4.92,16593,UK
537051,22633,HAND WARMER UNION JACK,29,2026-02-19 11:56:00,8.89,15918,Spain
537052,84029G,KNITTED UNION FLAG HOT WATER BOTTLE,33,2026-02-17 21:11:00,5.22,15150,Germany
537053,71053,WHITE METAL LANTERN,50,2026-02-04 02:56:00,1.87,17546,Italy
537054,84029G,KNITTED UNION FLAG HOT WATER BOTTLE,25,2026-02-21 21:24:00,6.31,12246,Italy
537055,22633,HAND WARMER UNION JACK,41,2026-02-15 06:25:00,5.3,12097,Germany
537056,22633,HAND WARMER UNION JACK,47,2026-02-03 21:08:00,3.77,16185,Italy
537057,84029G,KNITTED UNION FLAG HOT WATER BOTTLE,13,2026-02-04 00:11:00,9.35,15875,Spain
537058,22633,HAND WARMER UNION JACK,45,2026-02-18 05:46:00,9.96,12076,Spain
537059,84406B,CREAM CUPID HEARTS COAT HANGER,33,2026-02-02 19:03:00,4.57,16378,France
537060,85123A,WHITE HANGING HEART T-LIGHT HOLDER,46,2026-02-20 09:55:00,9.99,16399,Italy
537061,71053,WHITE METAL LANTERN,47,2026-02-19 18:38:00,7.45,14680,Spain
537062,84406B,CREAM CUPID HEARTS COAT HANGER,12,2026-02-02 09:04:00,2.03,14581,France
537063,85123A,WHITE HANGING HEART T-LIGHT HOLDER,9,2026-02-22 18:59:00,9.02,16714,France
537064,84406B,CREAM CUPID HEARTS COAT HANGER,34,2026-02-18 11:03:00,8.88,13350,Germany
537065,22633,HAND WARMER UNION JACK,14,2026-02-06 23:34:00,7.13,15948,France
537066,71053,WHITE METAL LANTERN,46,2026-02-25 00:40:00,9.22,16127,UK
537067,85123A,WHITE HANGING HEART T-LIGHT HOLDER,2,2026-02-09 07:17:00,2.81,15859,UK
537068,85123A,WHITE HANGING HEART T-LIGHT HOLDER,21,2026-02-19 03:22:00,8.6,17440,Germany
537069,84029G,KNITTED UNION FLAG HOT WATER BOTTLE,29,2026-02-08 21:28:00,3.79,15016,Germany
537070,84029G,KNITTED UNION FLAG HOT WATER BOTTLE,44,2026-02-15 00:34:00,8.52,15585,Italy
537071,71053,WHITE METAL LANTERN,33,2026-02-09 09:09:00,3.16,12636,Italy
537072,84029G,KNITTED UNION FLAG HOT WATER BOTTLE,2,2026-02-07 15:20:00,1.75,13184,Italy
537073,85123A,WHITE HANGING HEART T-LIGHT HOLDER,49,2026-02-22 16:04:00,1.44,17389,UK
537074,71053,WHITE METAL LANTERN,17,2026-02-25 03:23:00,3.8,14313,Germany
537075,85123A,WHITE HANGING HEART T-LIGHT HOLDER,22,2026-02-17 06:54:00,5.2,13548,Italy
537076,84406B,CREAM CUPID HEARTS COAT HANGER,46,2026-02-16 17:28:00,1.62,13714,Germany
537077,85123A,WHITE HANGING HEART T-LIGHT HOLDER,12,2026-02-15 06:51:00,3.64,14461,UK
537078,84029G,KNITTED UNION FLAG HOT WATER BOTTLE,14,2026-02-09 08:34:00,9.43,16788,Germany
537079,84406B,CREAM CUPID HEARTS COAT HANGER,43,2026-02-09 01:50:00,4.04,15713,Italy
537080,85123A,WHITE HANGING HEART T-LIGHT HOLDER,4,2026-02-17 13:34:00,3.67,12917,Germany
537081,85123A,WHITE HANGING HEART T-LIGHT HOLDER,11,2026-02-16 02:55:00,2.96,15641,Italy
537082,85123A,WHITE HANGING HEART T-LIGHT HOLDER,48,2026-02-11 12:42:00,3.94,17805,Germany
537083,84029G,KNITTED UNION FLAG HOT WATER BOTTLE,18,2026-02-15 03:26:00,6.81,15414,France
537084,84406B,CREAM CUPID HEARTS COAT HANGER,42,2026-02-08 04:38:00,7.79,15002,France
537085,71053,WHITE METAL LANTERN,40,2026-02-15 23:59:00,5.59,13132,UK
537086,71053,WHITE METAL LANTERN,15,2026-02-11 01:54:00,8.59,12069,UK
537087,84029G,KNITTED UNION FLAG HOT WATER BOTTLE,23,2026-02-23 10:33:00,4.39,14282,UK
537088,22633,HAND WARMER UNION JACK,21,2026-02-12 02:43:00,8.08,12960,Spain
537089,84406B,CREAM CUPID HEARTS COAT HANGER,20,2026-02-24 20:43:00,2.85,13627,UK
537090,84406B,CREAM CUPID HEARTS COAT HANGER,46,2026-02-14 02:52:00,4.32,15547,Germany
537091,84029G,KNITTED UNION FLAG HOT WATER BOTTLE,30,2026-02-02 11:53:00,3.58,12475,Italy
537092,22633,HAND WARMER UNION JACK,48,2026-02-25 13:03:00,6.62,16768,Spain
537093,84029G,KNITTED UNION FLAG HOT WATER BOTTLE,16,2026-02-06 10:58:00,8.07,16795,UK
537094,85123A,WHITE HANGING HEART T-LIGHT HOLDER,8,2026-02-09 08:37:00,5.6,17629,France
537095,84406B,CREAM CUPID HEARTS COAT HANGER,30,2026-02-24 23:23:00,8.51,14482,Spain
537096,71053,WHITE METAL LANTERN,26,2026-02-03 15:26:00,6.16,12896,France
537097,85123A,WHITE HANGING HEART T-LIGHT HOLDER,7,2026-02-17 22:14:00,8.25,12642,Germany
537098,85123A,WHITE HANGING HEART T-LIGHT HOLDER,50,2026-02-03 11:04:00,4.72,14432,Italy
537099,84406B,CREAM CUPID HEARTS COAT HANGER,25,2026-02-24 12:23:00,8.41,14610,Italy
537100,22633,HAND WARMER UNION JACK,31,2026-02-01 16:31:00,6.31,14957,France
537101,85123A,WHITE HANGING HEART T-LIGHT HOLDER,33,2026-02-06 15:25:00,4.86,17229,Germany
537102,85123A,WHITE HANGING HEART T-LIGHT HOLDER,44,2026-02-09 14:11:00,2.41,16840,Italy
537103,84029G,KNITTED UNION FLAG HOT WATER BOTTLE,15,2026-02-13 14:30:00,9.49,14826,France
537104,84406B,CREAM CUPID HEARTS COAT HANGER,29,2026-02-05 04:32:00,5.06,17935,Germany
537105,84029G,KNITTED UNION FLAG HOT WATER BOTTLE,44,2026-02-24 08:14:00,4.03,14620,France
537106,84029G,KNITTED UNION FLAG HOT WATER BOTTLE,15,2026-02-17 17:35:00,6.07,17704,Italy
537107,22633,HAND WARMER UNION JACK,8,2026-02-21 13:00:00,1.96,14586,France
537108,84029G,KNITTED UNION FLAG HOT WATER BOTTLE,48,2026-02-11 03:30:00,9.2,14118,Italy
537109,71053,WHITE METAL LANTERN,29,2026-02-08 08:54:00,6.48,13376,Italy
537110,84406B,CREAM CUPID HEARTS COAT HANGER,30,2026-02-17 19:27:00,2.78,17123,Spain
537111,84029G,KNITTED UNION FLAG HOT WATER BOTTLE,37,2026-02-10 16:24:00,8.16,12719,Italy
537112,84029G,KNITTED UNION FLAG HOT WATER BOTTLE,22,2026-02-05 10:49:00,6.95,17451,Italy
537113,84406B,CREAM CUPID HEARTS COAT HANGER,38,2026-02-21 14:22:00,1.83,14521,UK
537114,85123A,WHITE HANGING HEART T-LIGHT HOLDER,16,2026-02-14 19:07:00,2.08,17549,UK
537115,71053,WHITE METAL LANTERN,47,2026-02-16 02:59:00,9.58,16133,UK
537116,71053,WHITE METAL LANTERN,20,2026-02-08 05:26:00,7.73,14910,Italy
537117,84406B,CREAM CUPID HEARTS COAT HANGER,7,2026-02-19 16:01:00,2.69,17689,France
537118,85123A,WHITE HANGING HEART T-LIGHT HOLDER,18,2026-02-03 13:06:00,7.79,13913,Italy
537119,71053,WHITE METAL LANTERN,35,2026-02-07 01:44:00,1.16,13435,Germany
537120,85123A,WHITE HANGING HEART T-LIGHT HOLDER,11,2026-02-21 20:26:00,1.9,17921,Italy
537121,71053,WHITE METAL LANTERN,27,2026-02-14 03:20:00,7.47,14616,France
537122,22633,HAND WARMER UNION JACK,16,2026-02-06 19:21:00,1.13,12792,Germany
537123,84406B,CREAM CUPID HEARTS COAT HANGER,7,2026-02-08 05:32:00,8.89,14847,Spain
537124,22633,HAND WARMER UNION JACK,13,2026-02-07 21:31:00,3.29,14161,Italy
537125,84406B,CREAM CUPID HEARTS COAT HANGER,36,2026-02-12 08:06:00,3.83,13500,Italy
537126,22633,HAND WARMER UNION JACK,49,2026-02-07 08:23:00,8.49,16104,UK
537127,85123A,WHITE HANGING HEART T-LIGHT HOLDER,2,2026-02-07 13:45:00,1.49,15956,UK
537128,22633,HAND WARMER UNION JACK,11,2026-02-06 06:40:00,1.76,17714,Spain
537129,85123A,WHITE HANGING HEART T-LIGHT HOLDER,50,2026-02-01 22:10:00,5.99,12908,Italy
537130,71053,WHITE METAL LANTERN,17,2026-02-21 08:24:00,5.17,17578,Germany
537131,84029G,KNITTED UNION FLAG HOT WATER BOTTLE,31,2026-02-13 00:52:00,9.02,14206,Spain
537132,85123A,WHITE HANGING HEART T-LIGHT HOLDER,18,2026-02-02 08:33:00,2.8,17162,UK
537133,71053,WHITE METAL LANTERN,10,2026-02-17 21:32:00,1.35,17097,Germany
537134,84029G,KNITTED UNION FLAG HOT WATER BOTTLE,30,2026-02-03 03:06:00,3.7,14157,Spain
537135,71053,WHITE METAL LANTERN,24,2026-02-10 17:07:00,9.3,12034,Germany
537136,85123A,WHITE HANGING HEART T-LIGHT HOLDER,13,2026-02-18 03:14:00,2.28,15373,Italy
537137,84029G,KNITTED UNION FLAG HOT WATER BOTTLE,4,2026-02-04 14:35:00,9.77,16515,Germany
537138,84406B,CREAM CUPID HEARTS COAT HANGER,47,2026-02-14 22:25:00,5.95,16745,France
537139,85123A,WHITE HANGING HEART T-LIGHT HOLDER,20,2026-02-10 17:54:00,2.88,14369,Germany
537140,22633,HAND WARMER UNION JACK,2,2026-02-02 15:33:00,1.76,16588,UK
537141,71053,WHITE METAL LANTERN,20,2026-02-03 00:37:00,1.69,15356,UK
537142,71053,WHITE METAL LANTERN,32,2026-02-07 12:02:00,1.77,13212,Italy
537143,84406B,CREAM CUPID HEARTS COAT HANGER,29,2026-02-25 03:19:00,5.73,14409,Germany
537144,84029G,KNITTED UNION FLAG HOT WATER BOTTLE,19,2026-02-03 17:29:00,7.8,16270,UK
537145,85123A,WHITE HANGING HEART T-LIGHT HOLDER,26,2026-02-02 14:31:00,3.4,12541,Spain
537146,85123A,WHITE HANGING HEART T-LIGHT HOLDER,23,2026-02-01 14:52:00,8.39,14751,France
537147,71053,WHITE METAL LANTERN,27,2026-02-19 23:31:00,7.79,14686,Spain
537148,22633,HAND WARMER UNION JACK,6,2026-02-11 14:57:00,2.99,15951,Germany
537149,84406B,CREAM CUPID HEARTS COAT HANGER,16,2026-02-11 15:11:00,5.24,16755,UK
537150,85123A,WHITE HANGING HEART T-LIGHT HOLDER,43,2026-02-05 18:07:00,8.84,16539,Germany
537151,84406B,CREAM CUPID HEARTS COAT HANGER,47,2026-02-25 02:39:00,7.23,13944,Italy
537152,85123A,WHITE HANGING HEART T-LIGHT HOLDER,10,2026-02-24 20:42:00,8.44,17455,Germany
537153,22633,HAND WARMER UNION JACK,11,2026-02-08 17:37:00,2.71,12815,Germany
537154,22633,HAND WARMER UNION JACK,47,2026-02-19 09:02:00,3.45,13461,France
537155,84406B,CREAM CUPID HEARTS COAT HANGER,48,2026-02-04 13:02:00,9.2,17408,UK
537156,85123A,WHITE HANGING HEART T-LIGHT HOLDER,8,2026-02-14 14:09:00,2.61,16739,Spain
537157,71053,WHITE METAL LANTERN,34,2026-02-18 00:23:00,5.35,12820,Italy
537158,85123A,WHITE HANGING HEART T-LIGHT HOLDER,11,2026-02-06 01:38:00,5.45,14329,Germany
537159,84406B,CREAM CUPID HEARTS COAT HANGER,41,2026-02-23 11:06:00,1.12,15281,Italy
537160,84029G,KNITTED UNION FLAG HOT WATER BOTTLE,22,2026-02-14 02:24:00,6.78,15553,UK
537161,85123A,WHITE HANGING HEART T-LIGHT HOLDER,7,2026-02-07 07:15:00,2.21,17275,Spain
537162,22633,HAND WARMER UNION JACK,21,2026-02-15 04:42:00,9.24,13674,France
537163,84029G,KNITTED UNION FLAG HOT WATER BOTTLE,24,2026-02-21 10:43:00,1.86,15150,Germany
537164,22633,HAND WARMER UNION JACK,40,2026-02-23 06:16:00,4.38,17475,Italy
537165,85123A,WHITE HANGING HEART T-LIGHT HOLDER,8,2026-02-04 05:57:00,1.09,14200,UK
537166,22633,HAND WARMER UNION JACK,50,2026-02-22 20:39:00,8.54,17107,France
537167,85123A,WHITE HANGING HEART T-LIGHT HOLDER,20,2026-02-19 02:20:00,1.33,17823,Italy
537168,71053,WHITE METAL LANTERN,1,2026-02-16 06:07:00,6.94,17510,Germany
537169,71053,WHITE METAL LANTERN,35,2026-02-19 11:15:00,8.79,15891,France
537170,71053,WHITE METAL LANTERN,50,2026-02-16 02:29:00,5.15,12870,UK
537171,85123A,WHITE HANGING HEART T-LIGHT HOLDER,28,2026-02-14 09:34:00,4.93,13216,France
537172,71053,WHITE METAL LANTERN,32,2026-02-04 21:26:00,7.14,14233,Germany
537173,71053,WHITE METAL LANTERN,12,2026-02-03 04:21:00,4.45,15947,Germany
537174,85123A,WHITE HANGING HEART T-LIGHT HOLDER,19,2026-02-08 12:39:00,1.4,14786,Spain
537175,84029G,KNITTED UNION FLAG HOT WATER BOTTLE,42,2026-02-06 05:02:00,1.84,15294,France
537176,85123A,WHITE HANGING HEART T-LIGHT HOLDER,50,2026-02-15 13:42:00,6.02,14426,Spain
537177,85123A,WHITE HANGING HEART T-LIGHT HOLDER,3,2026-02-24 10:14:00,5.55,14215,Germany
537178,84406B,CREAM CUPID HEARTS COAT HANGER,15,2026-02-25 02:47:00,4.63,16991,Spain
537179,71053,WHITE METAL LANTERN,24,2026-02-12 04:06:00,4.32,14506,UK
537180,84029G,KNITTED UNION FLAG HOT WATER BOTTLE,49,2026-02-16 15:01:00,1.27,16470,Spain
537181,85123A,WHITE HANGING HEART T-LIGHT HOLDER,21,2026-02-03 06:26:00,9.81,16674,France
537182,84029G,KNITTED UNION FLAG HOT WATER BOTTLE,8,2026-02-14 00:32:00,4.47,14089,Germany
537183,22633,HAND WARMER UNION JACK,17,2026-02-13 16:04:00,2.41,13972,France
537184,85123A,WHITE HANGING HEART T-LIGHT HOLDER,1,2026-02-26 00:46:00,7.51,17832,Germany
537185,84406B,CREAM CUPID HEARTS COAT HANGER,26,2026-02-03 23:07:00,6.71,16817,Spain
537186,71053,WHITE METAL LANTERN,48,2026-02-19 16:02:00,1.62,17865,France
537187,85123A,WHITE HANGING HEART T-LIGHT HOLDER,21,2026-02-01 08:19:00,7.61,13390,UK
537188,84029G,KNITTED UNION FLAG HOT WATER BOTTLE,9,2026-02-02 11:34:00,6.55,13858,Italy
537189,84406B,CREAM CUPID HEARTS COAT HANGER,29,2026-02-01 18:41:00,2.52,16128,Spain
537190,84029G,KNITTED UNION FLAG HOT WATER BOTTLE,50,2026-02-02 14:27:00,2.54,13763,Italy
537191,84029G,KNITTED UNION FLAG HOT WATER BOTTLE,43,2026-02-08 17:36:00,4.19,15132,UK
537192,71053,WHITE METAL LANTERN,37,2026-02-09 03:35:00,7.61,13946,Spain
537193,71053,WHITE METAL LANTERN,41,2026-02-02 19:27:00,3.84,13537,UK
537194,85123A,WHITE HANGING HEART T-LIGHT HOLDER,11,2026-02-18 19:41:00,3.39,15348,Germany
537195,85123A,WHITE HANGING HEART T-LIGHT HOLDER,41,2026-02-08 08:20:00,8.37,13948,UK
537196,71053,WHITE METAL LANTERN,46,2026-02-09 18:37:00,1.02,12794,Germany
537197,85123A,WHITE HANGING HEART T-LIGHT HOLDER,26,2026-02-13 01:17:00,8.68,17566,UK
537198,22633,HAND WARMER UNION JACK,20,2026-02-10 01:08:00,2.5,17811,UK
537199,84406B,CREAM CUPID HEARTS COAT HANGER,29,2026-02-08 13:08:00,5.99,12169,Italy
537200,71053,WHITE METAL LANTERN,34,2026-02-16 15:19:00,7.66,12515,Spain
537201,84029G,KNITTED UNION FLAG HOT WATER BOTTLE,33,2026-02-11 13:01:00,8.31,12495,Spain
537202,71053,WHITE METAL LANTERN,7,2026-02-12 05:16:00,5.18,16888,Spain
537203,71053,WHITE METAL LANTERN,37,2026-02-06 15:27:00,7.68,15841,Spain
537204,84406B,CREAM CUPID HEARTS COAT HANGER,41,2026-02-07 11:29:00,7.51,16719,Spain
537205,85123A,WHITE HANGING HEART T-LIGHT HOLDER,9,2026-02-03 23:53:00,5.39,15000,Italy
537206,71053,WHITE METAL LANTERN,4,2026-02-10 01:17:00,9.75,17383,Spain
537207,85123A,WHITE HANGING HEART T-LIGHT HOLDER,41,2026-02-22 08:40:00,7.18,13713,UK
537208,85123A,WHITE HANGING HEART T-LIGHT HOLDER,35,2026-02-17 10:09:00,7.22,14265,Italy
537209,84406B,CREAM CUPID HEARTS COAT HANGER,28,2026-02-23 02:18:00,3.41,12074,Italy
537210,22633,HAND WARMER UNION JACK,3,2026-02-11 23:54:00,5.2,14012,France
537211,85123A,WHITE HANGING HEART T-LIGHT HOLDER,37,2026-02-18 11:40:00,5.79,12823,Germany
537212,85123A,WHITE HANGING HEART T-LIGHT HOLDER,6,2026-02-16 15:18:00,2.65,13532,UK
537213,84406B,CREAM CUPID HEARTS COAT HANGER,15,2026-02-14 00:43:00,5.51,16673,Germany
537214,71053,WHITE METAL LANTERN,29,2026-02-12 10:03:00,7.91,17418,France
537215,84029G,KNITTED UNION FLAG HOT WATER BOTTLE,43,2026-02-15 00:59:00,8.92,14092,France
537216,85123A,WHITE HANGING HEART T-LIGHT HOLDER,32,2026-02-10 12:08:00,1.27,13967,France
537217,85123A,WHITE HANGING HEART T-LIGHT HOLDER,14,2026-02-08 12:36:00,4.86,12256,Italy
537218,22633,HAND WARMER UNION JACK,21,2026-02-15 11:54:00,2.23,15764,Italy
537219,84406B,CREAM CUPID HEARTS COAT HANGER,28,2026-02-15 01:18:00,1.43,13639,Italy
537220,84029G,KNITTED UNION FLAG HOT WATER BOTTLE,8,2026-02-02 06:07:00,7.23,16166,Germany
537221,22633,HAND WARMER UNION JACK,25,2026-02-08 02:08:00,9.64,13782,UK
537222,22633,HAND WARMER UNION JACK,19,2026-02-17 01:49:00,8.56,17859,Spain
537223,71053,WHITE METAL LANTERN,29,2026-02-15 17:00:00,8.05,15392,Germany
537224,22633,HAND WARMER UNION JACK,16,2026-02-07 13:20:00,3.54,12237,Spain
537225,84406B,CREAM CUPID HEARTS COAT HANGER,3,2026-02-03 14:37:00,1.09,15741,UK
537226,71053,WHITE METAL LANTERN,25,2026-02-11 09:49:00,2.63,16658,Italy
537227,85123A,WHITE HANGING HEART T-LIGHT HOLDER,16,2026-02-23 02:44:00,6.31,13275,UK
537228,84029G,KNITTED UNION FLAG HOT WATER BOTTLE,4,2026-02-07 21:10:00,6.75,16583,Spain
537229,71053,WHITE METAL LANTERN,40,2026-02-19 23:36:00,2.12,15841,UK
537230,84029G,KNITTED UNION FLAG HOT WATER BOTTLE,45,2026-02-14 11:03:00,9.46,16096,France
537231,85123A,WHITE HANGING HEART T-LIGHT HOLDER,40,2026-02-24 00:53:00,4.63,16751,Germany
537232,85123A,WHITE HANGING HEART T-LIGHT HOLDER,32,2026-02-03 15:50:00,9.2,14112,France
537233,84029G,KNITTED UNION FLAG HOT WATER BOTTLE,6,2026-02-05 03:17:00,7.53,17698,UK
537234,84406B,CREAM CUPID HEARTS COAT HANGER,48,2026-02-01 14:19:00,2.09,17916,Germany
537235,71053,WHITE METAL LANTERN,25,2026-02-09 08:44:00,8.63,17761,France
537236,22633,HAND WARMER UNION JACK,47,2026-02-13 14:28:00,5.86,13229,France
537237,71053,WHITE METAL LANTERN,19,2026-02-25 19:52:00,6.68,14929,Germany
537238,85123A,WHITE HANGING HEART T-LIGHT HOLDER,23,2026-02-16 20:50:00,2.45,17642,Italy
537239,84406B,CREAM CUPID HEARTS COAT HANGER,46,2026-02-18 23:25:00,8.68,12035,Italy
537240,84029G,KNITTED UNION FLAG HOT WATER BOTTLE,7,2026-02-18 05:27:00,5.87,15045,Italy
537241,84029G,KNITTED UNION FLAG HOT WATER BOTTLE,10,2026-02-09 11:47:00,9.74,12086,Italy
537242,84029G,KNITTED UNION FLAG HOT WATER BOTTLE,9,2026-02-22 07:37:00,1.93,16344,Spain
537243,84406B,CREAM CUPID HEARTS COAT HANGER,29,2026-02-11 05:20:00,7.46,14912,Germany
537244,85123A,WHITE HANGING HEART T-LIGHT HOLDER,7,2026-02-20 06:48:00,2.59,14163,Spain
537245,71053,WHITE METAL LANTERN,17,2026-02-12 14:39:00,6.94,13182,Germany
537246,71053,WHITE METAL LANTERN,27,2026-02-09 01:50:00,4.4,17537,Germany
537247,85123A,WHITE HANGING HEART T-LIGHT HOLDER,33,2026-02-23 09:59:00,9.66,15584,Germany
537248,84029G,KNITTED UNION FLAG HOT WATER BOTTLE,29,2026-02-25 11:15:00,9.0,17171,Italy
537249,84406B,CREAM CUPID HEARTS COAT HANGER,18,2026-02-23 18:54:00,7.15,16152,UK
537250,84406B,CREAM CUPID HEARTS COAT HANGER,38,2026-02-17 17:34:00,2.94,14636,Spain
537251,22633,HAND WARMER UNION JACK,33,2026-02-04 20:01:00,3.17,16865,Italy
537252,22633,HAND WARMER UNION JACK,42,2026-02-03 17:32:00,6.99,17219,Germany
537253,84406B,CREAM CUPID HEARTS COAT HANGER,45,2026-02-22 02:12:00,4.72,17159,Germany
537254,71053,WHITE METAL LANTERN,14,2026-02-04 17:15:00,5.77,14666,France
537255,84406B,CREAM CUPID HEARTS COAT HANGER,25,2026-02-05 02:36:00,8.85,15860,France
537256,84406B,CREAM CUPID HEARTS COAT HANGER,32,2026-02-07 05:16:00,3.72,15117,Germany
537257,85123A,WHITE HANGING HEART T-LIGHT HOLDER,23,2026-02-11 03:57:00,6.05,15654,UK
537258,85123A,WHITE HANGING HEART T-LIGHT HOLDER,10,2026-02-23 16:43:00,7.34,14164,France
537259,85123A,WHITE HANGING HEART T-LIGHT HOLDER,45,2026-02-05 08:58:00,8.97,15660,Spain
537260,84406B,CREAM CUPID HEARTS COAT HANGER,33,2026-02-14 12:41:00,1.61,16648,UK
537261,71053,WHITE METAL LANTERN,26,2026-02-07 18:55:00,1.01,16253,UK
537262,22633,HAND WARMER UNION JACK,33,2026-02-14 00:55:00,3.95,14203,Italy
537263,84406B,CREAM CUPID HEARTS COAT HANGER,42,2026-02-24 09:07:00,5.5,12896,Spain
537264,22633,HAND WARMER UNION JACK,13,2026-02-19 04:49:00,3.59,14000,UK
537265,22633,HAND WARMER UNION JACK,24,2026-02-12 20:05:00,6.27,15655,Spain
537266,71053,WHITE METAL LANTERN,35,2026-02-06 15:38:00,4.29,14296,Spain
537267,84029G,KNITTED UNION FLAG HOT WATER BOTTLE,26,2026-02-20 17:13:00,6.98,13795,Italy
537268,84406B,CREAM CUPID HEARTS COAT HANGER,4,2026-02-18 22:42:00,5.35,15100,France
537269,85123A,WHITE HANGING HEART T-LIGHT HOLDER,19,2026-02-21 01:34:00,4.34,17434,UK
537270,22633,HAND WARMER UNION JACK,47,2026-02-23 01:08:00,2.54,14058,UK
537271,84029G,KNITTED UNION FLAG HOT WATER BOTTLE,24,2026-02-02 08:11:00,1.09,17853,UK
537272,22633,HAND WARMER UNION JACK,36,2026-02-23 02:45:00,8.88,13850,Germany
537273,84029G,KNITTED UNION FLAG HOT WATER BOTTLE,42,2026-02-24 21:53:00,2.31,16633,France
537274,71053,WHITE METAL LANTERN,43,2026-02-20 12:16:00,2.71,15397,France
537275,84406B,CREAM CUPID HEARTS COAT HANGER,14,2026-02-15 14:59:00,7.68,14005,Spain
537276,84406B,CREAM CUPID HEARTS COAT HANGER,20,2026-02-17 18:04:00,1.86,15635,Germany
537277,84406B,CREAM CUPID HEARTS COAT HANGER,11,2026-02-21 16:46:00,1.75,12387,Germany
537278,85123A,WHITE HANGING HEART T-LIGHT HOLDER,5,2026-02-16 13:08:00,4.97,12696,France
537279,71053,WHITE METAL LANTERN,37,2026-02-07 14:27:00,1.31,16765,France
537280,84029G,KNITTED UNION FLAG HOT WATER BOTTLE,3,2026-02-09 14:23:00,2.67,12473,Germany
537281,84406B,CREAM CUPID HEARTS COAT HANGER,47,2026-02-07 07:52:00,2.08,17284,UK
537282,85123A,WHITE HANGING HEART T-LIGHT HOLDER,26,2026-02-05 15:56:00,6.83,15959,UK
537283,84406B,CREAM CUPID HEARTS COAT HANGER,26,2026-02-04 16:21:00,4.76,16915,Italy
537284,84406B,CREAM CUPID HEARTS COAT HANGER,7,2026-02-03 03:23:00,3.85,15434,Spain
537285,84406B,CREAM CUPID HEARTS COAT HANGER,28,2026-02-09 09:39:00,2.09,17892,UK
537286,85123A,WHITE HANGING HEART T-LIGHT HOLDER,15,2026-02-15 18:36:00,1.83,17957,Germany
537287,71053,WHITE METAL LANTERN,44,2026-02-07 17:54:00,1.89,17042,Germany
537288,84406B,CREAM CUPID HEARTS COAT HANGER,25,2026-02-04 04:54:00,7.73,14577,Germany
537289,84029G,KNITTED UNION FLAG HOT WATER BOTTLE,17,2026-02-04 03:17:00,7.23,12153,UK
537290,71053,WHITE METAL LANTERN,3,2026-02-16 00:55:00,9.81,14700,France
537291,22633,HAND WARMER UNION JACK,31,2026-02-18 07:58:00,7.15,15841,UK
537292,71053,WHITE METAL LANTERN,18,2026-02-19 05:13:00,1.49,13280,UK
537293,71053,WHITE METAL LANTERN,42,2026-02-19 13:21:00,8.48,12243,Germany
537294,22633,HAND WARMER UNION JACK,5,2026-02-04 21:47:00,8.03,14299,Italy
537295,85123A,WHITE HANGING HEART T-LIGHT HOLDER,1,2026-02-11 21:35:00,2.25,13223,Italy
537296,85123A,WHITE HANGING HEART T-LIGHT HOLDER,36,2026-02-14 13:10:00,7.64,17177,Spain
537297,85123A,WHITE HANGING HEART T-LIGHT HOLDER,32,2026-02-18 14:59:00,1.74,15990,France
537298,22633,HAND WARMER UNION JACK,15,2026-02-22 11:28:00,6.83,14825,Italy
537299,84029G,KNITTED UNION FLAG HOT WATER BOTTLE,26,2026-02-18 14:29:00,1.69,15182,Italy
537300,84406B,CREAM CUPID HEARTS COAT HANGER,7,2026-02-16 16:28:00,1.16,16044,Spain
537301,85123A,WHITE HANGING HEART T-LIGHT HOLDER,26,2026-02-18 10:38:00,3.87,15701,Germany
537302,22633,HAND WARMER UNION JACK,10,2026-02-07 07:27:00,5.06,14738,Italy
537303,84029G,KNITTED UNION FLAG HOT WATER BOTTLE,17,2026-02-18 21:26:00,8.44,17471,UK
537304,71053,WHITE METAL LANTERN,50,2026-02-09 06:17:00,4.97,17980,Germany
537305,84406B,CREAM CUPID HEARTS COAT HANGER,45,2026-02-25 21:11:00,4.09,16932,Germany
537306,84029G,KNITTED UNION FLAG HOT WATER BOTTLE,26,2026-02-10 03:57:00,9.85,12573,France
537307,84029G,KNITTED UNION FLAG HOT WATER BOTTLE,37,2026-02-23 08:35:00,8.5,13103,UK
537308,85123A,WHITE HANGING HEART T-LIGHT HOLDER,4,2026-02-10 02:54:00,1.52,16828,Spain
537309,84406B,CREAM CUPID HEARTS COAT HANGER,39,2026-02-15 03:01:00,4.71,16095,France
537310,85123A,WHITE HANGING HEART T-LIGHT HOLDER,39,2026-02-10 10:38:00,2.03,12706,Germany
537311,84029G,KNITTED UNION FLAG HOT WATER BOTTLE,1,2026-02-04 03:52:00,2.76,15684,Spain
537312,85123A,WHITE HANGING HEART T-LIGHT HOLDER,39,2026-02-06 02:32:00,2.04,16915,UK
537313,71053,WHITE METAL LANTERN,35,2026-02-02 12:16:00,8.26,17955,Germany
537314,22633,HAND WARMER UNION JACK,36,2026-02-15 18:07:00,8.52,14478,France
537315,85123A,WHITE HANGING HEART T-LIGHT HOLDER,13,2026-02-19 10:22:00,6.62,16104,UK
537316,22633,HAND WARMER UNION JACK,40,2026-02-07 02:36:00,5.33,17843,Italy
537317,85123A,WHITE HANGING HEART T-LIGHT HOLDER,12,2026-02-07 17:50:00,2.93,17272,UK
537318,71053,WHITE METAL LANTERN,30,2026-02-06 07:14:00,1.33,17674,Italy
537319,84406B,CREAM CUPID HEARTS COAT HANGER,2,2026-02-04 01:30:00,1.12,13933,France
537320,22633,HAND WARMER UNION JACK,22,2026-02-02 01:30:00,6.05,15017,UK
537321,22633,HAND WARMER UNION JACK,33,2026-02-21 11:47:00,8.3,14670,Spain
537322,71053,WHITE METAL LANTERN,19,2026-02-01 13:35:00,2.38,16224,UK
537323,71053,WHITE METAL LANTERN,19,2026-02-15 06:02:00,7.51,14143,UK
537324,85123A,WHITE HANGING HEART T-LIGHT HOLDER,14,2026-02-01 11:38:00,4.36,12724,Italy
537325,22633,HAND WARMER UNION JACK,9,2026-02-11 10:04:00,6.25,17337,UK
537326,84029G,KNITTED UNION FLAG HOT WATER BOTTLE,41,2026-02-21 03:14:00,6.88,17805,UK
537327,84406B,CREAM CUPID HEARTS COAT HANGER,20,2026-02-14 13:17:00,6.8,15949,UK
537328,71053,WHITE METAL LANTERN,24,2026-02-07 05:21:00,8.02,15188,Germany
537329,22633,HAND WARMER UNION JACK,23,2026-02-05 12:59:00,5.15,13913,France
537330,84029G,KNITTED UNION FLAG HOT WATER BOTTLE,45,2026-02-03 05:35:00,1.88,15223,Spain
537331,85123A,WHITE HANGING HEART T-LIGHT HOLDER,27,2026-02-02 20:44:00,3.56,15643,Germany
537332,22633,HAND WARMER UNION JACK,16,2026-02-11 10:31:00,5.07,15078,Germany
537333,85123A,WHITE HANGING HEART T-LIGHT HOLDER,10,2026-02-20 02:38:00,9.3,14217,Italy
537334,71053,WHITE METAL LANTERN,39,2026-02-22 15:50:00,6.74,16334,Spain
537335,85123A,WHITE HANGING HEART T-LIGHT HOLDER,25,2026-02-22 06:12:00,7.18,15592,Italy
537336,84406B,CREAM CUPID HEARTS COAT HANGER,18,2026-02-01 08:33:00,3.77,16462,France
537337,84029G,KNITTED UNION FLAG HOT WATER BOTTLE,2,2026-02-07 23:12:00,7.87,13956,UK
537338,85123A,WHITE HANGING HEART T-LIGHT HOLDER,27,2026-02-16 08:00:00,6.28,15804,Italy
537339,71053,WHITE METAL LANTERN,41,2026-02-03 12:12:00,7.34,14223,France
537340,71053,WHITE METAL LANTERN,15,2026-02-04 17:25:00,6.68,16592,Germany
537341,84029G,KNITTED UNION FLAG HOT WATER BOTTLE,17,2026-02-24 16:52:00,1.71,17807,Germany
537342,71053,WHITE METAL LANTERN,6,2026-02-22 21:18:00,9.12,15815,Spain
537343,84029G,KNITTED UNION FLAG HOT WATER BOTTLE,25,2026-02-16 15:13:00,4.62,14714,Italy
537344,84406B,CREAM CUPID HEARTS COAT HANGER,37,2026-02-13 13:07:00,1.28,13563,UK
537345,84406B,CREAM CUPID HEARTS COAT HANGER,40,2026-02-04 08:16:00,6.71,16226,France
537346,84029G,KNITTED UNION FLAG HOT WATER BOTTLE,50,2026-02-03 12:24:00,9.17,13172,Germany
537347,22633,HAND WARMER UNION JACK,27,2026-02-19 23:43:00,3.28,12606,France
537348,84029G,KNITTED UNION FLAG HOT WATER BOTTLE,38,2026-02-21 14:41:00,1.99,17015,Italy
537349,71053,WHITE METAL LANTERN,23,2026-02-19 12:27:00,5.82,14041,Italy
537350,71053,WHITE METAL LANTERN,33,2026-02-19 15:10:00,3.25,15287,UK
537351,71053,WHITE METAL LANTERN,16,2026-02-13 19:56:00,1.0,12099,France
537352,71053,WHITE METAL LANTERN,50,2026-02-23 12:53:00,3.36,12260,Spain
537353,71053,WHITE METAL LANTERN,46,2026-02-07 06:51:00,7.76,12552,Spain
537354,84406B,CREAM CUPID HEARTS COAT HANGER,41,2026-02-07 08:07:00,5.68,16314,Spain
537355,84029G,KNITTED UNION FLAG HOT WATER BOTTLE,49,2026-02-10 11:41:00,8.73,13351,UK
537356,84406B,CREAM CUPID HEARTS COAT HANGER,30,2026-02-22 12:12:00,6.42,13066,UK
537357,84029G,KNITTED UNION FLAG HOT WATER BOTTLE,21,2026-02-24 11:04:00,6.41,13598,Spain
537358,84406B,CREAM CUPID HEARTS COAT HANGER,25,2026-02-06 23:42:00,7.28,17727,UK
537359,84406B,CREAM CUPID HEARTS COAT HANGER,33,2026-02-18 23:44:00,6.9,15004,UK
537360,71053,WHITE METAL LANTERN,10,2026-02-17 20:46:00,1.69,15463,UK
537361,84029G,KNITTED UNION FLAG HOT WATER BOTTLE,36,2026-02-15 01:11:00,3.33,14977,Germany
537362,84029G,KNITTED UNION FLAG HOT WATER BOTTLE,23,2026-02-20 19:05:00,9.4,13703,UK
537363,71053,WHITE METAL LANTERN,32,2026-02-23 10:36:00,8.43,15403,Germany
537364,22633,HAND WARMER UNION JACK,28,2026-02-11 05:08:00,4.72,14296,Germany
537365,22633,HAND WARMER UNION JACK,6,2026-02-02 13:32:00,5.83,17501,Spain
537366,84029G,KNITTED UNION FLAG HOT WATER BOTTLE,47,2026-02-15 22:41:00,5.83,14332,UK
537367,84406B,CREAM CUPID HEARTS COAT HANGER,12,2026-02-19 20:45:00,2.7,12954,Germany
537368,85123A,WHITE HANGING HEART T-LIGHT HOLDER,42,2026-02-19 15:20:00,8.09,17265,Germany
537369,84029G,KNITTED UNION FLAG HOT WATER BOTTLE,19,2026-02-23 19:44:00,1.98,13062,Italy
537370,84029G,KNITTED UNION FLAG HOT WATER BOTTLE,32,2026-02-08 10:48:00,6.6,16370,Italy
537371,84406B,CREAM CUPID HEARTS COAT HANGER,3,2026-02-06 20:26:00,8.64,12711,Spain
537372,22633,HAND WARMER UNION JACK,26,2026-02-17 10:14:00,5.7,16442,France
537373,84406B,CREAM CUPID HEARTS COAT HANGER,18,2026-02-22 20:36:00,8.31,16726,Spain
537374,22633,HAND WARMER UNION JACK,23,2026-02-15 22:47:00,3.81,15063,Italy
537375,85123A,WHITE HANGING HEART T-LIGHT HOLDER,15,2026-02-09 08:01:00,5.1,14319,France
537376,22633,HAND WARMER UNION JACK,28,2026-02-18 19:41:00,5.6,17901,Spain
537377,84029G,KNITTED UNION FLAG HOT WATER BOTTLE,46,2026-02-11 17:16:00,9.35,15829,UK
537378,84029G,KNITTED UNION FLAG HOT WATER BOTTLE,7,2026-02-19 06:55:00,9.28,12122,UK
537379,84406B,CREAM CUPID HEARTS COAT HANGER,43,2026-02-07 04:02:00,9.0,12610,Germany
537380,85123A,WHITE HANGING HEART T-LIGHT HOLDER,28,2026-02-22 03:26:00,1.87,13061,France
537381,71053,WHITE METAL LANTERN,36,2026-02-17 16:02:00,8.13,17830,Germany
537382,71053,WHITE METAL LANTERN,40,2026-02-06 19:57:00,6.43,16717,Spain
537383,84029G,KNITTED UNION FLAG HOT WATER BOTTLE,19,2026-02-16 16:19:00,8.22,16995,UK
537384,22633,HAND WARMER UNION JACK,41,2026-02-04 19:46:00,1.55,15282,France
537385,84406B,CREAM CUPID HEARTS COAT HANGER,9,2026-02-21 17:29:00,2.84,15030,Italy
537386,85123A,WHITE HANGING HEART T-LIGHT HOLDER,21,2026-02-13 11:47:00,6.28,17095,Germany
537387,71053,WHITE METAL LANTERN,19,2026-02-05 22:38:00,8.38,17076,Spain
537388,71053,WHITE METAL LANTERN,6,2026-02-07 18:03:00,6.07,14892,Germany
537389,22633,HAND WARMER UNION JACK,33,2026-02-25 11:02:00,5.03,13002,Italy
537390,84406B,CREAM CUPID HEARTS COAT HANGER,28,2026-02-25 18:16:00,10.0,12744,Spain
537391,84406B,CREAM CUPID HEARTS COAT HANGER,21,2026-02-06 12:24:00,4.1,12959,Germany
537392,71053,WHITE METAL LANTERN,12,2026-02-02 12:50:00,1.71,17206,Germany
537393,22633,HAND WARMER UNION JACK,16,2026-02-14 09:14:00,4.27,13982,Spain
537394,84029G,KNITTED UNION FLAG HOT WATER BOTTLE,7,2026-02-15 18:16:00,3.59,12686,Italy
537395,71053,WHITE METAL LANTERN,33,2026-02-04 06:51:00,9.5,12974,Germany
537396,84406B,CREAM CUPID HEARTS COAT HANGER,20,2026-02-16 06:35:00,7.16,12488,UK
537397,84029G,KNITTED UNION FLAG HOT WATER BOTTLE,36,2026-02-11 14:36:00,5.41,12923,Spain
537398,85123A,WHITE HANGING HEART T-LIGHT HOLDER,40,2026-02-05 19:38:00,2.4,14202,Spain
537399,22633,HAND WARMER UNION JACK,44,2026-02-03 10:50:00,6.73,17505,Italy
537400,85123A,WHITE HANGING HEART T-LIGHT HOLDER,9,2026-02-26 06:42:00,5.19,13823,Italy
537401,71053,WHITE METAL LANTERN,8,2026-02-04 11:09:00,2.72,13313,Germany
537402,71053,WHITE METAL LANTERN,28,2026-02-07 12:20:00,5.59,17845,Italy
537403,22633,HAND WARMER UNION JACK,36,2026-02-22 15:23:00,2.08,17465,Germany
537404,22633,HAND WARMER UNION JACK,6,2026-02-17 01:42:00,7.48,15607,France
537405,84029G,KNITTED UNION FLAG HOT WATER BOTTLE,23,2026-02-03 05:11:00,1.33,17961,France
537406,84029G,KNITTED UNION FLAG HOT WATER BOTTLE,50,2026-02-18 19:38:00,6.55,13120,Germany
537407,71053,WHITE METAL LANTERN,20,2026-02-23 17:38:00,4.63,15831,UK
537408,85123A,WHITE HANGING HEART T-LIGHT HOLDER,45,2026-02-19 06:01:00,6.95,15160,Spain
537409,84029G,KNITTED UNION FLAG HOT WATER BOTTLE,18,2026-02-15 08:36:00,5.86,12969,Germany
537410,22633,HAND WARMER UNION JACK,4,2026-02-02 08:18:00,6.6,16497,Germany
537411,71053,WHITE METAL LANTERN,24,2026-02-06 10:21:00,4.32,13283,Spain
537412,84406B,CREAM CUPID HEARTS COAT HANGER,41,2026-02-16 13:54:00,1.53,15605,UK
537413,84406B,CREAM CUPID HEARTS COAT HANGER,14,2026-02-03 05:39:00,6.32,12417,UK
537414,71053,WHITE METAL LANTERN,34,2026-02-03 23:57:00,1.33,13027,Germany
537415,22633,HAND WARMER UNION JACK,48,2026-02-22 23:39:00,5.62,17590,Germany
537416,71053,WHITE METAL LANTERN,44,2026-02-06 04:25:00,4.71,16284,Germany
537417,84406B,CREAM CUPID HEARTS COAT HANGER,46,2026-02-26 05:06:00,8.62,15340,UK
537418,22633,HAND WARMER UNION JACK,30,2026-02-19 06:24:00,5.16,16609,Italy
537419,85123A,WHITE HANGING HEART T-LIGHT HOLDER,47,2026-02-16 14:02:00,9.44,16292,Germany
537420,85123A,WHITE HANGING HEART T-LIGHT HOLDER,50,2026-02-02 12:53:00,2.76,12210,Germany
537421,22633,HAND WARMER UNION JACK,45,2026-02-25 16:20:00,1.51,15110,Italy
537422,84406B,CREAM CUPID HEARTS COAT HANGER,15,2026-02-23 14:54:00,9.71,15091,Italy
537423,71053,WHITE METAL LANTERN,30,2026-02-14 23:32:00,9.56,15852,Germany
537424,85123A,WHITE HANGING HEART T-LIGHT HOLDER,37,2026-02-01 11:44:00,4.89,12722,Germany
537425,22633,HAND WARMER UNION JACK,37,2026-02-07 08:47:00,9.54,14335,France
537426,22633,HAND WARMER UNION JACK,43,2026-02-20 09:04:00,5.12,15651,France
537427,85123A,WHITE HANGING HEART T-LIGHT HOLDER,2,2026-02-20 09:36:00,7.38,12159,UK
537428,85123A,WHITE HANGING HEART T-LIGHT HOLDER,45,2026-02-17 03:04:00,1.22,13772,Italy
537429,84029G,KNITTED UNION FLAG HOT WATER BOTTLE,39,2026-02-26 01:57:00,9.73,16398,Spain
537430,84406B,CREAM CUPID HEARTS COAT HANGER,21,2026-02-23 13:35:00,1.28,17018,UK
537431,85123A,WHITE HANGING HEART T-LIGHT HOLDER,2,2026-02-11 15:48:00,1.01,13373,Italy
537432,84029G,KNITTED UNION FLAG HOT WATER BOTTLE,1,2026-02-21 06:05:00,9.98,16223,France
537433,84029G,KNITTED UNION FLAG HOT WATER BOTTLE,4,2026-02-19 09:26:00,4.6,13851,Spain
537434,22633,HAND WARMER UNION JACK,47,2026-02-08 19:44:00,2.63,13245,Germany
537435,85123A,WHITE HANGING HEART T-LIGHT HOLDER,12,2026-02-12 14:24:00,2.28,17666,Spain
537436,22633,HAND WARMER UNION JACK,7,2026-02-09 16:55:00,4.7,14084,Germany
537437,85123A,WHITE HANGING HEART T-LIGHT HOLDER,41,2026-02-12 15:34:00,6.46,14976,Italy
537438,84406B,CREAM CUPID HEARTS COAT HANGER,30,2026-02-20 21:24:00,7.21,16285,Germany
537439,84029G,KNITTED UNION FLAG HOT WATER BOTTLE,5,2026-02-24 13:31:00,9.04,13969,UK
537440,71053,WHITE METAL LANTERN,16,2026-02-11 01:04:00,7.86,13659,Germany
537441,71053,WHITE METAL LANTERN,19,2026-02-06 18:39:00,9.17,14869,Italy
537442,84029G,KNITTED UNION FLAG HOT WATER BOTTLE,21,2026-02-14 22:13:00,2.61,17976,France
537443,85123A,WHITE HANGING HEART T-LIGHT HOLDER,50,2026-02-12 13:47:00,6.36,16606,Spain
537444,84029G,KNITTED UNION FLAG HOT WATER BOTTLE,38,2026-02-05 06:24:00,2.18,12816,Germany
537445,22633,HAND WARMER UNION JACK,36,2026-02-05 21:28:00,6.64,16625,France
537446,84029G,KNITTED UNION FLAG HOT WATER BOTTLE,28,2026-02-25 07:11:00,5.59,14061,Spain
537447,84406B,CREAM CUPID HEARTS COAT HANGER,5,2026-02-09 23:56:00,8.29,17647,France
537448,84406B,CREAM CUPID HEARTS COAT HANGER,5,2026-02-13 04:48:00,2.06,13279,France
537449,71053,WHITE METAL LANTERN,26,2026-02-12 23:10:00,3.05,14825,Italy
537450,22633,HAND WARMER UNION JACK,2,2026-02-06 15:43:00,9.63,16653,France
537451,22633,HAND WARMER UNION JACK,32,2026-02-16 21:01:00,4.38,16090,France
537452,85123A,WHITE HANGING HEART T-LIGHT HOLDER,28,2026-02-17 17:34:00,7.66,14457,UK
537453,85123A,WHITE HANGING HEART T-LIGHT HOLDER,39,2026-02-08 04:53:00,3.37,13248,Germany
537454,84406B,CREAM CUPID HEARTS COAT HANGER,50,2026-02-24 05:38:00,4.12,16034,Italy
537455,84029G,KNITTED UNION FLAG HOT WATER BOTTLE,9,2026-02-09 21:05:00,9.49,14091,Italy
537456,22633,HAND WARMER UNION JACK,42,2026-02-15 17:48:00,8.46,17159,Italy
537457,84029G,KNITTED UNION FLAG HOT WATER BOTTLE,1,2026-02-16 04:06:00,4.0,14341,Spain
537458,71053,WHITE METAL LANTERN,37,2026-02-09 03:56:00,8.52,14220,Italy
537459,84406B,CREAM CUPID HEARTS COAT HANGER,9,2026-02-10 10:39:00,6.4,16011,France
537460,85123A,WHITE HANGING HEART T-LIGHT HOLDER,38,2026-02-18 10:36:00,1.61,16924,Germany
537461,84029G,KNITTED UNION FLAG HOT WATER BOTTLE,36,2026-02-20 17:58:00,4.62,17092,Italy
537462,84406B,CREAM CUPID HEARTS COAT HANGER,38,2026-02-21 11:53:00,7.75,15323,France
537463,22633,HAND WARMER UNION JACK,18,2026-02-20 07:04:00,5.6,12487,Italy
537464,22633,HAND WARMER UNION JACK,34,2026-02-03 02:25:00,8.43,13734,France
537465,22633,HAND WARMER UNION JACK,3,2026-02-02 21:09:00,3.93,15393,UK
537466,85123A,WHITE HANGING HEART T-LIGHT HOLDER,13,2026-02-20 06:00:00,5.88,15411,France
537467,22633,HAND WARMER UNION JACK,44,2026-02-02 03:22:00,5.11,14109,France
537468,84406B,CREAM CUPID HEARTS COAT HANGER,47,2026-02-04 06:32:00,8.84,13270,UK
537469,84029G,KNITTED UNION FLAG HOT WATER BOTTLE,44,2026-02-16 03:25:00,8.2,17419,France
537470,84406B,CREAM CUPID HEARTS COAT HANGER,38,2026-02-06 05:40:00,3.71,13847,Germany
537471,85123A,WHITE HANGING HEART T-LIGHT HOLDER,9,2026-02-09 01:26:00,9.8,13178,France
537472,22633,HAND WARMER UNION JACK,21,2026-02-20 19:34:00,9.8,12443,France
537473,85123A,WHITE HANGING HEART T-LIGHT HOLDER,45,2026-02-20 06:28:00,4.66,14639,Italy
537474,71053,WHITE METAL LANTERN,29,2026-02-05 04:08:00,6.44,12910,France
537475,71053,WHITE METAL LANTERN,50,2026-02-11 19:48:00,1.71,17648,Spain
537476,22633,HAND WARMER UNION JACK,49,2026-02-15 02:49:00,6.89,13071,Spain
537477,71053,WHITE METAL LANTERN,40,2026-02-11 18:31:00,7.09,13361,UK
537478,84029G,KNITTED UNION FLAG HOT WATER BOTTLE,2,2026-02-10 07:08:00,8.68,12493,Italy
537479,22633,HAND WARMER UNION JACK,40,2026-02-18 06:15:00,3.11,17928,Germany
537480,71053,WHITE METAL LANTERN,38,2026-02-18 01:10:00,8.07,16812,Germany
537481,71053,WHITE METAL LANTERN,9,2026-02-16 02:59:00,4.61,17103,Spain
537482,85123A,WHITE HANGING HEART T-LIGHT HOLDER,31,2026-02-03 19:42:00,7.32,12260,UK
537483,84029G,KNITTED UNION FLAG HOT WATER BOTTLE,20,2026-02-26 04:15:00,6.24,15772,Germany
537484,84029G,KNITTED UNION FLAG HOT WATER BOTTLE,41,2026-02-08 06:28:00,9.19,15215,France
537485,84406B,CREAM CUPID HEARTS COAT HANGER,26,2026-02-02 19:58:00,1.57,17615,Italy
537486,84029G,KNITTED UNION FLAG HOT WATER BOTTLE,2,2026-02-03 16:08:00,5.66,12864,UK
537487,84029G,KNITTED UNION FLAG HOT WATER BOTTLE,49,2026-02-08 18:59:00,8.91,17249,France
537488,84029G,KNITTED UNION FLAG HOT WATER BOTTLE,3,2026-02-21 23:04:00,8.14,12070,Italy
537489,22633,HAND WARMER UNION JACK,35,2026-02-09 20:40:00,3.26,17611,UK
537490,71053,WHITE METAL LANTERN,14,2026-02-05 19:09:00,4.86,17222,UK
537491,71053,WHITE METAL LANTERN,20,2026-02-02 20:48:00,7.3,15289,Spain
537492,71053,WHITE METAL LANTERN,34,2026-02-15 22:22:00,8.56,16241,Italy
537493,85123A,WHITE HANGING HEART T-LIGHT HOLDER,40,2026-02-09 19:25:00,4.18,17154,Italy
537494,71053,WHITE METAL LANTERN,17,2026-02-24 17:20:00,8.34,13224,UK
537495,84029G,KNITTED UNION FLAG HOT WATER BOTTLE,40,2026-02-17 22:45:00,8.35,16465,Spain
537496,22633,HAND WARMER UNION JACK,9,2026-02-14 01:59:00,7.61,17941,Germany
537497,84029G,KNITTED UNION FLAG HOT WATER BOTTLE,10,2026-02-02 17:32:00,3.01,12561,Spain
537498,22633,HAND WARMER UNION JACK,28,2026-02-03 04:21:00,6.4,17850,France
537499,85123A,WHITE HANGING HEART T-LIGHT HOLDER,16,2026-02-09 06:35:00,2.29,14293,Spain
537500,71053,WHITE METAL LANTERN,25,2026-02-15 10:45:00,7.94,16642,France
537501,85123A,WHITE HANGING HEART T-LIGHT HOLDER,30,2026-02-24 05:16:00,3.96,16254,UK
537502,85123A,WHITE HANGING HEART T-LIGHT HOLDER,10,2026-02-10 16:35:00,3.86,17125,UK
537503,84029G,KNITTED UNION FLAG HOT WATER BOTTLE,44,2026-02-14 03:39:00,6.17,12994,UK
537504,22633,HAND WARMER UNION JACK,19,2026-02-16 11:42:00,6.47,14766,France
537505,84406B,CREAM CUPID HEARTS COAT HANGER,8,2026-02-06 04:10:00,5.3,12002,Spain
537506,84406B,CREAM CUPID HEARTS COAT HANGER,43,2026-02-22 21:28:00,4.8,16095,Spain
537507,84029G,KNITTED UNION FLAG HOT WATER BOTTLE,39,2026-02-15 14:15:00,4.98,15251,Italy
537508,84406B,CREAM CUPID HEARTS COAT HANGER,26,2026-02-24 17:47:00,1.78,16357,Italy
537509,85123A,WHITE HANGING HEART T-LIGHT HOLDER,38,2026-02-20 22:31:00,1.24,17335,UK
537510,71053,WHITE METAL LANTERN,31,2026-02-10 21:53:00,1.22,16742,France
537511,84406B,CREAM CUPID HEARTS COAT HANGER,19,2026-02-09 01:41:00,4.6,15214,Italy
537512,22633,HAND WARMER UNION JACK,32,2026-02-16 06:46:00,8.32,17726,Spain
537513,84029G,KNITTED UNION FLAG HOT WATER BOTTLE,20,2026-02-08 01:53:00,3.84,14847,Spain
537514,71053,WHITE METAL LANTERN,37,2026-02-17 07:55:00,8.2,15219,Spain
537515,85123A,WHITE HANGING HEART T-LIGHT HOLDER,13,2026-02-08 18:46:00,3.68,16872,France
537516,84029G,KNITTED UNION FLAG HOT WATER BOTTLE,12,2026-02-15 08:22:00,5.34,12535,France
537517,85123A,WHITE HANGING HEART T-LIGHT HOLDER,32,2026-02-03 05:18:00,8.14,16905,France
537518,22633,HAND WARMER UNION JACK,6,2026-02-21 12:40:00,9.03,13604,Spain
537519,84406B,CREAM CUPID HEARTS COAT HANGER,15,2026-02-20 06:11:00,8.45,14223,France
537520,85123A,WHITE HANGING HEART T-LIGHT HOLDER,12,2026-02-06 13:26:00,8.7,13322,France
537521,84029G,KNITTED UNION FLAG HOT WATER BOTTLE,49,2026-02-06 16:12:00,7.43,12033,Germany
537522,84406B,CREAM CUPID HEARTS COAT HANGER,30,2026-02-05 02:58:00,5.77,14024,Italy
537523,84406B,CREAM CUPID HEARTS COAT HANGER,22,2026-02-24 06:13:00,8.6,13877,Spain
537524,84029G,KNITTED UNION FLAG HOT WATER BOTTLE,21,2026-02-03 22:07:00,3.74,13984,Spain
537525,85123A,WHITE HANGING HEART T-LIGHT HOLDER,27,2026-02-12 17:05:00,2.86,12998,France
537526,84029G,KNITTED UNION FLAG HOT WATER BOTTLE,22,2026-02-11 23:24:00,4.26,15045,Germany
537527,84029G,KNITTED UNION FLAG HOT WATER BOTTLE,12,2026-02-15 03:20:00,5.61,12126,France
537528,84029G,KNITTED UNION FLAG HOT WATER BOTTLE,12,2026-02-08 16:52:00,9.52,13687,France
537529,84029G,KNITTED UNION FLAG HOT WATER BOTTLE,9,2026-02-17 09:07:00,3.26,14635,Italy
537530,71053,WHITE METAL LANTERN,10,2026-02-06 13:35:00,3.2,17011,Germany
537531,84029G,KNITTED UNION FLAG HOT WATER BOTTLE,5,2026-02-14 04:03:00,9.08,12554,UK
537532,71053,WHITE METAL LANTERN,36,2026-02-18 01:55:00,5.02,15464,France
537533,85123A,WHITE HANGING HEART T-LIGHT HOLDER,21,2026-02-11 01:23:00,7.62,14711,Italy
537534,22633,HAND WARMER UNION JACK,13,2026-02-11 21:41:00,1.27,16662,Spain
537535,71053,WHITE METAL LANTERN,32,2026-02-18 07:41:00,7.96,14958,UK
537536,85123A,WHITE HANGING HEART T-LIGHT HOLDER,38,2026-02-02 04:40:00,4.28,15753,Germany
537537,22633,HAND WARMER UNION JACK,40,2026-02-12 12:46:00,3.22,14447,Spain
537538,84029G,KNITTED UNION FLAG HOT WATER BOTTLE,36,2026-02-17 14:51:00,7.59,16062,Germany
537539,85123A,WHITE HANGING HEART T-LIGHT HOLDER,9,2026-02-18 08:34:00,5.93,17953,Spain
537540,71053,WHITE METAL LANTERN,37,2026-02-23 03:35:00,3.61,14888,UK
537541,71053,WHITE METAL LANTERN,34,2026-02-12 10:10:00,5.8,13613,Spain
537542,71053,WHITE METAL LANTERN,13,2026-02-21 06:56:00,1.03,13335,Germany
537543,84406B,CREAM CUPID HEARTS COAT HANGER,26,2026-02-25 08:37:00,9.73,12204,Spain
537544,22633,HAND WARMER UNION JACK,37,2026-02-11 10:55:00,1.75,13865,Germany
537545,84029G,KNITTED UNION FLAG HOT WATER BOTTLE,1,2026-02-09 09:18:00,1.7,13430,UK
537546,71053,WHITE METAL LANTERN,35,2026-02-06 14:58:00,2.93,14885,Spain
537547,84406B,CREAM CUPID HEARTS COAT HANGER,33,2026-02-03 01:31:00,7.47,12939,UK
537548,84406B,CREAM CUPID HEARTS COAT HANGER,41,2026-02-18 08:00:00,4.51,17463,Germany
537549,22633,HAND WARMER UNION JACK,31,2026-02-06 18:57:00,8.5,12706,Germany
537550,85123A,WHITE HANGING HEART T-LIGHT HOLDER,14,2026-02-15 08:42:00,8.52,15601,UK
537551,84029G,KNITTED UNION FLAG HOT WATER BOTTLE,50,2026-02-16 17:09:00,8.97,14153,Italy
537552,84406B,CREAM CUPID HEARTS COAT HANGER,18,2026-02-12 01:01:00,5.29,14808,UK
537553,71053,WHITE METAL LANTERN,47,2026-02-18 03:15:00,8.17,15369,Spain
537554,71053,WHITE METAL LANTERN,32,2026-02-13 11:44:00,3.86,15789,UK
537555,84406B,CREAM CUPID HEARTS COAT HANGER,16,2026-02-03 19:05:00,2.99,13678,Germany
537556,84406B,CREAM CUPID HEARTS COAT HANGER,39,2026-02-14 09:53:00,1.06,17259,Spain
537557,85123A,WHITE HANGING HEART T-LIGHT HOLDER,48,2026-02-02 13:27:00,5.52,16884,Italy
537558,84029G,KNITTED UNION FLAG HOT WATER BOTTLE,23,2026-02-11 05:05:00,1.35,14920,France
537559,71053,WHITE METAL LANTERN,33,2026-02-09 10:36:00,7.54,17087,Spain
537560,71053,WHITE METAL LANTERN,16,2026-02-16 18:27:00,2.04,16964,Spain
537561,84406B,CREAM CUPID HEARTS COAT HANGER,17,2026-02-04 04:18:00,4.64,16317,Germany
537562,22633,HAND WARMER UNION JACK,34,2026-02-23 15:58:00,9.58,12474,UK
537563,85123A,WHITE HANGING HEART T-LIGHT HOLDER,17,2026-02-08 23:55:00,6.32,17178,France
537564,71053,WHITE METAL LANTERN,2,2026-02-02 12:23:00,1.17,12453,UK
537565,22633,HAND WARMER UNION JACK,50,2026-02-19 22:42:00,9.13,17725,Spain
537566,22633,HAND WARMER UNION JACK,14,2026-02-03 07:25:00,1.91,13530,Germany
537567,84406B,CREAM CUPID HEARTS COAT HANGER,15,2026-02-03 23:11:00,1.45,14820,Italy
537568,22633,HAND WARMER UNION JACK,35,2026-02-20 14:02:00,6.04,14611,UK
537569,85123A,WHITE HANGING HEART T-LIGHT HOLDER,29,2026-02-19 03:13:00,4.76,13027,Germany
537570,84406B,CREAM CUPID HEARTS COAT HANGER,29,2026-02-10 07:24:00,9.38,12872,Italy
537571,22633,HAND WARMER UNION JACK,11,2026-02-15 16:08:00,6.12,16653,Germany
537572,84406B,CREAM CUPID HEARTS COAT HANGER,50,2026-02-25 01:21:00,3.37,14226,Germany
537573,85123A,WHITE HANGING HEART T-LIGHT HOLDER,32,2026-02-05 08:36:00,6.63,12116,Italy
537574,84029G,KNITTED UNION FLAG HOT WATER BOTTLE,40,2026-02-17 13:47:00,4.67,16284,Spain
537575,22633,HAND WARMER UNION JACK,4,2026-02-25 21:35:00,2.46,12405,France
537576,22633,HAND WARMER UNION JACK,26,2026-02-19 04:20:00,2.75,16505,Germany
537577,84406B,CREAM CUPID HEARTS COAT HANGER,5,2026-02-16 07:05:00,6.01,15216,UK
537578,71053,WHITE METAL LANTERN,19,2026-02-20 17:09:00,2.85,13634,France
537579,85123A,WHITE HANGING HEART T-LIGHT HOLDER,43,2026-02-11 22:33:00,4.67,16211,France
537580,71053,WHITE METAL LANTERN,5,2026-02-23 07:09:00,6.17,17329,UK
537581,84029G,KNITTED UNION FLAG HOT WATER BOTTLE,50,2026-02-09 16:41:00,2.54,13952,Spain
537582,84029G,KNITTED UNION FLAG HOT WATER BOTTLE,27,2026-02-18 14:15:00,5.86,17285,Italy
537583,85123A,WHITE HANGING HEART T-LIGHT HOLDER,45,2026-02-15 16:42:00,8.07,17271,Germany
537584,71053,WHITE METAL LANTERN,26,2026-02-16 20:10:00,5.88,14691,Italy
537585,85123A,WHITE HANGING HEART T-LIGHT HOLDER,22,2026-02-22 14:20:00,5.03,14251,UK
537586,84029G,KNITTED UNION FLAG HOT WATER BOTTLE,48,2026-02-15 09:13:00,3.14,13703,Italy
537587,84406B,CREAM CUPID HEARTS COAT HANGER,39,2026-02-22 16:37:00,1.45,13591,Germany
537588,71053,WHITE METAL LANTERN,14,2026-02-08 23:25:00,1.77,12810,Italy
537589,22633,HAND WARMER UNION JACK,5,2026-02-20 21:24:00,2.55,14588,Italy
537590,22633,HAND WARMER UNION JACK,7,2026-02-05 22:14:00,2.56,13630,UK
537591,22633,HAND WARMER UNION JACK,43,2026-02-19 05:47:00,9.53,17886,UK
537592,71053,WHITE METAL LANTERN,29,2026-02-03 13:01:00,5.67,15235,UK
537593,71053,WHITE METAL LANTERN,22,2026-02-15 17:25:00,9.71,14557,UK
537594,22633,HAND WARMER UNION JACK,31,2026-02-21 07:08:00,1.07,13899,Spain
537595,71053,WHITE METAL LANTERN,34,2026-02-16 01:47:00,8.13,15725,France
537596,84029G,KNITTED UNION FLAG HOT WATER BOTTLE,36,2026-02-07 22:26:00,1.19,16224,Spain
537597,22633,HAND WARMER UNION JACK,2,2026-02-23 14:37:00,4.45,16489,France
537598,84029G,KNITTED UNION FLAG HOT WATER BOTTLE,17,2026-02-03 02:39:00,5.56,15848,Germany
537599,84029G,KNITTED UNION FLAG HOT WATER BOTTLE,7,2026-02-18 11:06:00,8.7,13620,UK
537600,84406B,CREAM CUPID HEARTS COAT HANGER,24,2026-02-21 22:31:00,3.0,13308,France
537601,84406B,CREAM CUPID HEARTS COAT HANGER,13,2026-02-16 19:26:00,7.56,13374,France
537602,22633,HAND WARMER UNION JACK,23,2026-02-24 18:27:00,8.74,17202,Spain
537603,71053,WHITE METAL LANTERN,13,2026-02-04 15:00:00,1.08,13190,Italy
537604,84406B,CREAM CUPID HEARTS COAT HANGER,37,2026-02-16 19:20:00,8.28,12839,Italy
537605,22633,HAND WARMER UNION JACK,36,2026-02-02 08:23:00,7.95,12187,Italy
537606,84029G,KNITTED UNION FLAG HOT WATER BOTTLE,16,2026-02-03 02:37:00,1.9,17485,Italy
537607,85123A,WHITE HANGING HEART T-LIGHT HOLDER,2,2026-02-11 09:36:00,6.8,15373,Germany
537608,84406B,CREAM CUPID HEARTS COAT HANGER,6,2026-02-13 11:13:00,5.57,16205,UK
537609,84406B,CREAM CUPID HEARTS COAT HANGER,40,2026-02-11 05:35:00,6.25,15242,France
537610,84029G,KNITTED UNION FLAG HOT WATER BOTTLE,5,2026-02-15 07:50:00,8.94,13789,Italy
537611,71053,WHITE METAL LANTERN,10,2026-02-18 18:02:00,6.56,12825,France
537612,71053,WHITE METAL LANTERN,37,2026-02-07 02:43:00,7.86,14427,UK
537613,22633,HAND WARMER UNION JACK,44,2026-02-14 01:25:00,8.76,14126,UK
537614,22633,HAND WARMER UNION JACK,5,2026-02-16 12:22:00,9.04,15304,UK
537615,22633,HAND WARMER UNION JACK,10,2026-02-16 17:00:00,2.33,17051,Spain
537616,84406B,CREAM CUPID HEARTS COAT HANGER,34,2026-02-08 13:21:00,9.48,12992,France
537617,84406B,CREAM CUPID HEARTS COAT HANGER,35,2026-02-05 03:48:00,8.95,12363,France
537618,84406B,CREAM CUPID HEARTS COAT HANGER,43,2026-02-20 19:43:00,7.03,17435,Germany
537619,84029G,KNITTED UNION FLAG HOT WATER BOTTLE,26,2026-02-09 10:05:00,5.88,17865,France
537620,85123A,WHITE HANGING HEART T-LIGHT HOLDER,30,2026-02-07 11:42:00,5.42,13813,Spain
537621,84406B,CREAM CUPID HEARTS COAT HANGER,19,2026-02-23 00:33:00,9.7,13158,UK
537622,84406B,CREAM CUPID HEARTS COAT HANGER,21,2026-02-13 15:49:00,3.21,13601,Italy
537623,85123A,WHITE HANGING HEART T-LIGHT HOLDER,24,2026-02-06 03:26:00,5.72,15867,Germany
537624,85123A,WHITE HANGING HEART T-LIGHT HOLDER,2,2026-02-11 22:29:00,9.34,15859,France
537625,84029G,KNITTED UNION FLAG HOT WATER BOTTLE,27,2026-02-16 16:40:00,8.73,17533,Italy
537626,71053,WHITE METAL LANTERN,48,2026-02-01 18:10:00,1.24,16315,Spain
537627,84406B,CREAM CUPID HEARTS COAT HANGER,4,2026-02-09 11:49:00,8.82,12665,Italy
537628,84029G,KNITTED UNION FLAG HOT WATER BOTTLE,19,2026-02-10 05:49:00,1.47,12822,Germany
537629,22633,HAND WARMER UNION JACK,11,2026-02-08 05:12:00,5.98,12094,Germany
537630,84406B,CREAM CUPID HEARTS COAT HANGER,32,2026-02-09 20:05:00,1.84,12257,France
537631,84029G,KNITTED UNION FLAG HOT WATER BOTTLE,37,2026-02-12 18:36:00,1.83,14630,France
537632,22633,HAND WARMER UNION JACK,37,2026-02-14 05:49:00,4.42,13827,Spain
537633,71053,WHITE METAL LANTERN,16,2026-02-05 12:28:00,2.32,12908,France
537634,85123A,WHITE HANGING HEART T-LIGHT HOLDER,24,2026-02-24 22:15:00,7.0,12335,UK
537635,22633,HAND WARMER UNION JACK,9,2026-02-17 04:46:00,4.93,16818,Germany
537636,84029G,KNITTED UNION FLAG HOT WATER BOTTLE,50,2026-02-10 12:21:00,2.61,14041,Germany
537637,22633,HAND WARMER UNION JACK,22,2026-02-18 02:56:00,1.7,16164,France
537638,71053,WHITE METAL LANTERN,1,2026-02-22 16:40:00,1.45,13892,Germany
537639,71053,WHITE METAL LANTERN,41,2026-02-23 11:05:00,3.13,12980,France
537640,84406B,CREAM CUPID HEARTS COAT HANGER,9,2026-02-16 15:55:00,2.42,15103,France
537641,84406B,CREAM CUPID HEARTS COAT HANGER,10,2026-02-11 04:55:00,2.99,12726,Italy
537642,84029G,KNITTED UNION FLAG HOT WATER BOTTLE,38,2026-02-23 10:55:00,9.85,14843,Italy
537643,84029G,KNITTED UNION FLAG HOT WATER BOTTLE,4,2026-02-18 06:27:00,2.02,14784,Spain
537644,84406B,CREAM CUPID HEARTS COAT HANGER,36,2026-02-16 12:28:00,4.46,16070,France
537645,85123A,WHITE HANGING HEART T-LIGHT HOLDER,32,2026-02-03 10:21:00,1.16,12408,UK
537646,22633,HAND WARMER UNION JACK,41,2026-02-25 04:48:00,4.45,13505,Italy
537647,84406B,CREAM CUPID HEARTS COAT HANGER,26,2026-02-03 12:18:00,1.35,17330,Germany
537648,85123A,WHITE HANGING HEART T-LIGHT HOLDER,21,2026-02-22 13:46:00,2.44,14437,Spain
537649,84406B,CREAM CUPID HEARTS COAT HANGER,22,2026-02-13 14:23:00,2.69,16466,Germany
537650,84406B,CREAM CUPID HEARTS COAT HANGER,15,2026-02-14 22:28:00,4.02,12676,Germany
537651,84406B,CREAM CUPID HEARTS COAT HANGER,13,2026-02-01 11:04:00,2.92,14544,France
537652,84029G,KNITTED UNION FLAG HOT WATER BOTTLE,44,2026-02-09 10:00:00,9.94,12173,Italy
537653,84029G,KNITTED UNION FLAG HOT WATER BOTTLE,17,2026-02-18 17:41:00,6.74,17340,France
537654,22633,HAND WARMER UNION JACK,46,2026-02-10 12:52:00,5.18,13369,Germany
537655,85123A,WHITE HANGING HEART T-LIGHT HOLDER,32,2026-02-11 12:49:00,3.43,16794,Spain
537656,84406B,CREAM CUPID HEARTS COAT HANGER,29,2026-02-04 14:10:00,5.6,13201,France
537657,22633,HAND WARMER UNION JACK,4,2026-02-24 22:47:00,9.44,14701,Germany
537658,84406B,CREAM CUPID HEARTS COAT HANGER,40,2026-02-07 21:23:00,5.14,13209,UK
537659,84406B,CREAM CUPID HEARTS COAT HANGER,19,2026-02-22 23:27:00,9.95,15647,France
537660,22633,HAND WARMER UNION JACK,10,2026-02-01 12:41:00,8.11,13919,Spain
537661,84029G,KNITTED UNION FLAG HOT WATER BOTTLE,50,2026-02-24 06:23:00,5.45,13167,Italy
537662,22633,HAND WARMER UNION JACK,32,2026-02-11 17:15:00,9.07,17278,UK
537663,84029G,KNITTED UNION FLAG HOT WATER BOTTLE,10,2026-02-16 14:41:00,5.36,16060,Italy
537664,71053,WHITE METAL LANTERN,23,2026-02-12 08:32:00,6.04,17256,Spain
537665,22633,HAND WARMER UNION JACK,14,2026-02-13 20:11:00,8.85,16051,Italy
537666,84029G,KNITTED UNION FLAG HOT WATER BOTTLE,4,2026-02-25 10:36:00,1.85,16593,Spain
537667,84406B,CREAM CUPID HEARTS COAT HANGER,50,2026-02-08 14:43:00,2.21,12043,Italy
537668,71053,WHITE METAL LANTERN,41,2026-02-14 09:16:00,6.24,16151,Spain
537669,84406B,CREAM CUPID HEARTS COAT HANGER,8,2026-02-16 10:09:00,9.18,12733,Italy
537670,22633,HAND WARMER UNION JACK,13,2026-02-19 12:36:00,1.02,15603,Spain
537671,84406B,CREAM CUPID HEARTS COAT HANGER,31,2026-02-02 14:34:00,2.86,12500,Italy
537672,22633,HAND WARMER UNION JACK,20,2026-02-12 04:44:00,5.59,12475,UK
537673,84406B,CREAM CUPID HEARTS COAT HANGER,3,2026-02-05 23:01:00,2.79,14214,France
537674,22633,HAND WARMER UNION JACK,11,2026-02-15 21:51:00,8.71,14490,France
537675,22633,HAND WARMER UNION JACK,32,2026-02-16 15:32:00,8.2,12827,Italy
537676,71053,WHITE METAL LANTERN,13,2026-02-25 13:56:00,4.16,12792,France
537677,22633,HAND WARMER UNION JACK,43,2026-02-22 19:33:00,7.25,13355,Italy
537678,84029G,KNITTED UNION FLAG HOT WATER BOTTLE,11,2026-02-01 08:18:00,8.46,16775,France
537679,71053,WHITE METAL LANTERN,37,2026-02-23 08:41:00,6.17,13604,Spain
537680,85123A,WHITE HANGING HEART T-LIGHT HOLDER,23,2026-02-15 01:23:00,2.53,16939,France
537681,84406B,CREAM CUPID HEARTS COAT HANGER,10,2026-02-19 20:25:00,1.68,17897,UK
537682,84406B,CREAM CUPID HEARTS COAT HANGER,16,2026-02-12 14:06:00,7.8,16971,UK
537683,71053,WHITE METAL LANTERN,25,2026-02-04 01:01:00,1.85,14318,Germany
537684,84406B,CREAM CUPID HEARTS COAT HANGER,36,2026-02-17 05:22:00,9.47,14646,France
537685,84406B,CREAM CUPID HEARTS COAT HANGER,19,2026-02-07 05:12:00,2.35,15177,Germany
537686,84029G,KNITTED UNION FLAG HOT WATER BOTTLE,24,2026-02-17 18:15:00,8.81,14352,Spain
537687,22633,HAND WARMER UNION JACK,47,2026-02-25 01:22:00,9.37,17290,Spain
537688,84406B,CREAM CUPID HEARTS COAT HANGER,2,2026-02-04 18:20:00,3.16,17187,Italy
537689,85123A,WHITE HANGING HEART T-LIGHT HOLDER,15,2026-02-13 10:01:00,7.24,15148,Italy
537690,84406B,CREAM CUPID HEARTS COAT HANGER,19,2026-02-19 05:47:00,5.36,12217,France
537691,85123A,WHITE HANGING HEART T-LIGHT HOLDER,11,2026-02-19 17:31:00,4.35,15009,UK
537692,84406B,CREAM CUPID HEARTS COAT HANGER,15,2026-02-22 05:10:00,9.29,13047,Germany
537693,84406B,CREAM CUPID HEARTS COAT HANGER,10,2026-02-02 19:13:00,8.87,15597,Spain
537694,71053,WHITE METAL LANTERN,18,2026-02-16 07:57:00,8.21,12443,Germany
537695,71053,WHITE METAL LANTERN,17,2026-02-21 17:58:00,7.5,15265,Spain
537696,84029G,KNITTED UNION FLAG HOT WATER BOTTLE,5,2026-02-17 01:16:00,1.79,14692,France
537697,85123A,WHITE HANGING HEART T-LIGHT HOLDER,35,2026-02-12 20:52:00,7.73,17563,Italy
537698,84029G,KNITTED UNION FLAG HOT WATER BOTTLE,48,2026-02-10 06:14:00,8.59,16893,Germany
537699,71053,WHITE METAL LANTERN,42,2026-02-17 06:55:00,6.07,17016,Italy
537700,71053,WHITE METAL LANTERN,28,2026-02-06 20:44:00,9.3,12412,Italy
537701,84029G,KNITTED UNION FLAG HOT WATER BOTTLE,8,2026-02-21 16:41:00,4.7,17056,Germany
537702,85123A,WHITE HANGING HEART T-LIGHT HOLDER,36,2026-02-15 23:52:00,4.67,17757,Italy
537703,85123A,WHITE HANGING HEART T-LIGHT HOLDER,14,2026-02-26 02:16:00,5.75,13581,Spain
537704,84029G,KNITTED UNION FLAG HOT WATER BOTTLE,17,2026-02-12 02:11:00,7.84,15238,Spain
537705,85123A,WHITE HANGING HEART T-LIGHT HOLDER,48,2026-02-14 15:25:00,2.33,15793,UK
537706,85123A,WHITE HANGING HEART T-LIGHT HOLDER,47,2026-02-15 07:23:00,2.05,16424,France
537707,85123A,WHITE HANGING HEART T-LIGHT HOLDER,45,2026-02-11 11:43:00,8.32,16440,Germany
537708,22633,HAND WARMER UNION JACK,30,2026-02-21 13:59:00,3.2,16606,Spain
537709,84029G,KNITTED UNION FLAG HOT WATER BOTTLE,21,2026-02-18 05:23:00,5.13,16435,Spain
537710,71053,WHITE METAL LANTERN,14,2026-02-14 22:37:00,3.67,13552,Germany
537711,85123A,WHITE HANGING HEART T-LIGHT HOLDER,14,2026-02-03 04:52:00,8.39,17406,Spain
537712,84029G,KNITTED UNION FLAG HOT WATER BOTTLE,42,2026-02-21 12:41:00,6.92,12685,Germany
537713,84029G,KNITTED UNION FLAG HOT WATER BOTTLE,14,2026-02-22 04:59:00,5.71,16050,UK
537714,22633,HAND WARMER UNION JACK,4,2026-02-24 19:35:00,7.72,17326,UK
537715,84029G,KNITTED UNION FLAG HOT WATER BOTTLE,20,2026-02-15 01:03:00,9.2,15107,France
537716,84406B,CREAM CUPID HEARTS COAT HANGER,39,2026-02-25 14:48:00,6.35,15978,UK
537717,85123A,WHITE HANGING HEART T-LIGHT HOLDER,50,2026-02-13 03:45:00,4.69,16046,Germany
537718,84029G,KNITTED UNION FLAG HOT WATER BOTTLE,34,2026-02-07 03:16:00,2.64,16082,UK
537719,22633,HAND WARMER UNION JACK,37,2026-02-06 09:21:00,1.29,13801,Italy
537720,85123A,WHITE HANGING HEART T-LIGHT HOLDER,21,2026-02-17 23:11:00,2.75,17177,France
537721,71053,WHITE METAL LANTERN,50,2026-02-21 02:55:00,1.47,16356,France
537722,22633,HAND WARMER UNION JACK,46,2026-02-02 23:00:00,6.38,17555,Germany
537723,84029G,KNITTED UNION FLAG HOT WATER BOTTLE,37,2026-02-07 12:25:00,4.42,14982,Germany
537724,85123A,WHITE HANGING HEART T-LIGHT HOLDER,7,2026-02-11 09:08:00,2.48,16059,Italy
537725,71053,WHITE METAL LANTERN,20,2026-02-03 09:44:00,2.9,16226,Italy
537726,84029G,KNITTED UNION FLAG HOT WATER BOTTLE,33,2026-02-23 22:04:00,4.17,12061,Italy
537727,22633,HAND WARMER UNION JACK,38,2026-02-08 11:42:00,8.39,13853,Italy
537728,85123A,WHITE HANGING HEART T-LIGHT HOLDER,10,2026-02-14 16:39:00,2.53,15678,France
537729,71053,WHITE METAL LANTERN,2,2026-02-05 07:26:00,2.33,13278,Italy
537730,22633,HAND WARMER UNION JACK,36,2026-02-06 00:26:00,2.21,13549,Spain
537731,84406B,CREAM CUPID HEARTS COAT HANGER,31,2026-02-07 21:18:00,5.47,13203,Spain
537732,85123A,WHITE HANGING HEART T-LIGHT HOLDER,43,2026-02-08 20:01:00,9.71,13197,France
537733,71053,WHITE METAL LANTERN,24,2026-02-10 23:20:00,6.66,13075,UK
537734,71053,WHITE METAL LANTERN,48,2026-02-26 02:09:00,1.7,15012,UK
537735,22633,HAND WARMER UNION JACK,14,2026-02-04 13:54:00,1.89,12456,France
537736,85123A,WHITE HANGING HEART T-LIGHT HOLDER,10,2026-02-13 17:48:00,2.18,13548,Spain
537737,84029G,KNITTED UNION FLAG HOT WATER BOTTLE,29,2026-02-01 17:59:00,8.49,15156,UK
537738,71053,WHITE METAL LANTERN,1,2026-02-06 08:05:00,2.98,15427,Italy
537739,85123A,WHITE HANGING HEART T-LIGHT HOLDER,9,2026-02-20 15:19:00,5.47,15637,UK
537740,85123A,WHITE HANGING HEART T-LIGHT HOLDER,10,2026-02-16 02:02:00,2.5,16979,Spain
537741,84029G,KNITTED UNION FLAG HOT WATER BOTTLE,1,2026-02-20 08:24:00,1.89,14645,France
537742,71053,WHITE METAL LANTERN,19,2026-02-24 23:27:00,3.94,15207,Germany
537743,85123A,WHITE HANGING HEART T-LIGHT HOLDER,18,2026-02-07 01:02:00,5.85,17668,Spain
537744,22633,HAND WARMER UNION JACK,14,2026-02-22 15:15:00,8.39,14195,UK
537745,84406B,CREAM CUPID HEARTS COAT HANGER,33,2026-02-21 03:16:00,3.87,14523,UK
537746,71053,WHITE METAL LANTERN,10,2026-02-16 11:40:00,4.8,12211,UK
537747,22633,HAND WARMER UNION JACK,43,2026-02-15 23:19:00,5.82,16704,Germany
537748,85123A,WHITE HANGING HEART T-LIGHT HOLDER,47,2026-02-03 21:36:00,6.38,14234,UK
537749,85123A,WHITE HANGING HEART T-LIGHT HOLDER,37,2026-02-25 16:03:00,1.82,17110,Italy
537750,84406B,CREAM CUPID HEARTS COAT HANGER,16,2026-02-20 07:16:00,7.14,13475,France
537751,84029G,KNITTED UNION FLAG HOT WATER BOTTLE,28,2026-02-16 16:01:00,8.65,16597,Italy
537752,22633,HAND WARMER UNION JACK,31,2026-02-02 07:47:00,6.73,16768,France
537753,85123A,WHITE HANGING HEART T-LIGHT HOLDER,4,2026-02-14 23:08:00,6.42,16777,UK
537754,85123A,WHITE HANGING HEART T-LIGHT HOLDER,40,2026-02-18 23:33:00,2.05,14581,Italy
537755,84406B,CREAM CUPID HEARTS COAT HANGER,46,2026-02-12 18:41:00,9.53,16348,UK
537756,71053,WHITE METAL LANTERN,1,2026-02-05 08:28:00,5.32,17972,France
537757,85123A,WHITE HANGING HEART T-LIGHT HOLDER,25,2026-02-06 11:48:00,2.23,17632,Germany
537758,22633,HAND WARMER UNION JACK,18,2026-02-20 00:47:00,5.48,15998,Italy
537759,22633,HAND WARMER UNION JACK,49,2026-02-09 07:36:00,9.65,13226,UK
537760,84029G,KNITTED UNION FLAG HOT WATER BOTTLE,45,2026-02-25 08:09:00,7.68,13687,Spain
537761,84029G,KNITTED UNION FLAG HOT WATER BOTTLE,29,2026-02-18 00:27:00,1.62,16612,Germany
537762,22633,HAND WARMER UNION JACK,41,2026-02-01 21:58:00,1.02,15642,France
537763,84406B,CREAM CUPID HEARTS COAT HANGER,8,2026-02-25 08:18:00,6.94,15059,Italy
537764,85123A,WHITE HANGING HEART T-LIGHT HOLDER,24,2026-02-08 22:08:00,9.97,17416,Spain
537765,84029G,KNITTED UNION FLAG HOT WATER BOTTLE,12,2026-02-13 14:17:00,8.93,16361,UK
537766,22633,HAND WARMER UNION JACK,42,2026-02-04 19:56:00,6.5,14909,Spain
537767,84406B,CREAM CUPID HEARTS COAT HANGER,17,2026-02-05 03:07:00,6.1,17050,Spain
537768,22633,HAND WARMER UNION JACK,24,2026-02-16 18:19:00,2.12,13506,UK
537769,84406B,CREAM CUPID HEARTS COAT HANGER,3,2026-02-23 08:50:00,7.33,13773,Germany
537770,22633,HAND WARMER UNION JACK,39,2026-02-10 13:58:00,6.65,17322,UK
537771,22633,HAND WARMER UNION JACK,29,2026-02-22 07:28:00,9.68,17873,Italy
537772,84406B,CREAM CUPID HEARTS COAT HANGER,49,2026-02-25 07:52:00,8.54,14338,Italy
537773,84029G,KNITTED UNION FLAG HOT WATER BOTTLE,46,2026-02-15 17:05:00,2.2,17784,France
537774,22633,HAND WARMER UNION JACK,44,2026-02-20 04:49:00,2.61,14100,Spain
537775,85123A,WHITE HANGING HEART T-LIGHT HOLDER,31,2026-02-22 04:42:00,6.71,16664,Spain
537776,22633,HAND WARMER UNION JACK,30,2026-02-26 04:17:00,1.24,15335,Germany
537777,71053,WHITE METAL LANTERN,13,2026-02-13 12:41:00,2.39,13830,Italy
537778,84029G,KNITTED UNION FLAG HOT WATER BOTTLE,21,2026-02-14 12:30:00,3.86,13318,UK
537779,71053,WHITE METAL LANTERN,5,2026-02-04 12:13:00,4.43,14143,France
537780,84406B,CREAM CUPID HEARTS COAT HANGER,50,2026-02-03 21:23:00,9.74,14800,France
537781,84029G,KNITTED UNION FLAG HOT WATER BOTTLE,39,2026-02-18 18:30:00,7.66,17862,Italy
537782,84406B,CREAM CUPID HEARTS COAT HANGER,23,2026-02-09 08:55:00,3.55,13548,France
537783,85123A,WHITE HANGING HEART T-LIGHT HOLDER,37,2026-02-04 09:31:00,7.1,17010,Germany
537784,84406B,CREAM CUPID HEARTS COAT HANGER,13,2026-02-01 18:10:00,5.99,15037,France
537785,71053,WHITE METAL LANTERN,33,2026-02-15 18:32:00,4.25,17075,Italy
537786,84406B,CREAM CUPID HEARTS COAT HANGER,2,2026-02-09 22:15:00,1.85,12434,UK
537787,84029G,KNITTED UNION FLAG HOT WATER BOTTLE,29,2026-02-24 23:54:00,2.57,17052,Spain
537788,22633,HAND WARMER UNION JACK,7,2026-02-15 11:05:00,1.85,15409,Italy
537789,85123A,WHITE HANGING HEART T-LIGHT HOLDER,3,2026-02-11 06:42:00,7.47,14434,UK
537790,85123A,WHITE HANGING HEART T-LIGHT HOLDER,22,2026-02-16 17:35:00,5.9,13234,UK
537791,71053,WHITE METAL LANTERN,2,2026-02-16 07:23:00,6.45,17378,UK
537792,85123A,WHITE HANGING HEART T-LIGHT HOLDER,23,2026-02-05 23:36:00,5.23,16764,Italy
537793,22633,HAND WARMER UNION JACK,23,2026-02-05 06:32:00,8.93,12479,France
537794,84029G,KNITTED UNION FLAG HOT WATER BOTTLE,17,2026-02-23 04:09:00,7.03,16535,Italy
537795,84029G,KNITTED UNION FLAG HOT WATER BOTTLE,14,2026-02-24 07:41:00,3.02,12680,France
537796,85123A,WHITE HANGING HEART T-LIGHT HOLDER,9,2026-02-22 23:26:00,3.06,15826,Spain
537797,84029G,KNITTED UNION FLAG HOT WATER BOTTLE,33,2026-02-02 16:08:00,8.67,14445,UK
537798,84406B,CREAM CUPID HEARTS COAT HANGER,41,2026-02-21 11:17:00,1.44,12579,UK
537799,71053,WHITE METAL LANTERN,1,2026-02-12 09:36:00,6.44,14751,UK
537800,84406B,CREAM CUPID HEARTS COAT HANGER,37,2026-02-15 16:35:00,1.55,16574,Germany
537801,22633,HAND WARMER UNION JACK,46,2026-02-10 11:11:00,7.35,15747,Italy
537802,85123A,WHITE HANGING HEART T-LIGHT HOLDER,24,2026-02-25 10:26:00,8.06,13156,Germany
537803,85123A,WHITE HANGING HEART T-LIGHT HOLDER,5,2026-02-19 10:47:00,9.94,13256,France
537804,84406B,CREAM CUPID HEARTS COAT HANGER,40,2026-02-05 15:43:00,6.26,17632,Germany
537805,71053,WHITE METAL LANTERN,9,2026-02-02 19:38:00,9.52,12303,UK
537806,85123A,WHITE HANGING HEART T-LIGHT HOLDER,44,2026-02-03 10:21:00,8.46,14225,UK
537807,22633,HAND WARMER UNION JACK,27,2026-02-20 04:01:00,5.43,16847,Germany
537808,84406B,CREAM CUPID HEARTS COAT HANGER,9,2026-02-05 13:17:00,3.81,15590,Italy
537809,22633,HAND WARMER UNION JACK,32,2026-02-18 07:00:00,4.7,16021,Spain
537810,84029G,KNITTED UNION FLAG HOT WATER BOTTLE,1,2026-02-21 02:02:00,6.24,16228,UK
537811,84029G,KNITTED UNION FLAG HOT WATER BOTTLE,10,2026-02-10 11:27:00,2.49,14005,Spain
537812,84406B,CREAM CUPID HEARTS COAT HANGER,10,2026-02-10 22:09:00,1.37,14645,UK
537813,84406B,CREAM CUPID HEARTS COAT HANGER,24,2026-02-15 21:51:00,9.03,17584,France
537814,22633,HAND WARMER UNION JACK,26,2026-02-01 11:52:00,3.97,17198,Spain
537815,85123A,WHITE HANGING HEART T-LIGHT HOLDER,23,2026-02-09 14:12:00,3.07,15270,UK
537816,22633,HAND WARMER UNION JACK,37,2026-02-24 02:58:00,9.48,14745,Italy
537817,84029G,KNITTED UNION FLAG HOT WATER BOTTLE,21,2026-02-08 00:51:00,2.89,17840,Spain
537818,85123A,WHITE HANGING HEART T-LIGHT HOLDER,24,2026-02-26 00:39:00,5.15,14377,Italy
537819,84406B,CREAM CUPID HEARTS COAT HANGER,17,2026-02-04 14:35:00,5.02,15704,Spain
537820,85123A,WHITE HANGING HEART T-LIGHT HOLDER,24,2026-02-03 05:28:00,8.51,17888,Spain
537821,71053,WHITE METAL LANTERN,4,2026-02-07 12:50:00,4.45,14360,Germany
537822,85123A,WHITE HANGING HEART T-LIGHT HOLDER,49,2026-02-15 00:54:00,4.34,16162,Germany
537823,84029G,KNITTED UNION FLAG HOT WATER BOTTLE,27,2026-02-10 23:27:00,7.16,14084,Spain
537824,85123A,WHITE HANGING HEART T-LIGHT HOLDER,30,2026-02-18 10:33:00,1.76,16764,Germany
537825,22633,HAND WARMER UNION JACK,14,2026-02-10 20:00:00,6.14,14965,France
537826,71053,WHITE METAL LANTERN,22,2026-02-04 18:26:00,7.72,16764,Italy
537827,85123A,WHITE HANGING HEART T-LIGHT HOLDER,25,2026-02-13 19:55:00,3.6,14806,Italy
537828,85123A,WHITE HANGING HEART T-LIGHT HOLDER,6,2026-02-19 04:40:00,4.49,17139,Germany
537829,71053,WHITE METAL LANTERN,34,2026-02-22 11:07:00,3.13,14918,France
537830,71053,WHITE METAL LANTERN,2,2026-02-17 20:26:00,9.06,17132,UK
537831,84029G,KNITTED UNION FLAG HOT WATER BOTTLE,20,2026-02-22 16:02:00,2.78,15191,Italy
537832,22633,HAND WARMER UNION JACK,33,2026-02-08 06:52:00,1.11,13248,UK
537833,84406B,CREAM CUPID HEARTS COAT HANGER,29,2026-02-04 02:00:00,7.47,17347,Italy
537834,22633,HAND WARMER UNION JACK,41,2026-02-22 16:15:00,8.63,15793,France
537835,85123A,WHITE HANGING HEART T-LIGHT HOLDER,28,2026-02-15 22:09:00,5.23,13511,Italy
537836,84029G,KNITTED UNION FLAG HOT WATER BOTTLE,16,2026-02-12 03:48:00,8.16,14190,UK
537837,85123A,WHITE HANGING HEART T-LIGHT HOLDER,6,2026-02-18 22:40:00,7.58,12485,Germany
537838,84406B,CREAM CUPID HEARTS COAT HANGER,30,2026-02-04 22:42:00,1.93,15798,Italy
537839,85123A,WHITE HANGING HEART T-LIGHT HOLDER,41,2026-02-19 19:54:00,5.91,15165,UK
537840,22633,HAND WARMER UNION JACK,40,2026-02-21 05:04:00,2.11,14971,France
537841,71053,WHITE METAL LANTERN,32,2026-02-07 21:01:00,3.59,16530,Germany
537842,84406B,CREAM CUPID HEARTS COAT HANGER,23,2026-02-01 22:40:00,4.83,15468,Germany
537843,84029G,KNITTED UNION FLAG HOT WATER BOTTLE,47,2026-02-16 20:22:00,3.33,16440,France
537844,71053,WHITE METAL LANTERN,35,2026-02-15 07:13:00,8.87,14381,Germany
537845,71053,WHITE METAL LANTERN,9,2026-02-20 06:25:00,9.39,13783,Germany
537846,84029G,KNITTED UNION FLAG HOT WATER BOTTLE,41,2026-02-22 04:02:00,6.37,17349,UK
537847,22633,HAND WARMER UNION JACK,6,2026-02-17 09:38:00,4.42,17906,Italy
537848,85123A,WHITE HANGING HEART T-LIGHT HOLDER,23,2026-02-18 19:31:00,6.49,13066,Spain
537849,84406B,CREAM CUPID HEARTS COAT HANGER,36,2026-02-07 06:49:00,3.48,13445,France
537850,71053,WHITE METAL LANTERN,49,2026-02-25 21:40:00,9.92,14529,Germany
537851,85123A,WHITE HANGING HEART T-LIGHT HOLDER,17,2026-02-22 17:23:00,2.15,12593,France
537852,84029G,KNITTED UNION FLAG HOT WATER BOTTLE,7,2026-02-12 00:58:00,4.68,17088,France
537853,22633,HAND WARMER UNION JACK,35,2026-02-19 22:26:00,5.2,14099,UK
537854,22633,HAND WARMER UNION JACK,31,2026-02-10 17:52:00,9.26,12710,Italy
537855,84406B,CREAM CUPID HEARTS COAT HANGER,12,2026-02-04 12:55:00,8.14,12124,Italy
537856,22633,HAND WARMER UNION JACK,37,2026-02-01 09:59:00,5.71,12335,Italy
537857,85123A,WHITE HANGING HEART T-LIGHT HOLDER,4,2026-02-09 22:36:00,5.51,16560,Germany
537858,71053,WHITE METAL LANTERN,48,2026-02-14 17:20:00,1.7,16746,France
537859,84406B,CREAM CUPID HEARTS COAT HANGER,39,2026-02-15 10:53:00,7.9,17430,Germany
537860,71053,WHITE METAL LANTERN,4,2026-02-19 01:21:00,8.9,17262,Spain
537861,22633,HAND WARMER UNION JACK,28,2026-02-21 21:31:00,4.64,13793,UK
537862,84406B,CREAM CUPID HEARTS COAT HANGER,36,2026-02-19 20:24:00,9.07,15317,Italy
537863,22633,HAND WARMER UNION JACK,3,2026-02-09 05:24:00,5.92,16886,Germany
537864,85123A,WHITE HANGING HEART T-LIGHT HOLDER,8,2026-02-06 09:01:00,7.19,16413,Germany
537865,85123A,WHITE HANGING HEART T-LIGHT HOLDER,50,2026-02-03 16:04:00,8.92,13080,France
537866,22633,HAND WARMER UNION JACK,11,2026-02-05 16:01:00,4.25,13095,Spain
537867,71053,WHITE METAL LANTERN,41,2026-02-24 14:18:00,5.4,13404,Italy
537868,84029G,KNITTED UNION FLAG HOT WATER BOTTLE,30,2026-02-03 10:05:00,8.14,13520,UK
537869,84406B,CREAM CUPID HEARTS COAT HANGER,24,2026-02-18 23:13:00,8.27,13606,France
537870,84029G,KNITTED UNION FLAG HOT WATER BOTTLE,6,2026-02-13 10:39:00,5.15,12137,UK
537871,84029G,KNITTED UNION FLAG HOT WATER BOTTLE,34,2026-02-18 02:48:00,5.31,12542,Germany
537872,84406B,CREAM CUPID HEARTS COAT HANGER,33,2026-02-02 12:19:00,8.33,16643,Spain
537873,84029G,KNITTED UNION FLAG HOT WATER BOTTLE,21,2026-02-23 06:22:00,4.83,12504,Germany
537874,85123A,WHITE HANGING HEART T-LIGHT HOLDER,35,2026-02-05 10:47:00,2.48,15937,UK
537875,84406B,CREAM CUPID HEARTS COAT HANGER,10,2026-02-01 19:24:00,1.86,12276,UK
537876,84029G,KNITTED UNION FLAG HOT WATER BOTTLE,8,2026-02-16 18:25:00,4.99,15599,France
537877,71053,WHITE METAL LANTERN,26,2026-02-03 14:02:00,2.58,17728,UK
537878,22633,HAND WARMER UNION JACK,19,2026-02-15 14:28:00,9.74,17676,UK
537879,71053,WHITE METAL LANTERN,37,2026-02-14 07:52:00,9.85,12957,UK
537880,22633,HAND WARMER UNION JACK,19,2026-02-13 18:19:00,4.85,12917,France
537881,22633,HAND WARMER UNION JACK,11,2026-02-24 18:05:00,7.61,14917,France
537882,85123A,WHITE HANGING HEART T-LIGHT HOLDER,1,2026-02-02 17:07:00,6.02,15773,Germany
537883,85123A,WHITE HANGING HEART T-LIGHT HOLDER,2,2026-02-16 18:54:00,9.58,14215,Italy
537884,84029G,KNITTED UNION FLAG HOT WATER BOTTLE,31,2026-02-16 00:05:00,8.29,13055,France
537885,84029G,KNITTED UNION FLAG HOT WATER BOTTLE,40,2026-02-20 12:15:00,3.0,16498,Italy
537886,71053,WHITE METAL LANTERN,33,2026-02-15 17:01:00,3.95,14361,Italy
537887,84406B,CREAM CUPID HEARTS COAT HANGER,20,2026-02-12 08:38:00,9.28,13651,UK
537888,85123A,WHITE HANGING HEART T-LIGHT HOLDER,12,2026-02-03 06:52:00,4.27,12020,Spain
537889,84406B,CREAM CUPID HEARTS COAT HANGER,14,2026-02-04 01:30:00,9.94,14503,France
537890,84406B,CREAM CUPID HEARTS COAT HANGER,38,2026-02-05 10:42:00,8.64,15164,Germany
537891,22633,HAND WARMER UNION JACK,3,2026-02-07 04:32:00,4.55,17835,Italy
537892,84029G,KNITTED UNION FLAG HOT WATER BOTTLE,44,2026-02-16 05:08:00,9.24,15334,Italy
537893,85123A,WHITE HANGING HEART T-LIGHT HOLDER,16,2026-02-10 10:37:00,3.79,12554,Spain
537894,71053,WHITE METAL LANTERN,6,2026-02-13 03:47:00,2.61,15142,Italy
537895,71053,WHITE METAL LANTERN,50,2026-02-15 19:01:00,8.71,13497,Italy
537896,22633,HAND WARMER UNION JACK,48,2026-02-21 04:00:00,2.28,17460,Spain
537897,71053,WHITE METAL LANTERN,49,2026-02-08 21:29:00,9.23,17776,UK
537898,84406B,CREAM CUPID HEARTS COAT HANGER,34,2026-02-14 08:56:00,8.38,14192,Germany
537899,84029G,KNITTED UNION FLAG HOT WATER BOTTLE,43,2026-02-01 23:27:00,7.25,17126,France
537900,84029G,KNITTED UNION FLAG HOT WATER BOTTLE,38,2026-02-20 02:40:00,2.17,17164,UK
537901,84029G,KNITTED UNION FLAG HOT WATER BOTTLE,35,2026-02-02 11:36:00,4.82,14443,UK
537902,85123A,WHITE HANGING HEART T-LIGHT HOLDER,13,2026-02-13 09:41:00,7.7,16180,Italy
537903,71053,WHITE METAL LANTERN,28,2026-02-15 21:23:00,7.67,12792,Germany
537904,84406B,CREAM CUPID HEARTS COAT HANGER,37,2026-02-21 01:24:00,7.51,15268,France
537905,84406B,CREAM CUPID HEARTS COAT HANGER,41,2026-02-21 20:15:00,1.93,15703,Germany
537906,85123A,WHITE HANGING HEART T-LIGHT HOLDER,24,2026-02-03 13:26:00,7.9,13338,Italy
537907,22633,HAND WARMER UNION JACK,49,2026-02-22 11:23:00,2.41,17502,France
537908,84029G,KNITTED UNION FLAG HOT WATER BOTTLE,28,2026-02-10 23:09:00,9.71,17593,Italy
537909,84029G,KNITTED UNION FLAG HOT WATER BOTTLE,28,2026-02-11 15:22:00,5.97,12626,Spain
537910,84029G,KNITTED UNION FLAG HOT WATER BOTTLE,45,2026-02-08 03:24:00,9.1,14460,Germany
537911,85123A,WHITE HANGING HEART T-LIGHT HOLDER,30,2026-02-10 21:05:00,1.83,15009,UK
537912,84029G,KNITTED UNION FLAG HOT WATER BOTTLE,10,2026-02-21 14:03:00,8.67,12220,Germany
537913,84406B,CREAM CUPID HEARTS COAT HANGER,18,2026-02-24 12:23:00,4.72,13865,Germany
537914,22633,HAND WARMER UNION JACK,20,2026-02-23 05:26:00,2.45,15606,Italy
537915,71053,WHITE METAL LANTERN,39,2026-02-08 15:13:00,9.27,17159,France
537916,85123A,WHITE HANGING HEART T-LIGHT HOLDER,48,2026-02-02 04:10:00,2.5,16264,France
537917,22633,HAND WARMER UNION JACK,7,2026-02-22 18:11:00,9.05,17912,Spain
537918,71053,WHITE METAL LANTERN,20,2026-02-10 10:32:00,6.04,13320,Italy
537919,71053,WHITE METAL LANTERN,44,2026-02-11 19:10:00,9.07,15600,Spain
537920,84029G,KNITTED UNION FLAG HOT WATER BOTTLE,24,2026-02-11 19:32:00,1.13,15889,Italy
537921,71053,WHITE METAL LANTERN,4,2026-02-22 14:35:00,2.25,17587,France
537922,84029G,KNITTED UNION FLAG HOT WATER BOTTLE,41,2026-02-22 12:35:00,2.05,17089,Italy
537923,71053,WHITE METAL LANTERN,49,2026-02-15 22:54:00,7.55,13080,Italy
537924,71053,WHITE METAL LANTERN,44,2026-02-21 06:59:00,1.55,12041,Italy
537925,22633,HAND WARMER UNION JACK,14,2026-02-10 03:24:00,3.27,12023,France
537926,84029G,KNITTED UNION FLAG HOT WATER BOTTLE,49,2026-02-10 20:59:00,4.97,17512,France
537927,85123A,WHITE HANGING HEART T-LIGHT HOLDER,16,2026-02-12 19:38:00,9.13,14391,Germany
537928,85123A,WHITE HANGING HEART T-LIGHT HOLDER,24,2026-02-17 23:12:00,5.9,15444,UK
537929,22633,HAND WARMER UNION JACK,12,2026-02-21 02:02:00,7.21,14431,Germany
537930,22633,HAND WARMER UNION JACK,2,2026-02-25 19:50:00,8.13,14848,Germany
537931,84406B,CREAM CUPID HEARTS COAT HANGER,32,2026-02-01 18:26:00,7.16,16132,France
537932,85123A,WHITE HANGING HEART T-LIGHT HOLDER,12,2026-02-10 07:11:00,1.51,15080,Germany
537933,22633,HAND WARMER UNION JACK,6,2026-02-20 01:32:00,6.01,17692,Italy
537934,84029G,KNITTED UNION FLAG HOT WATER BOTTLE,50,2026-02-16 14:23:00,6.03,17146,France
537935,84406B,CREAM CUPID HEARTS COAT HANGER,33,2026-02-07 05:52:00,4.78,16961,France
537936,22633,HAND WARMER UNION JACK,7,2026-02-17 01:11:00,3.71,13116,France
537937,71053,WHITE METAL LANTERN,22,2026-02-10 14:23:00,2.2,14166,France
537938,84406B,CREAM CUPID HEARTS COAT HANGER,42,2026-02-24 11:52:00,4.62,16243,Germany
537939,84406B,CREAM CUPID HEARTS COAT HANGER,16,2026-02-16 01:49:00,7.33,16392,UK
537940,85123A,WHITE HANGING HEART T-LIGHT HOLDER,46,2026-02-17 18:34:00,1.5,13933,UK
537941,22633,HAND WARMER UNION JACK,11,2026-02-06 16:32:00,7.08,16704,France
537942,84029G,KNITTED UNION FLAG HOT WATER BOTTLE,37,2026-02-03 21:55:00,4.38,13579,Spain
537943,84406B,CREAM CUPID HEARTS COAT HANGER,46,2026-02-08 20:09:00,2.37,13510,Italy
537944,85123A,WHITE HANGING HEART T-LIGHT HOLDER,35,2026-02-12 09:09:00,2.59,13591,Spain
537945,71053,WHITE METAL LANTERN,42,2026-02-25 23:08:00,5.32,17327,Italy
537946,84406B,CREAM CUPID HEARTS COAT HANGER,36,2026-02-06 09:01:00,6.36,15672,Italy
537947,71053,WHITE METAL LANTERN,40,2026-02-13 14:33:00,3.69,17264,Germany
537948,85123A,WHITE HANGING HEART T-LIGHT HOLDER,18,2026-02-23 16:19:00,8.11,17198,Spain
537949,85123A,WHITE HANGING HEART T-LIGHT HOLDER,28,2026-02-23 16:03:00,2.08,16326,Germany
537950,71053,WHITE METAL LANTERN,13,2026-02-15 22:15:00,1.54,13698,France
537951,71053,WHITE METAL LANTERN,36,2026-02-13 00:19:00,2.17,12085,Germany
537952,84029G,KNITTED UNION FLAG HOT WATER BOTTLE,13,2026-02-11 22:44:00,8.47,16224,UK
537953,85123A,WHITE HANGING HEART T-LIGHT HOLDER,42,2026-02-18 22:06:00,5.6,16702,Spain
537954,71053,WHITE METAL LANTERN,23,2026-02-20 18:38:00,1.73,12771,UK
537955,71053,WHITE METAL LANTERN,1,2026-02-12 00:59:00,7.78,13732,UK
537956,85123A,WHITE HANGING HEART T-LIGHT HOLDER,27,2026-02-21 17:30:00,5.24,15558,Germany
537957,71053,WHITE METAL LANTERN,31,2026-02-08 09:46:00,5.48,14515,Germany
537958,85123A,WHITE HANGING HEART T-LIGHT HOLDER,9,2026-02-24 12:30:00,6.04,16688,Italy
537959,84406B,CREAM CUPID HEARTS COAT HANGER,45,2026-02-07 07:05:00,8.43,16831,Spain
537960,84029G,KNITTED UNION FLAG HOT WATER BOTTLE,29,2026-02-14 10:31:00,5.53,14600,Spain
537961,71053,WHITE METAL LANTERN,28,2026-02-06 07:54:00,8.24,13353,Spain
537962,71053,WHITE METAL LANTERN,19,2026-02-20 17:18:00,2.85,16208,Spain
537963,84029G,KNITTED UNION FLAG HOT WATER BOTTLE,3,2026-02-10 00:50:00,2.67,14464,France
537964,84029G,KNITTED UNION FLAG HOT WATER BOTTLE,30,2026-02-14 22:39:00,5.52,13992,Germany
537965,84029G,KNITTED UNION FLAG HOT WATER BOTTLE,19,2026-02-04 14:45:00,7.65,17975,France
537966,84406B,CREAM CUPID HEARTS COAT HANGER,10,2026-02-23 21:45:00,3.04,12770,France
537967,84029G,KNITTED UNION FLAG HOT WATER BOTTLE,3,2026-02-03 05:26:00,8.81,17918,Germany
537968,84406B,CREAM CUPID HEARTS COAT HANGER,33,2026-02-10 20:30:00,1.33,17321,Italy
537969,84029G,KNITTED UNION FLAG HOT WATER BOTTLE,50,2026-02-09 05:08:00,2.56,13537,France
537970,85123A,WHITE HANGING HEART T-LIGHT HOLDER,13,2026-02-01 21:33:00,6.19,12813,France
537971,71053,WHITE METAL LANTERN,20,2026-02-02 13:44:00,2.29,15502,Spain
537972,85123A,WHITE HANGING HEART T-LIGHT HOLDER,18,2026-02-23 16:26:00,6.4,12647,UK
537973,84406B,CREAM CUPID HEARTS COAT HANGER,45,2026-02-10 20:12:00,1.04,13206,Italy
537974,85123A,WHITE HANGING HEART T-LIGHT HOLDER,50,2026-02-14 06:52:00,5.61,14735,Spain
537975,84406B,CREAM CUPID HEARTS COAT HANGER,50,2026-02-03 12:57:00,5.12,17712,Germany
537976,85123A,WHITE HANGING HEART T-LIGHT HOLDER,41,2026-02-24 04:57:00,2.54,13337,Spain
537977,85123A,WHITE HANGING HEART T-LIGHT HOLDER,5,2026-02-11 09:14:00,4.42,12692,Italy
537978,84029G,KNITTED UNION FLAG HOT WATER BOTTLE,19,2026-02-14 08:09:00,9.86,14533,UK
537979,85123A,WHITE HANGING HEART T-LIGHT HOLDER,31,2026-02-25 11:21:00,9.68,12862,Spain
537980,85123A,WHITE HANGING HEART T-LIGHT HOLDER,44,2026-02-10 23:42:00,7.03,14443,Spain
537981,85123A,WHITE HANGING HEART T-LIGHT HOLDER,35,2026-02-09 04:42:00,3.16,17338,Germany
537982,85123A,WHITE HANGING HEART T-LIGHT HOLDER,35,2026-02-12 05:23:00,1.36,12673,UK
537983,71053,WHITE METAL LANTERN,13,2026-02-25 20:28:00,6.64,14136,UK
537984,71053,WHITE METAL LANTERN,19,2026-02-01 22:25:00,6.49,17386,UK
537985,85123A,WHITE HANGING HEART T-LIGHT HOLDER,34,2026-02-20 18:38:00,9.48,15845,Italy
537986,85123A,WHITE HANGING HEART T-LIGHT HOLDER,12,2026-02-22 07:19:00,3.74,12070,France
537987,85123A,WHITE HANGING HEART T-LIGHT HOLDER,7,2026-02-15 15:01:00,1.67,12430,Italy
537988,22633,HAND WARMER UNION JACK,4,2026-02-11 06:06:00,2.8,15997,Spain
537989,22633,HAND WARMER UNION JACK,37,2026-02-01 23:12:00,1.24,13392,UK
537990,84406B,CREAM CUPID HEARTS COAT HANGER,28,2026-02-11 20:04:00,1.37,13309,Germany
537991,85123A,WHITE HANGING HEART T-LIGHT HOLDER,38,2026-02-09 21:11:00,6.71,14178,Italy
537992,85123A,WHITE HANGING HEART T-LIGHT HOLDER,33,2026-02-12 13:46:00,5.49,15401,France
537993,84029G,KNITTED UNION FLAG HOT WATER BOTTLE,30,2026-02-04 21:54:00,1.56,17703,Germany
537994,22633,HAND WARMER UNION JACK,15,2026-02-01 08:55:00,9.56,17811,Italy
537995,85123A,WHITE HANGING HEART T-LIGHT HOLDER,34,2026-02-20 08:11:00,1.65,17976,Spain
537996,71053,WHITE METAL LANTERN,37,2026-02-25 09:09:00,4.06,12279,Italy
537997,85123A,WHITE HANGING HEART T-LIGHT HOLDER,10,2026-02-14 03:39:00,2.56,16083,Spain
537998,71053,WHITE METAL LANTERN,4,2026-02-04 21:58:00,6.27,17381,UK
537999,71053,WHITE METAL LANTERN,19,2026-02-10 18:39:00,1.54,13624,Italy
538000,84029G,KNITTED UNION FLAG HOT WATER BOTTLE,17,2026-03-06 14:22:00,5.48,15404,Italy
538001,22633,HAND WARMER UNION JACK,40,2026-03-15 21:44:00,6.25,13838,Spain
538002,71053,WHITE METAL LANTERN,31,2026-03-16 17:29:00,4.91,17214,France
538003,84406B,CREAM CUPID HEARTS COAT HANGER,16,2026-03-18 03:23:00,3.33,16840,Italy
538004,22633,HAND WARMER UNION JACK,18,2026-03-05 23:12:00,4.85,16862,Germany
538005,84029G,KNITTED UNION FLAG HOT WATER BOTTLE,29,2026-03-14 07:36:00,5.94,17049,UK
538006,84029G,KNITTED UNION FLAG HOT WATER BOTTLE,23,2026-03-23 23:25:00,1.67,13492,Spain
538007,84029G,KNITTED UNION FLAG HOT WATER BOTTLE,44,2026-03-10 12:47:00,2.79,15699,France
538008,22633,HAND WARMER UNION JACK,36,2026-03-20 19:49:00,3.23,15226,Italy
538009,22633,HAND WARMER UNION JACK,21,2026-03-14 20:37:00,9.96,15142,Italy
538010,84406B,CREAM CUPID HEARTS COAT HANGER,41,2026-03-23 20:42:00,3.07,17788,Italy
538011,71053,WHITE METAL LANTERN,36,2026-03-19 07:28:00,2.78,13585,UK
538012,71053,WHITE METAL LANTERN,4,2026-03-14 12:20:00,7.44,16866,Germany
538013,84029G,KNITTED UNION FLAG HOT WATER BOTTLE,6,2026-03-23 00:42:00,4.28,15933,UK
538014,71053,WHITE METAL LANTERN,4,2026-03-08 22:15:00,8.22,14136,Germany
538015,22633,HAND WARMER UNION JACK,15,2026-03-12 10:29:00,8.78,15909,France
538016,84029G,KNITTED UNION FLAG HOT WATER BOTTLE,2,2026-03-14 21:33:00,6.42,17386,Germany
538017,84029G,KNITTED UNION FLAG HOT WATER BOTTLE,39,2026-03-18 18:45:00,2.49,15201,UK
538018,22633,HAND WARMER UNION JACK,43,2026-03-13 07:30:00,5.97,16076,Italy
538019,84029G,KNITTED UNION FLAG HOT WATER BOTTLE,27,2026-03-14 01:48:00,7.17,15928,Spain
538020,22633,HAND WARMER UNION JACK,3,2026-03-15 11:57:00,9.33,17088,Germany
538021,22633,HAND WARMER UNION JACK,48,2026-03-23 21:22:00,1.88,15840,France
538022,22633,HAND WARMER UNION JACK,29,2026-03-24 16:10:00,5.93,17127,France
538023,84406B,CREAM CUPID HEARTS COAT HANGER,43,2026-03-21 08:41:00,6.96,13073,UK
538024,22633,HAND WARMER UNION JACK,11,2026-03-23 03:59:00,3.41,16940,Italy
538025,85123A,WHITE HANGING HEART T-LIGHT HOLDER,36,2026-03-20 23:36:00,1.09,13127,UK
538026,22633,HAND WARMER UNION JACK,45,2026-03-13 02:43:00,7.49,16566,France
538027,22633,HAND WARMER UNION JACK,25,2026-03-12 14:23:00,5.19,17871,Germany
538028,84406B,CREAM CUPID HEARTS COAT HANGER,22,2026-03-24 00:13:00,1.61,12295,France
538029,22633,HAND WARMER UNION JACK,18,2026-03-14 01:40:00,4.22,12982,Germany
538030,84029G,KNITTED UNION FLAG HOT WATER BOTTLE,17,2026-03-18 10:02:00,4.72,12204,France
538031,84029G,KNITTED UNION FLAG HOT WATER BOTTLE,17,2026-03-14 12:47:00,4.03,14044,Italy
538032,22633,HAND WARMER UNION JACK,23,2026-03-10 08:50:00,3.0,16887,UK
538033,84406B,CREAM CUPID HEARTS COAT HANGER,19,2026-03-20 00:36:00,4.88,16750,France
538034,85123A,WHITE HANGING HEART T-LIGHT HOLDER,16,2026-03-15 18:14:00,9.86,14064,Germany
538035,84406B,CREAM CUPID HEARTS COAT HANGER,27,2026-03-11 02:59:00,1.72,17879,Spain
538036,84406B,CREAM CUPID HEARTS COAT HANGER,30,2026-03-20 05:09:00,2.66,16236,Germany
538037,84406B,CREAM CUPID HEARTS COAT HANGER,36,2026-03-19 18:51:00,5.59,14833,France
538038,84406B,CREAM CUPID HEARTS COAT HANGER,24,2026-03-03 12:24:00,9.71,15310,UK
538039,84029G,KNITTED UNION FLAG HOT WATER BOTTLE,24,2026-03-01 14:38:00,1.72,16330,France
538040,84029G,KNITTED UNION FLAG HOT WATER BOTTLE,18,2026-03-23 20:48:00,1.04,14006,France
538041,22633,HAND WARMER UNION JACK,42,2026-03-16 14:12:00,5.71,12482,Spain
538042,22633,HAND WARMER UNION JACK,23,2026-03-04 10:22:00,3.13,14012,France
538043,84029G,KNITTED UNION FLAG HOT WATER BOTTLE,46,2026-03-11 17:32:00,3.16,15063,France
538044,22633,HAND WARMER UNION JACK,16,2026-03-03 14:27:00,3.9,14654,Germany
538045,84406B,CREAM CUPID HEARTS COAT HANGER,41,2026-03-02 17:22:00,8.93,14249,Germany
538046,84029G,KNITTED UNION FLAG HOT WATER BOTTLE,18,2026-03-13 22:22:00,6.18,12091,France
538047,84406B,CREAM CUPID HEARTS COAT HANGER,17,2026-03-06 01:17:00,9.08,17250,Italy
538048,84029G,KNITTED UNION FLAG HOT WATER BOTTLE,13,2026-03-12 14:42:00,9.47,16437,Italy
538049,71053,WHITE METAL LANTERN,24,2026-03-20 04:23:00,1.26,16006,France
538050,84406B,CREAM CUPID HEARTS COAT HANGER,9,2026-03-16 14:10:00,9.86,13581,Italy
538051,85123A,WHITE HANGING HEART T-LIGHT HOLDER,31,2026-03-16 16:38:00,4.32,17125,Spain
538052,71053,WHITE METAL LANTERN,13,2026-03-14 06:51:00,6.56,15059,UK
538053,84029G,KNITTED UNION FLAG HOT WATER BOTTLE,40,2026-03-01 13:48:00,2.23,16880,Germany
538054,71053,WHITE METAL LANTERN,15,2026-03-15 23:12:00,7.37,12704,France
538055,85123A,WHITE HANGING HEART T-LIGHT HOLDER,2,2026-03-14 12:09:00,9.28,13247,UK
538056,84406B,CREAM CUPID HEARTS COAT HANGER,45,2026-03-08 09:24:00,3.83,15372,France
538057,84029G,KNITTED UNION FLAG HOT WATER BOTTLE,44,2026-03-07 21:31:00,7.47,15570,France
538058,84406B,CREAM CUPID HEARTS COAT HANGER,42,2026-03-02 12:50:00,2.25,17255,UK
538059,84029G,KNITTED UNION FLAG HOT WATER BOTTLE,12,2026-03-09 08:44:00,1.94,15768,Italy
538060,84406B,CREAM CUPID HEARTS COAT HANGER,6,2026-03-11 21:11:00,7.23,12461,Italy
538061,71053,WHITE METAL LANTERN,15,2026-03-16 10:42:00,6.08,13383,Spain
538062,84029G,KNITTED UNION FLAG HOT WATER BOTTLE,3,2026-03-14 05:07:00,7.27,12292,France
538063,71053,WHITE METAL LANTERN,40,2026-03-12 00:29:00,5.62,17829,France
538064,84406B,CREAM CUPID HEARTS COAT HANGER,28,2026-03-11 17:32:00,7.14,15631,France
538065,84029G,KNITTED UNION FLAG HOT WATER BOTTLE,30,2026-03-07 18:11:00,6.26,15863,UK
538066,22633,HAND WARMER UNION JACK,34,2026-03-07 01:06:00,7.48,12191,Italy
538067,71053,WHITE METAL LANTERN,13,2026-03-05 19:30:00,3.08,14073,France
538068,84406B,CREAM CUPID HEARTS COAT HANGER,37,2026-03-12 10:32:00,3.26,17911,Germany
538069,71053,WHITE METAL LANTERN,13,2026-03-17 17:54:00,6.32,17767,Italy
538070,84029G,KNITTED UNION FLAG HOT WATER BOTTLE,28,2026-03-20 17:12:00,2.96,13071,Germany
538071,22633,HAND WARMER UNION JACK,2,2026-03-06 07:35:00,6.45,15409,France
538072,71053,WHITE METAL LANTERN,24,2026-03-18 00:36:00,6.6,17062,UK
538073,84029G,KNITTED UNION FLAG HOT WATER BOTTLE,30,2026-03-01 21:52:00,3.3,12469,Germany
538074,84029G,KNITTED UNION FLAG HOT WATER BOTTLE,24,2026-03-18 04:15:00,9.37,16515,Spain
538075,85123A,WHITE HANGING HEART T-LIGHT HOLDER,36,2026-03-16 09:26:00,9.56,15539,UK
538076,84406B,CREAM CUPID HEARTS COAT HANGER,30,2026-03-26 00:07:00,2.59,17664,Italy
538077,84029G,KNITTED UNION FLAG HOT WATER BOTTLE,3,2026-03-03 11:33:00,2.3,14622,Germany
538078,84029G,KNITTED UNION FLAG HOT WATER BOTTLE,25,2026-03-01 08:27:00,9.21,14974,Germany
538079,84029G,KNITTED UNION FLAG HOT WATER BOTTLE,25,2026-03-23 10:59:00,2.82,15751,Germany
538080,22633,HAND WARMER UNION JACK,20,2026-03-25 06:23:00,9.12,13671,Italy
538081,85123A,WHITE HANGING HEART T-LIGHT HOLDER,36,2026-03-02 19:21:00,5.63,14602,Germany
538082,85123A,WHITE HANGING HEART T-LIGHT HOLDER,38,2026-03-01 14:56:00,9.63,16419,Spain
538083,85123A,WHITE HANGING HEART T-LIGHT HOLDER,27,2026-03-04 15:51:00,8.41,13892,Italy
538084,71053,WHITE METAL LANTERN,38,2026-03-16 13:59:00,9.06,14423,France
538085,85123A,WHITE HANGING HEART T-LIGHT HOLDER,8,2026-03-01 08:57:00,5.25,17303,Spain
538086,71053,WHITE METAL LANTERN,44,2026-03-13 18:11:00,2.38,12516,France
538087,71053,WHITE METAL LANTERN,31,2026-03-05 05:22:00,9.29,13726,Italy
538088,71053,WHITE METAL LANTERN,47,2026-03-24 12:03:00,8.15,15768,France
538089,84029G,KNITTED UNION FLAG HOT WATER BOTTLE,18,2026-03-10 20:57:00,8.03,16715,Germany
538090,85123A,WHITE HANGING HEART T-LIGHT HOLDER,27,2026-03-20 06:31:00,3.07,16755,Germany
538091,85123A,WHITE HANGING HEART T-LIGHT HOLDER,47,2026-03-03 11:19:00,7.17,16440,Germany
538092,22633,HAND WARMER UNION JACK,49,2026-03-07 13:00:00,7.38,14897,Italy
538093,22633,HAND WARMER UNION JACK,1,2026-03-16 08:11:00,6.6,15930,Germany
538094,71053,WHITE METAL LANTERN,21,2026-03-01 12:53:00,2.38,17321,France
538095,22633,HAND WARMER UNION JACK,37,2026-03-01 23:26:00,9.24,17949,Germany
538096,71053,WHITE METAL LANTERN,18,2026-03-07 20:53:00,3.96,13282,France
538097,84406B,CREAM CUPID HEARTS COAT HANGER,50,2026-03-11 14:25:00,3.8,12546,France
538098,84406B,CREAM CUPID HEARTS COAT HANGER,29,2026-03-14 23:14:00,9.65,13542,Italy
538099,71053,WHITE METAL LANTERN,26,2026-03-12 06:22:00,4.88,17378,UK
538100,84406B,CREAM CUPID HEARTS COAT HANGER,41,2026-03-13 17:29:00,1.61,14415,Italy
538101,71053,WHITE METAL LANTERN,6,2026-03-12 13:56:00,1.1,15313,UK
538102,22633,HAND WARMER UNION JACK,36,2026-03-04 22:38:00,1.93,15273,Spain
538103,84029G,KNITTED UNION FLAG HOT WATER BOTTLE,48,2026-03-07 20:13:00,9.45,13157,Spain
538104,85123A,WHITE HANGING HEART T-LIGHT HOLDER,17,2026-03-11 15:11:00,6.34,15875,France
538105,71053,WHITE METAL LANTERN,14,2026-03-15 18:06:00,6.01,14718,Spain
538106,22633,HAND WARMER UNION JACK,29,2026-03-21 10:57:00,5.28,15680,Italy
538107,22633,HAND WARMER UNION JACK,27,2026-03-08 17:13:00,5.94,16135,Italy
538108,85123A,WHITE HANGING HEART T-LIGHT HOLDER,5,2026-03-20 20:55:00,3.18,14394,Italy
538109,85123A,WHITE HANGING HEART T-LIGHT HOLDER,37,2026-03-04 09:01:00,4.57,17840,Germany
538110,84029G,KNITTED UNION FLAG HOT WATER BOTTLE,6,2026-03-16 00:27:00,7.16,17401,France
538111,85123A,WHITE HANGING HEART T-LIGHT HOLDER,44,2026-03-11 18:55:00,6.98,12742,France
538112,85123A,WHITE HANGING HEART T-LIGHT HOLDER,19,2026-03-14 00:26:00,8.56,13347,Italy
538113,85123A,WHITE HANGING HEART T-LIGHT HOLDER,45,2026-03-20 10:51:00,1.77,13192,Germany
538114,84406B,CREAM CUPID HEARTS COAT HANGER,31,2026-03-22 19:13:00,6.96,16110,UK
538115,22633,HAND WARMER UNION JACK,10,2026-03-08 23:29:00,7.0,13325,Italy
538116,84029G,KNITTED UNION FLAG HOT WATER BOTTLE,13,2026-03-08 05:24:00,7.02,16253,Germany
538117,71053,WHITE METAL LANTERN,15,2026-03-03 14:48:00,5.82,17473,Italy
538118,84029G,KNITTED UNION FLAG HOT WATER BOTTLE,50,2026-03-08 07:34:00,6.59,16293,Spain
538119,22633,HAND WARMER UNION JACK,38,2026-03-01 21:43:00,6.5,16636,UK
538120,84029G,KNITTED UNION FLAG HOT WATER BOTTLE,19,2026-03-04 11:30:00,3.46,17407,France
538121,71053,WHITE METAL LANTERN,48,2026-03-04 11:01:00,5.0,12997,Italy
538122,22633,HAND WARMER UNION JACK,24,2026-03-12 22:35:00,2.03,16580,France
538123,71053,WHITE METAL LANTERN,2,2026-03-18 20:46:00,4.43,12898,Spain
538124,85123A,WHITE HANGING HEART T-LIGHT HOLDER,32,2026-03-24 06:59:00,6.0,15802,Germany
538125,84029G,KNITTED UNION FLAG HOT WATER BOTTLE,30,2026-03-21 07:18:00,5.61,17697,Germany
538126,22633,HAND WARMER UNION JACK,42,2026-03-09 04:56:00,9.13,15799,Germany
538127,22633,HAND WARMER UNION JACK,4,2026-03-09 01:03:00,7.16,14306,France
538128,84406B,CREAM CUPID HEARTS COAT HANGER,37,2026-03-23 08:04:00,4.32,14774,Italy
538129,71053,WHITE METAL LANTERN,6,2026-03-25 13:34:00,4.51,15945,UK
538130,71053,WHITE METAL LANTERN,21,2026-03-21 03:32:00,4.24,12693,UK
538131,71053,WHITE METAL LANTERN,16,2026-03-22 07:52:00,6.61,13945,Germany
538132,85123A,WHITE HANGING HEART T-LIGHT HOLDER,1,2026-03-24 05:24:00,8.38,12495,France
538133,71053,WHITE METAL LANTERN,36,2026-03-13 04:14:00,6.09,13933,France
538134,22633,HAND WARMER UNION JACK,46,2026-03-08 18:12:00,9.07,13694,Spain
538135,71053,WHITE METAL LANTERN,25,2026-03-19 18:31:00,8.22,16569,Spain
538136,71053,WHITE METAL LANTERN,9,2026-03-22 04:00:00,1.02,14230,Italy
538137,84029G,KNITTED UNION FLAG HOT WATER BOTTLE,27,2026-03-13 17:44:00,3.44,14366,Germany
538138,84029G,KNITTED UNION FLAG HOT WATER BOTTLE,19,2026-03-06 13:00:00,2.54,15565,Italy
538139,84406B,CREAM CUPID HEARTS COAT HANGER,21,2026-03-06 11:50:00,8.51,15017,France
538140,71053,WHITE METAL LANTERN,38,2026-03-03 23:36:00,4.49,17915,Italy
538141,84406B,CREAM CUPID HEARTS COAT HANGER,43,2026-03-16 07:43:00,4.42,17316,UK
538142,84406B,CREAM CUPID HEARTS COAT HANGER,41,2026-03-23 09:36:00,5.37,14049,Spain
538143,85123A,WHITE HANGING HEART T-LIGHT HOLDER,1,2026-03-21 06:01:00,2.79,15428,Spain
538144,84029G,KNITTED UNION FLAG HOT WATER BOTTLE,39,2026-03-09 19:42:00,5.33,14752,Germany
538145,71053,WHITE METAL LANTERN,36,2026-03-05 05:17:00,7.02,14436,Italy
538146,71053,WHITE METAL LANTERN,4,2026-03-01 19:28:00,1.13,16138,France
538147,84406B,CREAM CUPID HEARTS COAT HANGER,33,2026-03-20 02:52:00,7.66,15846,Italy
538148,84029G,KNITTED UNION FLAG HOT WATER BOTTLE,45,2026-03-12 21:45:00,1.06,14828,Germany
538149,84406B,CREAM CUPID HEARTS COAT HANGER,4,2026-03-09 22:13:00,7.88,12448,Germany
538150,84406B,CREAM CUPID HEARTS COAT HANGER,29,2026-03-17 02:08:00,8.6,15232,Germany
538151,84029G,KNITTED UNION FLAG HOT WATER BOTTLE,11,2026-03-12 09:09:00,9.09,12208,France
538152,84029G,KNITTED UNION FLAG HOT WATER BOTTLE,30,2026-03-14 16:44:00,2.03,13662,Germany
538153,84406B,CREAM CUPID HEARTS COAT HANGER,36,2026-03-03 05:40:00,9.58,16722,Italy
538154,71053,WHITE METAL LANTERN,13,2026-03-05 16:09:00,3.47,13596,UK
538155,71053,WHITE METAL LANTERN,3,2026-03-02 11:24:00,3.96,14765,France
538156,22633,HAND WARMER UNION JACK,1,2026-03-14 15:06:00,8.57,17101,UK
538157,71053,WHITE METAL LANTERN,46,2026-03-08 11:29:00,8.45,14976,Germany
538158,84406B,CREAM CUPID HEARTS COAT HANGER,18,2026-03-23 04:31:00,7.52,16344,Germany
538159,85123A,WHITE HANGING HEART T-LIGHT HOLDER,28,2026-03-09 01:43:00,3.97,17162,Italy
538160,22633,HAND WARMER UNION JACK,15,2026-03-01 14:28:00,4.69,17035,France
538161,84406B,CREAM CUPID HEARTS COAT HANGER,13,2026-03-03 07:31:00,2.06,16741,UK
538162,71053,WHITE METAL LANTERN,28,2026-03-15 02:35:00,7.71,16725,Italy
538163,71053,WHITE METAL LANTERN,10,2026-03-18 12:15:00,2.97,15795,Spain
538164,22633,HAND WARMER UNION JACK,22,2026-03-23 22:10:00,8.71,17717,Germany
538165,22633,HAND WARMER UNION JACK,50,2026-03-21 14:48:00,7.72,13722,France
538166,85123A,WHITE HANGING HEART T-LIGHT HOLDER,43,2026-03-21 07:12:00,4.02,15721,France
538167,84406B,CREAM CUPID HEARTS COAT HANGER,46,2026-03-10 07:49:00,4.92,12373,Germany
538168,85123A,WHITE HANGING HEART T-LIGHT HOLDER,17,2026-03-24 23:39:00,2.86,14856,Germany
538169,84406B,CREAM CUPID HEARTS COAT HANGER,25,2026-03-08 16:37:00,6.21,13649,France
538170,22633,HAND WARMER UNION JACK,48,2026-03-08 06:37:00,7.14,13550,Italy
538171,84029G,KNITTED UNION FLAG HOT WATER BOTTLE,23,2026-03-02 12:31:00,9.77,15579,Spain
538172,84029G,KNITTED UNION FLAG HOT WATER BOTTLE,12,2026-03-09 04:51:00,7.22,13450,Italy
538173,71053,WHITE METAL LANTERN,17,2026-03-11 04:44:00,4.44,15637,Italy
538174,84406B,CREAM CUPID HEARTS COAT HANGER,41,2026-03-04 01:28:00,2.21,15764,Germany
538175,84029G,KNITTED UNION FLAG HOT WATER BOTTLE,25,2026-03-06 15:33:00,7.08,12104,Spain
538176,71053,WHITE METAL LANTERN,11,2026-03-17 13:30:00,5.14,15431,UK
538177,84406B,CREAM CUPID HEARTS COAT HANGER,22,2026-03-12 23:05:00,2.18,17837,UK
538178,85123A,WHITE HANGING HEART T-LIGHT HOLDER,27,2026-03-04 11:35:00,3.1,12579,UK
538179,84406B,CREAM CUPID HEARTS COAT HANGER,45,2026-03-02 19:32:00,5.45,16881,UK
538180,84406B,CREAM CUPID HEARTS COAT HANGER,27,2026-03-12 14:43:00,4.02,12538,Spain
538181,85123A,WHITE HANGING HEART T-LIGHT HOLDER,5,2026-03-16 20:26:00,2.71,13851,France
538182,85123A,WHITE HANGING HEART T-LIGHT HOLDER,40,2026-03-03 09:13:00,3.75,16709,France
538183,22633,HAND WARMER UNION JACK,46,2026-03-13 03:32:00,5.94,15792,UK
538184,22633,HAND WARMER UNION JACK,25,2026-03-12 23:28:00,1.48,14145,France
538185,84029G,KNITTED UNION FLAG HOT WATER BOTTLE,50,2026-03-01 17:02:00,7.64,17189,France
538186,71053,WHITE METAL LANTERN,17,2026-03-09 01:35:00,4.53,13398,UK
538187,84029G,KNITTED UNION FLAG HOT WATER BOTTLE,12,2026-03-20 19:43:00,3.32,15879,Germany
538188,22633,HAND WARMER UNION JACK,22,2026-03-12 13:46:00,2.28,17654,Spain
538189,84029G,KNITTED UNION FLAG HOT WATER BOTTLE,25,2026-03-03 03:18:00,2.03,13267,Germany
538190,84029G,KNITTED UNION FLAG HOT WATER BOTTLE,33,2026-03-18 13:35:00,3.54,13590,Germany
538191,71053,WHITE METAL LANTERN,7,2026-03-18 06:20:00,5.9,15793,France
538192,22633,HAND WARMER UNION JACK,44,2026-03-17 06:59:00,4.95,13923,Germany
538193,71053,WHITE METAL LANTERN,39,2026-03-08 00:50:00,7.64,13127,UK
538194,22633,HAND WARMER UNION JACK,39,2026-03-21 11:21:00,3.16,17351,Italy
538195,85123A,WHITE HANGING HEART T-LIGHT HOLDER,38,2026-03-25 02:31:00,6.96,14995,Spain
538196,71053,WHITE METAL LANTERN,15,2026-03-22 10:58:00,6.83,12417,Italy
538197,22633,HAND WARMER UNION JACK,39,2026-03-12 02:20:00,3.75,12662,Spain
538198,22633,HAND WARMER UNION JACK,11,2026-03-06 11:39:00,8.28,13089,France
538199,84029G,KNITTED UNION FLAG HOT WATER BOTTLE,29,2026-03-02 10:59:00,6.48,14699,Germany
538200,71053,WHITE METAL LANTERN,30,2026-03-16 11:00:00,7.36,16234,France
538201,84029G,KNITTED UNION FLAG HOT WATER BOTTLE,10,2026-03-09 10:08:00,7.47,16366,Germany
538202,84029G,KNITTED UNION FLAG HOT WATER BOTTLE,32,2026-03-03 02:49:00,6.32,15356,France
538203,71053,WHITE METAL LANTERN,43,2026-03-04 11:24:00,3.35,14345,Spain
538204,84029G,KNITTED UNION FLAG HOT WATER BOTTLE,22,2026-03-05 02:58:00,1.4,14502,Italy
538205,85123A,WHITE HANGING HEART T-LIGHT HOLDER,50,2026-03-03 21:45:00,6.22,12758,Italy
538206,22633,HAND WARMER UNION JACK,28,2026-03-04 17:06:00,9.99,12958,Italy
538207,84406B,CREAM CUPID HEARTS COAT HANGER,33,2026-03-23 10:50:00,3.34,15114,Italy
538208,85123A,WHITE HANGING HEART T-LIGHT HOLDER,47,2026-03-23 07:35:00,9.1,14732,France
538209,84029G,KNITTED UNION FLAG HOT WATER BOTTLE,46,2026-03-01 20:43:00,7.77,13266,France
538210,22633,HAND WARMER UNION JACK,17,2026-03-16 02:33:00,6.26,13981,UK
538211,85123A,WHITE HANGING HEART T-LIGHT HOLDER,43,2026-03-18 14:33:00,2.94,13262,France
538212,22633,HAND WARMER UNION JACK,28,2026-03-13 17:31:00,1.51,17265,France
538213,84029G,KNITTED UNION FLAG HOT WATER BOTTLE,41,2026-03-18 13:57:00,8.82,13996,Germany
538214,84406B,CREAM CUPID HEARTS COAT HANGER,19,2026-03-16 10:44:00,6.12,15402,France
538215,84406B,CREAM CUPID HEARTS COAT HANGER,13,2026-03-20 08:39:00,7.61,13026,Spain
538216,84406B,CREAM CUPID HEARTS COAT HANGER,11,2026-03-19 22:45:00,1.99,13080,Spain
538217,84406B,CREAM CUPID HEARTS COAT HANGER,21,2026-03-12 15:45:00,4.83,12223,UK
538218,84406B,CREAM CUPID HEARTS COAT HANGER,7,2026-03-24 00:17:00,3.09,15043,Spain
538219,71053,WHITE METAL LANTERN,36,2026-03-09 20:48:00,4.09,15127,Spain
538220,85123A,WHITE HANGING HEART T-LIGHT HOLDER,35,2026-03-23 00:29:00,3.3,14125,UK
538221,85123A,WHITE HANGING HEART T-LIGHT HOLDER,22,2026-03-19 17:06:00,4.53,12507,France
538222,22633,HAND WARMER UNION JACK,15,2026-03-06 08:51:00,3.93,13194,UK
538223,71053,WHITE METAL LANTERN,25,2026-03-04 06:57:00,5.14,16880,Italy
538224,71053,WHITE METAL LANTERN,43,2026-03-23 11:44:00,2.21,15032,Germany
538225,84406B,CREAM CUPID HEARTS COAT HANGER,11,2026-03-21 09:27:00,9.02,16449,Germany
538226,71053,WHITE METAL LANTERN,32,2026-03-05 02:00:00,9.72,14222,Italy
538227,84029G,KNITTED UNION FLAG HOT WATER BOTTLE,39,2026-03-08 02:55:00,3.14,16513,Italy
538228,84029G,KNITTED UNION FLAG HOT WATER BOTTLE,37,2026-03-10 05:52:00,9.84,17660,Spain
538229,85123A,WHITE HANGING HEART T-LIGHT HOLDER,48,2026-03-26 07:51:00,6.97,12141,France
538230,71053,WHITE METAL LANTERN,42,2026-03-25 15:48:00,8.6,13686,France
538231,22633,HAND WARMER UNION JACK,2,2026-03-24 19:03:00,8.67,14868,France
538232,84406B,CREAM CUPID HEARTS COAT HANGER,3,2026-03-22 01:37:00,2.9,16651,UK
538233,22633,HAND WARMER UNION JACK,9,2026-03-03 06:18:00,1.75,15538,Italy
538234,71053,WHITE METAL LANTERN,27,2026-03-04 04:39:00,7.92,16906,Italy
538235,22633,HAND WARMER UNION JACK,17,2026-03-05 20:41:00,4.58,17914,Italy
538236,71053,WHITE METAL LANTERN,13,2026-03-11 17:04:00,2.61,16847,Germany
538237,22633,HAND WARMER UNION JACK,2,2026-03-02 21:35:00,8.64,12900,Italy
538238,84406B,CREAM CUPID HEARTS COAT HANGER,4,2026-03-16 14:54:00,8.78,13718,Germany
538239,84406B,CREAM CUPID HEARTS COAT HANGER,6,2026-03-04 20:49:00,5.85,14854,Spain
538240,85123A,WHITE HANGING HEART T-LIGHT HOLDER,41,2026-03-22 05:18:00,1.24,17469,UK
538241,22633,HAND WARMER UNION JACK,5,2026-03-25 07:32:00,2.32,17686,Italy
538242,22633,HAND WARMER UNION JACK,32,2026-03-01 17:09:00,8.95,15147,France
538243,71053,WHITE METAL LANTERN,37,2026-03-08 01:39:00,3.98,14819,France
538244,71053,WHITE METAL LANTERN,34,2026-03-23 12:05:00,6.88,15675,UK
538245,22633,HAND WARMER UNION JACK,19,2026-03-22 17:30:00,5.21,16575,Spain
538246,85123A,WHITE HANGING HEART T-LIGHT HOLDER,44,2026-03-08 22:32:00,1.6,12747,Italy
538247,84029G,KNITTED UNION FLAG HOT WATER BOTTLE,23,2026-03-07 01:51:00,3.45,13209,Germany
538248,71053,WHITE METAL LANTERN,31,2026-03-05 21:47:00,6.15,14185,Germany
538249,71053,WHITE METAL LANTERN,25,2026-03-23 02:24:00,4.45,17034,Germany
538250,71053,WHITE METAL LANTERN,37,2026-03-21 15:44:00,9.17,14000,Spain
538251,71053,WHITE METAL LANTERN,49,2026-03-07 21:32:00,7.05,13348,Italy
538252,22633,HAND WARMER UNION JACK,45,2026-03-25 01:40:00,4.51,16311,France
538253,84029G,KNITTED UNION FLAG HOT WATER BOTTLE,12,2026-03-12 11:34:00,5.77,16789,France
538254,84029G,KNITTED UNION FLAG HOT WATER BOTTLE,37,2026-03-12 11:27:00,7.22,14511,UK
538255,85123A,WHITE HANGING HEART T-LIGHT HOLDER,11,2026-03-23 03:04:00,7.69,16567,France
538256,22633,HAND WARMER UNION JACK,22,2026-03-13 02:02:00,5.85,13838,Spain
538257,71053,WHITE METAL LANTERN,10,2026-03-02 23:23:00,3.08,14712,UK
538258,22633,HAND WARMER UNION JACK,18,2026-03-01 12:00:00,1.87,12511,Spain
538259,71053,WHITE METAL LANTERN,22,2026-03-17 11:56:00,8.32,16237,Italy
538260,22633,HAND WARMER UNION JACK,17,2026-03-21 21:07:00,9.07,17065,France
538261,85123A,WHITE HANGING HEART T-LIGHT HOLDER,34,2026-03-15 04:32:00,9.56,16969,Italy
538262,71053,WHITE METAL LANTERN,45,2026-03-20 04:16:00,3.54,14731,France
538263,85123A,WHITE HANGING HEART T-LIGHT HOLDER,36,2026-03-18 06:42:00,8.34,13886,Germany
538264,84406B,CREAM CUPID HEARTS COAT HANGER,45,2026-03-02 18:36:00,5.46,13462,France
538265,84029G,KNITTED UNION FLAG HOT WATER BOTTLE,28,2026-03-11 11:11:00,6.27,17352,Spain
538266,71053,WHITE METAL LANTERN,14,2026-03-04 05:14:00,2.33,13907,Spain
538267,84406B,CREAM CUPID HEARTS COAT HANGER,8,2026-03-21 21:39:00,4.87,13574,France
538268,71053,WHITE METAL LANTERN,29,2026-03-07 04:24:00,3.04,16582,Germany
538269,85123A,WHITE HANGING HEART T-LIGHT HOLDER,31,2026-03-19 13:58:00,2.61,12218,Spain
538270,84406B,CREAM CUPID HEARTS COAT HANGER,25,2026-03-01 13:09:00,1.29,12062,Italy
538271,71053,WHITE METAL LANTERN,42,2026-03-04 21:02:00,9.86,16501,Italy
538272,22633,HAND WARMER UNION JACK,28,2026-03-17 17:19:00,8.04,14841,Spain
538273,71053,WHITE METAL LANTERN,8,2026-03-16 18:49:00,2.32,14648,Italy
538274,84406B,CREAM CUPID HEARTS COAT HANGER,34,2026-03-13 00:29:00,7.77,12048,Italy
538275,84406B,CREAM CUPID HEARTS COAT HANGER,5,2026-03-20 02:15:00,5.6,14093,UK
538276,84029G,KNITTED UNION FLAG HOT WATER BOTTLE,16,2026-03-04 03:21:00,7.9,15750,Germany
538277,84406B,CREAM CUPID HEARTS COAT HANGER,32,2026-03-23 13:03:00,8.84,16596,Spain
538278,84029G,KNITTED UNION FLAG HOT WATER BOTTLE,37,2026-03-17 14:29:00,4.17,17983,France
538279,84029G,KNITTED UNION FLAG HOT WATER BOTTLE,10,2026-03-20 21:27:00,9.49,13568,Italy
538280,22633,HAND WARMER UNION JACK,24,2026-03-11 17:48:00,8.41,16303,UK
538281,84029G,KNITTED UNION FLAG HOT WATER BOTTLE,26,2026-03-21 20:48:00,8.24,17194,France
538282,84406B,CREAM CUPID HEARTS COAT HANGER,43,2026-03-19 05:52:00,4.92,17572,Spain
538283,84029G,KNITTED UNION FLAG HOT WATER BOTTLE,39,2026-03-10 17:31:00,2.6,15835,Spain
538284,84029G,KNITTED UNION FLAG HOT WATER BOTTLE,43,2026-03-21 15:15:00,8.42,12935,Spain
538285,85123A,WHITE HANGING HEART T-LIGHT HOLDER,11,2026-03-09 21:04:00,5.69,15907,Spain
538286,85123A,WHITE HANGING HEART T-LIGHT HOLDER,31,2026-03-18 10:44:00,5.65,17697,Spain
538287,22633,HAND WARMER UNION JACK,40,2026-03-25 11:46:00,1.92,13500,Spain
538288,84406B,CREAM CUPID HEARTS COAT HANGER,46,2026-03-07 19:31:00,9.29,16200,Germany
538289,84029G,KNITTED UNION FLAG HOT WATER BOTTLE,9,2026-03-20 00:03:00,4.85,14269,Italy
538290,85123A,WHITE HANGING HEART T-LIGHT HOLDER,23,2026-03-23 17:44:00,7.04,16713,Germany
538291,84029G,KNITTED UNION FLAG HOT WATER BOTTLE,42,2026-03-23 04:04:00,7.14,12101,Germany
538292,71053,WHITE METAL LANTERN,24,2026-03-24 02:11:00,1.08,16406,Spain
538293,71053,WHITE METAL LANTERN,26,2026-03-25 04:07:00,9.19,13775,UK
538294,22633,HAND WARMER UNION JACK,42,2026-03-19 09:00:00,3.62,13398,Germany
538295,71053,WHITE METAL LANTERN,43,2026-03-01 23:34:00,8.19,12290,France
538296,85123A,WHITE HANGING HEART T-LIGHT HOLDER,23,2026-03-14 13:41:00,6.75,15582,Spain
538297,22633,HAND WARMER UNION JACK,29,2026-03-19 20:17:00,9.6,14307,UK
538298,84406B,CREAM CUPID HEARTS COAT HANGER,15,2026-03-05 22:42:00,4.9,17900,France
538299,85123A,WHITE HANGING HEART T-LIGHT HOLDER,42,2026-03-06 08:04:00,8.24,16733,France
538300,85123A,WHITE HANGING HEART T-LIGHT HOLDER,28,2026-03-07 23:32:00,5.6,17762,UK
538301,84406B,CREAM CUPID HEARTS COAT HANGER,23,2026-03-16 00:26:00,1.85,13966,Italy
538302,22633,HAND WARMER UNION JACK,44,2026-03-17 18:29:00,5.92,16983,Italy
538303,22633,HAND WARMER UNION JACK,16,2026-03-24 17:24:00,9.39,15099,Spain
538304,84406B,CREAM CUPID HEARTS COAT HANGER,40,2026-03-07 04:38:00,8.94,14286,Germany
538305,84029G,KNITTED UNION FLAG HOT WATER BOTTLE,41,2026-03-20 09:06:00,2.89,16123,France
538306,85123A,WHITE HANGING HEART T-LIGHT HOLDER,49,2026-03-05 20:06:00,1.92,14371,Germany
538307,85123A,WHITE HANGING HEART T-LIGHT HOLDER,4,2026-03-20 06:43:00,2.98,14136,UK
538308,71053,WHITE METAL LANTERN,32,2026-03-09 00:56:00,8.64,13830,France
538309,22633,HAND WARMER UNION JACK,42,2026-03-03 22:38:00,9.39,16404,Spain
538310,71053,WHITE METAL LANTERN,10,2026-03-06 02:10:00,3.65,17528,Germany
538311,84029G,KNITTED UNION FLAG HOT WATER BOTTLE,29,2026-03-06 19:30:00,3.26,13687,Italy
538312,84406B,CREAM CUPID HEARTS COAT HANGER,32,2026-03-20 07:53:00,4.13,12786,Spain
538313,85123A,WHITE HANGING HEART T-LIGHT HOLDER,42,2026-03-23 14:11:00,1.72,12711,France
538314,22633,HAND WARMER UNION JACK,39,2026-03-02 05:41:00,5.73,17482,Spain
538315,84029G,KNITTED UNION FLAG HOT WATER BOTTLE,1,2026-03-02 07:02:00,4.8,15765,Germany
538316,22633,HAND WARMER UNION JACK,10,2026-03-02 10:42:00,9.07,15729,France
538317,85123A,WHITE HANGING HEART T-LIGHT HOLDER,17,2026-03-25 10:21:00,4.2,15668,France
538318,85123A,WHITE HANGING HEART T-LIGHT HOLDER,2,2026-03-06 04:59:00,4.37,14535,France
538319,22633,HAND WARMER UNION JACK,26,2026-03-25 06:15:00,4.74,15178,UK
538320,84406B,CREAM CUPID HEARTS COAT HANGER,5,2026-03-03 21:52:00,6.9,13814,UK
538321,22633,HAND WARMER UNION JACK,47,2026-03-02 19:39:00,7.64,12074,UK
538322,85123A,WHITE HANGING HEART T-LIGHT HOLDER,14,2026-03-15 04:35:00,4.01,15153,Italy
538323,84029G,KNITTED UNION FLAG HOT WATER BOTTLE,49,2026-03-19 03:52:00,9.77,17424,Italy
538324,84406B,CREAM CUPID HEARTS COAT HANGER,42,2026-03-11 17:53:00,5.91,15158,Spain
538325,71053,WHITE METAL LANTERN,44,2026-03-23 01:56:00,2.85,12764,UK
538326,71053,WHITE METAL LANTERN,27,2026-03-20 09:25:00,1.69,16355,Germany
538327,84029G,KNITTED UNION FLAG HOT WATER BOTTLE,36,2026-03-26 01:54:00,8.08,12483,UK
538328,84406B,CREAM CUPID HEARTS COAT HANGER,22,2026-03-21 21:57:00,6.83,13668,Spain
538329,71053,WHITE METAL LANTERN,45,2026-03-09 18:44:00,7.5,15166,France
538330,22633,HAND WARMER UNION JACK,25,2026-03-14 00:03:00,8.72,14156,France
538331,22633,HAND WARMER UNION JACK,18,2026-03-07 09:28:00,2.04,14883,UK
538332,84029G,KNITTED UNION FLAG HOT WATER BOTTLE,40,2026-03-19 21:18:00,7.79,16919,UK
538333,85123A,WHITE HANGING HEART T-LIGHT HOLDER,34,2026-03-02 08:42:00,2.06,14071,Germany
538334,84406B,CREAM CUPID HEARTS COAT HANGER,39,2026-03-10 04:30:00,7.66,13130,Spain
538335,84029G,KNITTED UNION FLAG HOT WATER BOTTLE,43,2026-03-14 11:17:00,8.93,17980,UK
538336,84406B,CREAM CUPID HEARTS COAT HANGER,5,2026-03-21 10:15:00,5.58,14987,Spain
538337,71053,WHITE METAL LANTERN,34,2026-03-05 04:45:00,4.69,16580,Italy
538338,22633,HAND WARMER UNION JACK,22,2026-03-14 06:26:00,7.27,14960,Spain
538339,22633,HAND WARMER UNION JACK,17,2026-03-24 02:18:00,6.22,12157,Spain
538340,84029G,KNITTED UNION FLAG HOT WATER BOTTLE,36,2026-03-09 00:23:00,8.65,17175,Italy
538341,71053,WHITE METAL LANTERN,29,2026-03-26 07:32:00,4.93,13027,UK
538342,84406B,CREAM CUPID HEARTS COAT HANGER,8,2026-03-04 10:29:00,9.03,15316,Italy
538343,84029G,KNITTED UNION FLAG HOT WATER BOTTLE,40,2026-03-23 12:13:00,8.77,14198,Germany
538344,84406B,CREAM CUPID HEARTS COAT HANGER,12,2026-03-07 19:55:00,7.71,12863,Spain
538345,84029G,KNITTED UNION FLAG HOT WATER BOTTLE,28,2026-03-15 20:43:00,6.66,13877,France
538346,84406B,CREAM CUPID HEARTS COAT HANGER,29,2026-03-22 23:15:00,7.52,15054,UK
538347,84406B,CREAM CUPID HEARTS COAT HANGER,17,2026-03-05 00:42:00,7.64,15354,Spain
538348,84029G,KNITTED UNION FLAG HOT WATER BOTTLE,50,2026-03-06 07:13:00,9.77,14678,UK
538349,71053,WHITE METAL LANTERN,11,2026-03-04 14:08:00,9.45,14414,Germany
538350,84406B,CREAM CUPID HEARTS COAT HANGER,11,2026-03-02 15:52:00,3.67,12764,Germany
538351,22633,HAND WARMER UNION JACK,49,2026-03-18 23:05:00,8.49,16615,Spain
538352,22633,HAND WARMER UNION JACK,19,2026-03-18 03:45:00,3.58,12507,Germany
538353,22633,HAND WARMER UNION JACK,16,2026-03-14 03:46:00,8.93,14223,France
538354,71053,WHITE METAL LANTERN,37,2026-03-09 17:39:00,9.94,15193,France
538355,84029G,KNITTED UNION FLAG HOT WATER BOTTLE,11,2026-03-21 03:23:00,6.05,14455,Spain
538356,85123A,WHITE HANGING HEART T-LIGHT HOLDER,1,2026-03-12 18:03:00,1.72,13046,France
538357,84029G,KNITTED UNION FLAG HOT WATER BOTTLE,43,2026-03-25 18:48:00,7.42,15276,UK
538358,71053,WHITE METAL LANTERN,8,2026-03-14 20:53:00,9.89,12260,Spain
538359,85123A,WHITE HANGING HEART T-LIGHT HOLDER,29,2026-03-03 08:32:00,5.91,14337,France
538360,71053,WHITE METAL LANTERN,4,2026-03-15 23:33:00,7.96,16168,France
538361,71053,WHITE METAL LANTERN,39,2026-03-02 01:03:00,7.14,15952,UK
538362,85123A,WHITE HANGING HEART T-LIGHT HOLDER,28,2026-03-25 04:06:00,4.64,14575,UK
538363,84029G,KNITTED UNION FLAG HOT WATER BOTTLE,28,2026-03-22 17:18:00,1.86,12210,UK
538364,71053,WHITE METAL LANTERN,36,2026-03-14 17:09:00,9.09,13443,France
538365,85123A,WHITE HANGING HEART T-LIGHT HOLDER,49,2026-03-25 10:45:00,7.19,13528,France
538366,84406B,CREAM CUPID HEARTS COAT HANGER,21,2026-03-04 20:12:00,6.96,12589,Italy
538367,84406B,CREAM CUPID HEARTS COAT HANGER,2,2026-03-26 07:36:00,4.54,17444,Spain
538368,84029G,KNITTED UNION FLAG HOT WATER BOTTLE,29,2026-03-15 18:37:00,6.58,15222,Spain
538369,71053,WHITE METAL LANTERN,42,2026-03-03 07:02:00,1.87,15178,UK
538370,22633,HAND WARMER UNION JACK,10,2026-03-06 01:05:00,4.3,12713,UK
538371,84406B,CREAM CUPID HEARTS COAT HANGER,18,2026-03-08 02:39:00,9.98,12807,Germany
538372,84029G,KNITTED UNION FLAG HOT WATER BOTTLE,6,2026-03-23 07:25:00,2.78,13277,Spain
538373,85123A,WHITE HANGING HEART T-LIGHT HOLDER,47,2026-03-21 08:17:00,1.07,12041,Spain
538374,84406B,CREAM CUPID HEARTS COAT HANGER,17,2026-03-05 21:33:00,6.47,17748,France
538375,85123A,WHITE HANGING HEART T-LIGHT HOLDER,7,2026-03-07 21:59:00,5.05,13734,France
538376,71053,WHITE METAL LANTERN,21,2026-03-06 19:16:00,8.54,16449,UK
538377,71053,WHITE METAL LANTERN,36,2026-03-02 09:10:00,7.68,12166,Italy
538378,84029G,KNITTED UNION FLAG HOT WATER BOTTLE,48,2026-03-24 08:41:00,4.64,14707,UK
538379,84029G,KNITTED UNION FLAG HOT WATER BOTTLE,14,2026-03-07 09:17:00,9.69,13497,Italy
538380,84406B,CREAM CUPID HEARTS COAT HANGER,49,2026-03-21 05:53:00,7.64,16478,Spain
538381,71053,WHITE METAL LANTERN,33,2026-03-02 15:21:00,6.45,12595,Italy
538382,84029G,KNITTED UNION FLAG HOT WATER BOTTLE,50,2026-03-26 06:28:00,7.62,15713,Germany
538383,84406B,CREAM CUPID HEARTS COAT HANGER,5,2026-03-03 12:08:00,6.73,14856,Spain
538384,84406B,CREAM CUPID HEARTS COAT HANGER,23,2026-03-13 00:11:00,7.43,15794,UK
538385,84029G,KNITTED UNION FLAG HOT WATER BOTTLE,6,2026-03-04 21:36:00,8.44,14164,Germany
538386,71053,WHITE METAL LANTERN,16,2026-03-04 16:27:00,5.97,16961,France
538387,85123A,WHITE HANGING HEART T-LIGHT HOLDER,40,2026-03-21 18:46:00,7.42,17977,Spain
538388,84406B,CREAM CUPID HEARTS COAT HANGER,28,2026-03-17 00:04:00,9.75,15247,Germany
538389,84029G,KNITTED UNION FLAG HOT WATER BOTTLE,36,2026-03-09 08:04:00,8.92,12094,Italy
538390,85123A,WHITE HANGING HEART T-LIGHT HOLDER,49,2026-03-22 14:21:00,3.83,15313,Germany
538391,85123A,WHITE HANGING HEART T-LIGHT HOLDER,15,2026-03-23 01:37:00,2.31,17806,Spain
538392,84406B,CREAM CUPID HEARTS COAT HANGER,41,2026-03-21 17:53:00,7.49,13821,France
538393,84029G,KNITTED UNION FLAG HOT WATER BOTTLE,24,2026-03-15 23:25:00,3.65,13258,Spain
538394,84029G,KNITTED UNION FLAG HOT WATER BOTTLE,44,2026-03-03 13:25:00,9.9,15909,Italy
538395,71053,WHITE METAL LANTERN,6,2026-03-14 11:06:00,7.32,17851,Spain
538396,22633,HAND WARMER UNION JACK,22,2026-03-05 18:26:00,4.53,15044,Italy
538397,22633,HAND WARMER UNION JACK,6,2026-03-17 08:13:00,3.89,16248,France
538398,85123A,WHITE HANGING HEART T-LIGHT HOLDER,32,2026-03-04 20:54:00,9.48,15149,UK
538399,71053,WHITE METAL LANTERN,41,2026-03-18 08:28:00,8.83,15959,France
538400,84029G,KNITTED UNION FLAG HOT WATER BOTTLE,5,2026-03-22 08:57:00,8.79,15624,France
538401,22633,HAND WARMER UNION JACK,2,2026-03-23 17:52:00,4.82,15674,UK
538402,22633,HAND WARMER UNION JACK,34,2026-03-05 00:31:00,5.8,13142,Spain
538403,84029G,KNITTED UNION FLAG HOT WATER BOTTLE,32,2026-03-12 22:31:00,3.28,16985,France
538404,22633,HAND WARMER UNION JACK,41,2026-03-02 02:32:00,1.03,14632,Italy
538405,22633,HAND WARMER UNION JACK,30,2026-03-13 12:03:00,8.35,12083,France
538406,84029G,KNITTED UNION FLAG HOT WATER BOTTLE,47,2026-03-06 04:24:00,4.61,14301,Germany
538407,71053,WHITE METAL LANTERN,29,2026-03-25 19:20:00,9.09,17521,Germany
538408,85123A,WHITE HANGING HEART T-LIGHT HOLDER,11,2026-03-10 22:48:00,9.68,14662,Germany
538409,84406B,CREAM CUPID HEARTS COAT HANGER,42,2026-03-08 20:13:00,5.93,13424,Spain
538410,71053,WHITE METAL LANTERN,43,2026-03-21 06:58:00,9.85,13690,Germany
538411,85123A,WHITE HANGING HEART T-LIGHT HOLDER,10,2026-03-17 22:02:00,3.24,12817,UK
538412,85123A,WHITE HANGING HEART T-LIGHT HOLDER,46,2026-03-03 15:04:00,5.5,15177,Germany
538413,71053,WHITE METAL LANTERN,38,2026-03-17 18:53:00,2.17,17400,UK
538414,22633,HAND WARMER UNION JACK,31,2026-03-19 18:09:00,8.93,13220,Germany
538415,71053,WHITE METAL LANTERN,23,2026-03-02 18:01:00,8.85,14643,Germany
538416,84029G,KNITTED UNION FLAG HOT WATER BOTTLE,10,2026-03-14 09:35:00,1.17,13903,Spain
538417,84406B,CREAM CUPID HEARTS COAT HANGER,8,2026-03-20 11:41:00,6.5,15811,Italy
538418,84029G,KNITTED UNION FLAG HOT WATER BOTTLE,8,2026-03-20 14:50:00,2.05,14828,Spain
538419,84029G,KNITTED UNION FLAG HOT WATER BOTTLE,10,2026-03-15 22:37:00,9.65,15315,France
538420,71053,WHITE METAL LANTERN,2,2026-03-09 14:58:00,6.37,14944,Germany
538421,84029G,KNITTED UNION FLAG HOT WATER BOTTLE,40,2026-03-02 10:01:00,8.95,12845,Germany
538422,84029G,KNITTED UNION FLAG HOT WATER BOTTLE,48,2026-03-05 05:48:00,9.83,14685,Germany
538423,84406B,CREAM CUPID HEARTS COAT HANGER,45,2026-03-24 15:58:00,3.4,14258,France
538424,84406B,CREAM CUPID HEARTS COAT HANGER,13,2026-03-12 18:00:00,3.87,12010,Germany
538425,85123A,WHITE HANGING HEART T-LIGHT HOLDER,15,2026-03-11 09:58:00,4.51,17439,UK
538426,85123A,WHITE HANGING HEART T-LIGHT HOLDER,28,2026-03-23 17:11:00,2.0,13664,Italy
538427,84029G,KNITTED UNION FLAG HOT WATER BOTTLE,41,2026-03-20 10:13:00,6.07,16448,UK
538428,71053,WHITE METAL LANTERN,12,2026-03-02 17:15:00,1.79,14101,UK
538429,71053,WHITE METAL LANTERN,22,2026-03-18 02:18:00,2.73,16316,France
538430,22633,HAND WARMER UNION JACK,13,2026-03-23 00:55:00,5.24,13321,Spain
538431,84029G,KNITTED UNION FLAG HOT WATER BOTTLE,48,2026-03-10 05:55:00,3.26,15308,France
538432,84029G,KNITTED UNION FLAG HOT WATER BOTTLE,8,2026-03-24 08:09:00,1.12,17967,France
538433,85123A,WHITE HANGING HEART T-LIGHT HOLDER,43,2026-03-20 18:35:00,3.5,12743,UK
538434,71053,WHITE METAL LANTERN,7,2026-03-23 07:52:00,9.37,17321,Germany
538435,84406B,CREAM CUPID HEARTS COAT HANGER,44,2026-03-03 14:31:00,3.19,15038,Germany
538436,71053,WHITE METAL LANTERN,2,2026-03-11 18:41:00,1.42,16040,France
538437,84029G,KNITTED UNION FLAG HOT WATER BOTTLE,14,2026-03-18 07:29:00,9.13,12130,France
538438,71053,WHITE METAL LANTERN,44,2026-03-17 03:00:00,4.53,12554,France
538439,85123A,WHITE HANGING HEART T-LIGHT HOLDER,24,2026-03-15 09:14:00,5.34,15075,Italy
538440,85123A,WHITE HANGING HEART T-LIGHT HOLDER,24,2026-03-17 18:15:00,4.33,16363,France
538441,71053,WHITE METAL LANTERN,20,2026-03-13 15:13:00,2.28,16719,Italy
538442,84406B,CREAM CUPID HEARTS COAT HANGER,49,2026-03-12 11:14:00,7.24,13880,Spain
538443,71053,WHITE METAL LANTERN,12,2026-03-10 22:17:00,1.71,13209,Italy
538444,85123A,WHITE HANGING HEART T-LIGHT HOLDER,39,2026-03-21 19:37:00,1.51,13234,UK
538445,84029G,KNITTED UNION FLAG HOT WATER BOTTLE,28,2026-03-11 17:11:00,6.5,17741,Germany
538446,84029G,KNITTED UNION FLAG HOT WATER BOTTLE,24,2026-03-12 20:30:00,7.62,13848,Germany
538447,84406B,CREAM CUPID HEARTS COAT HANGER,9,2026-03-05 22:22:00,7.44,17721,Germany
538448,22633,HAND WARMER UNION JACK,12,2026-03-18 15:02:00,9.82,17153,France
538449,85123A,WHITE HANGING HEART T-LIGHT HOLDER,12,2026-03-21 18:46:00,4.05,15844,France
538450,84406B,CREAM CUPID HEARTS COAT HANGER,36,2026-03-13 18:19:00,3.94,14790,France
538451,71053,WHITE METAL LANTERN,48,2026-03-05 04:17:00,7.48,13447,Germany
538452,71053,WHITE METAL LANTERN,15,2026-03-08 18:47:00,5.31,12642,France
538453,22633,HAND WARMER UNION JACK,23,2026-03-04 21:19:00,5.52,15879,France
538454,71053,WHITE METAL LANTERN,3,2026-03-02 18:26:00,1.97,15058,France
538455,85123A,WHITE HANGING HEART T-LIGHT HOLDER,3,2026-03-06 12:46:00,1.5,14205,Italy
538456,84029G,KNITTED UNION FLAG HOT WATER BOTTLE,50,2026-03-01 10:18:00,3.49,16613,France
538457,85123A,WHITE HANGING HEART T-LIGHT HOLDER,32,2026-03-09 17:06:00,2.32,13231,Germany
538458,85123A,WHITE HANGING HEART T-LIGHT HOLDER,2,2026-03-06 19:48:00,8.77,13107,Spain
538459,22633,HAND WARMER UNION JACK,2,2026-03-24 05:33:00,9.56,13279,UK
538460,84406B,CREAM CUPID HEARTS COAT HANGER,46,2026-03-05 07:50:00,1.34,12199,France
538461,22633,HAND WARMER UNION JACK,44,2026-03-19 16:11:00,2.19,16566,Germany
538462,85123A,WHITE HANGING HEART T-LIGHT HOLDER,2,2026-03-20 05:15:00,7.82,16059,Germany
538463,84406B,CREAM CUPID HEARTS COAT HANGER,5,2026-03-21 01:04:00,3.29,14857,Spain
538464,85123A,WHITE HANGING HEART T-LIGHT HOLDER,17,2026-03-07 23:28:00,5.3,12015,Germany
538465,85123A,WHITE HANGING HEART T-LIGHT HOLDER,46,2026-03-23 20:17:00,4.84,16880,Spain
538466,84029G,KNITTED UNION FLAG HOT WATER BOTTLE,46,2026-03-04 21:59:00,1.64,16996,Spain
538467,85123A,WHITE HANGING HEART T-LIGHT HOLDER,25,2026-03-25 19:46:00,7.22,16458,UK
538468,84029G,KNITTED UNION FLAG HOT WATER BOTTLE,13,2026-03-02 05:28:00,9.85,17405,Germany
538469,22633,HAND WARMER UNION JACK,19,2026-03-08 00:49:00,5.64,16229,France
538470,22633,HAND WARMER UNION JACK,48,2026-03-06 20:45:00,1.1,12455,Germany
538471,22633,HAND WARMER UNION JACK,37,2026-03-21 08:27:00,4.38,13048,UK
538472,71053,WHITE METAL LANTERN,11,2026-03-17 08:57:00,3.64,14491,Italy
538473,22633,HAND WARMER UNION JACK,9,2026-03-23 11:41:00,8.9,12985,UK
538474,84029G,KNITTED UNION FLAG HOT WATER BOTTLE,8,2026-03-22 12:03:00,1.89,15324,Italy
538475,71053,WHITE METAL LANTERN,10,2026-03-09 14:09:00,1.92,15220,France
538476,85123A,WHITE HANGING HEART T-LIGHT HOLDER,39,2026-03-16 15:55:00,2.97,14921,Italy
538477,84029G,KNITTED UNION FLAG HOT WATER BOTTLE,16,2026-03-04 21:19:00,5.0,13207,Italy
538478,71053,WHITE METAL LANTERN,12,2026-03-12 22:41:00,5.65,14666,Germany
538479,71053,WHITE METAL LANTERN,6,2026-03-13 12:07:00,4.5,15154,UK
538480,71053,WHITE METAL LANTERN,49,2026-03-11 13:32:00,3.33,15514,Germany
538481,84406B,CREAM CUPID HEARTS COAT HANGER,48,2026-03-04 10:59:00,9.71,12069,Germany
538482,85123A,WHITE HANGING HEART T-LIGHT HOLDER,22,2026-03-05 12:34:00,2.9,13039,Italy
538483,22633,HAND WARMER UNION JACK,10,2026-03-08 14:50:00,3.52,13930,France
538484,85123A,WHITE HANGING HEART T-LIGHT HOLDER,18,2026-03-08 13:39:00,7.62,12272,France
538485,85123A,WHITE HANGING HEART T-LIGHT HOLDER,6,2026-03-01 13:42:00,6.02,13208,Germany
538486,22633,HAND WARMER UNION JACK,44,2026-03-13 10:40:00,9.05,17218,UK
538487,71053,WHITE METAL LANTERN,34,2026-03-13 17:32:00,6.42,12058,France
538488,85123A,WHITE HANGING HEART T-LIGHT HOLDER,3,2026-03-18 23:06:00,9.39,14599,Italy
538489,22633,HAND WARMER UNION JACK,42,2026-03-24 23:32:00,9.56,15488,UK
538490,84406B,CREAM CUPID HEARTS COAT HANGER,43,2026-03-11 15:06:00,4.81,16866,Germany
538491,84029G,KNITTED UNION FLAG HOT WATER BOTTLE,22,2026-03-19 08:31:00,8.82,15248,Spain
538492,84029G,KNITTED UNION FLAG HOT WATER BOTTLE,27,2026-03-10 15:05:00,2.02,13530,UK
538493,84029G,KNITTED UNION FLAG HOT WATER BOTTLE,31,2026-03-09 22:51:00,7.53,13254,UK
538494,22633,HAND WARMER UNION JACK,47,2026-03-17 15:38:00,4.96,16733,France
538495,85123A,WHITE HANGING HEART T-LIGHT HOLDER,3,2026-03-11 05:05:00,7.67,16431,UK
538496,84029G,KNITTED UNION FLAG HOT WATER BOTTLE,45,2026-03-26 03:47:00,7.99,14384,Spain
538497,85123A,WHITE HANGING HEART T-LIGHT HOLDER,16,2026-03-07 20:32:00,6.48,14428,Italy
538498,71053,WHITE METAL LANTERN,36,2026-03-04 05:41:00,1.78,17447,Spain
538499,84406B,CREAM CUPID HEARTS COAT HANGER,20,2026-03-12 13:27:00,7.5,12532,Italy
538500,84406B,CREAM CUPID HEARTS COAT HANGER,1,2026-03-24 05:37:00,4.42,16479,France
538501,84029G,KNITTED UNION FLAG HOT WATER BOTTLE,7,2026-03-18 08:21:00,5.62,15660,Germany
538502,84406B,CREAM CUPID HEARTS COAT HANGER,31,2026-03-04 08:15:00,4.58,12474,Germany
538503,71053,WHITE METAL LANTERN,30,2026-03-04 15:55:00,7.08,16187,Germany
538504,85123A,WHITE HANGING HEART T-LIGHT HOLDER,18,2026-03-13 14:19:00,8.75,16319,Italy
538505,22633,HAND WARMER UNION JACK,23,2026-03-16 10:28:00,9.68,14828,Spain
538506,84029G,KNITTED UNION FLAG HOT WATER BOTTLE,41,2026-03-20 11:43:00,3.89,13223,Italy
538507,85123A,WHITE HANGING HEART T-LIGHT HOLDER,5,2026-03-20 18:52:00,6.18,14658,France
538508,84029G,KNITTED UNION FLAG HOT WATER BOTTLE,12,2026-03-16 14:34:00,8.75,14980,UK
538509,84406B,CREAM CUPID HEARTS COAT HANGER,40,2026-03-04 05:43:00,2.82,14587,Spain
538510,84406B,CREAM CUPID HEARTS COAT HANGER,44,2026-03-21 20:16:00,9.5,15968,France
538511,71053,WHITE METAL LANTERN,42,2026-03-06 07:34:00,8.63,12766,France
538512,84406B,CREAM CUPID HEARTS COAT HANGER,16,2026-03-04 13:13:00,2.02,16456,Spain
538513,22633,HAND WARMER UNION JACK,37,2026-03-03 22:49:00,9.34,16679,France
538514,71053,WHITE METAL LANTERN,47,2026-03-06 21:07:00,1.91,14554,Germany
538515,71053,WHITE METAL LANTERN,43,2026-03-21 23:59:00,5.87,12229,Spain
538516,84406B,CREAM CUPID HEARTS COAT HANGER,18,2026-03-22 13:46:00,2.69,14616,Germany
538517,84406B,CREAM CUPID HEARTS COAT HANGER,8,2026-03-20 02:50:00,8.34,14169,Germany
538518,85123A,WHITE HANGING HEART T-LIGHT HOLDER,46,2026-03-18 03:38:00,5.63,15028,France
538519,71053,WHITE METAL LANTERN,37,2026-03-13 07:53:00,2.75,15819,France
538520,84029G,KNITTED UNION FLAG HOT WATER BOTTLE,10,2026-03-06 05:58:00,9.01,17099,Italy
538521,22633,HAND WARMER UNION JACK,16,2026-03-23 06:07:00,5.35,16334,Italy
538522,71053,WHITE METAL LANTERN,49,2026-03-24 16:07:00,8.25,14155,UK
538523,22633,HAND WARMER UNION JACK,36,2026-03-25 00:18:00,9.75,15311,Spain
538524,71053,WHITE METAL LANTERN,27,2026-03-18 23:04:00,5.71,16997,Italy
538525,84029G,KNITTED UNION FLAG HOT WATER BOTTLE,25,2026-03-06 07:42:00,9.01,12693,France
538526,84406B,CREAM CUPID HEARTS COAT HANGER,47,2026-03-07 17:05:00,4.5,12805,Germany
538527,84406B,CREAM CUPID HEARTS COAT HANGER,34,2026-03-23 05:07:00,9.22,14600,France
538528,84029G,KNITTED UNION FLAG HOT WATER BOTTLE,11,2026-03-24 21:40:00,4.76,16057,Germany
538529,85123A,WHITE HANGING HEART T-LIGHT HOLDER,41,2026-03-15 23:20:00,4.23,12374,Spain
538530,84406B,CREAM CUPID HEARTS COAT HANGER,3,2026-03-21 09:07:00,8.92,14997,France
538531,84406B,CREAM CUPID HEARTS COAT HANGER,26,2026-03-12 05:32:00,6.42,13199,Italy
538532,84406B,CREAM CUPID HEARTS COAT HANGER,4,2026-03-04 03:03:00,2.08,12662,France
538533,22633,HAND WARMER UNION JACK,47,2026-03-10 03:59:00,3.61,16906,Italy
538534,22633,HAND WARMER UNION JACK,25,2026-03-05 03:37:00,2.81,15177,Italy
538535,84406B,CREAM CUPID HEARTS COAT HANGER,29,2026-03-08 12:12:00,4.75,14508,Spain
538536,85123A,WHITE HANGING HEART T-LIGHT HOLDER,18,2026-03-11 13:53:00,3.56,14220,Spain
538537,84029G,KNITTED UNION FLAG HOT WATER BOTTLE,11,2026-03-15 03:11:00,9.26,14874,Italy
538538,85123A,WHITE HANGING HEART T-LIGHT HOLDER,27,2026-03-04 20:20:00,7.42,16050,Spain
538539,85123A,WHITE HANGING HEART T-LIGHT HOLDER,1,2026-03-23 01:00:00,9.37,12017,Germany
538540,84406B,CREAM CUPID HEARTS COAT HANGER,24,2026-03-08 13:35:00,1.53,15501,Spain
538541,84029G,KNITTED UNION FLAG HOT WATER BOTTLE,44,2026-03-21 01:46:00,2.67,13396,Spain
538542,84029G,KNITTED UNION FLAG HOT WATER BOTTLE,50,2026-03-12 22:41:00,3.64,16055,Germany
538543,71053,WHITE METAL LANTERN,20,2026-03-26 01:50:00,1.08,16025,France
538544,71053,WHITE METAL LANTERN,36,2026-03-09 12:13:00,8.42,16348,UK
538545,71053,WHITE METAL LANTERN,13,2026-03-23 16:11:00,4.27,16173,Spain
538546,84029G,KNITTED UNION FLAG HOT WATER BOTTLE,25,2026-03-24 16:31:00,9.65,13610,Italy
538547,84406B,CREAM CUPID HEARTS COAT HANGER,15,2026-03-02 08:33:00,2.34,14774,France
538548,85123A,WHITE HANGING HEART T-LIGHT HOLDER,11,2026-03-11 13:58:00,3.84,16937,UK
538549,84029G,KNITTED UNION FLAG HOT WATER BOTTLE,14,2026-03-03 13:50:00,8.18,14555,Germany
538550,84406B,CREAM CUPID HEARTS COAT HANGER,37,2026-03-04 05:05:00,9.43,13995,Italy
538551,22633,HAND WARMER UNION JACK,28,2026-03-06 03:26:00,5.72,14390,Spain
538552,84406B,CREAM CUPID HEARTS COAT HANGER,3,2026-03-03 00:04:00,3.67,13655,Spain
538553,84029G,KNITTED UNION FLAG HOT WATER BOTTLE,29,2026-03-25 08:42:00,2.6,13951,UK
538554,84029G,KNITTED UNION FLAG HOT WATER BOTTLE,32,2026-03-14 12:00:00,2.73,16488,Germany
538555,22633,HAND WARMER UNION JACK,31,2026-03-14 04:24:00,6.76,16180,UK
538556,85123A,WHITE HANGING HEART T-LIGHT HOLDER,29,2026-03-23 23:51:00,4.35,12155,Italy
538557,71053,WHITE METAL LANTERN,28,2026-03-02 05:17:00,9.08,14742,UK
538558,22633,HAND WARMER UNION JACK,45,2026-03-09 14:03:00,6.73,12155,Germany
538559,84406B,CREAM CUPID HEARTS COAT HANGER,11,2026-03-16 16:20:00,3.48,14744,UK
538560,84406B,CREAM CUPID HEARTS COAT HANGER,24,2026-03-24 08:26:00,1.79,14666,Spain
538561,22633,HAND WARMER UNION JACK,39,2026-03-16 05:01:00,3.02,17023,UK
538562,84029G,KNITTED UNION FLAG HOT WATER BOTTLE,15,2026-03-01 16:01:00,9.39,14483,Italy
538563,84406B,CREAM CUPID HEARTS COAT HANGER,27,2026-03-12 06:29:00,1.87,15150,Germany
538564,84029G,KNITTED UNION FLAG HOT WATER BOTTLE,18,2026-03-06 18:09:00,10.0,17764,Italy
538565,84406B,CREAM CUPID HEARTS COAT HANGER,14,2026-03-23 08:03:00,6.39,17530,France
538566,84029G,KNITTED UNION FLAG HOT WATER BOTTLE,11,2026-03-18 11:43:00,3.83,16645,Spain
538567,85123A,WHITE HANGING HEART T-LIGHT HOLDER,8,2026-03-10 20:45:00,4.88,13305,UK
538568,84029G,KNITTED UNION FLAG HOT WATER BOTTLE,28,2026-03-24 19:37:00,8.75,13439,Italy
538569,85123A,WHITE HANGING HEART T-LIGHT HOLDER,17,2026-03-24 08:05:00,1.3,14857,UK
538570,71053,WHITE METAL LANTERN,41,2026-03-09 05:27:00,7.58,16447,Germany
538571,84406B,CREAM CUPID HEARTS COAT HANGER,49,2026-03-12 01:30:00,8.28,12884,UK
538572,22633,HAND WARMER UNION JACK,34,2026-03-03 12:52:00,8.79,14595,Germany
538573,84029G,KNITTED UNION FLAG HOT WATER BOTTLE,13,2026-03-02 07:23:00,8.53,16140,Italy
538574,71053,WHITE METAL LANTERN,36,2026-03-03 09:24:00,7.68,17807,Italy
538575,22633,HAND WARMER UNION JACK,26,2026-03-25 08:38:00,7.93,15371,France
538576,84406B,CREAM CUPID HEARTS COAT HANGER,11,2026-03-22 00:39:00,9.26,16367,Italy
538577,85123A,WHITE HANGING HEART T-LIGHT HOLDER,41,2026-03-02 10:34:00,1.39,12976,Spain
538578,85123A,WHITE HANGING HEART T-LIGHT HOLDER,17,2026-03-14 15:07:00,2.78,14379,Italy
538579,84406B,CREAM CUPID HEARTS COAT HANGER,41,2026-03-21 09:01:00,6.11,15506,France
538580,84029G,KNITTED UNION FLAG HOT WATER BOTTLE,34,2026-03-20 15:39:00,8.02,17836,France
538581,71053,WHITE METAL LANTERN,34,2026-03-15 11:49:00,6.33,15444,Spain
538582,71053,WHITE METAL LANTERN,36,2026-03-04 00:46:00,6.1,12169,France
538583,84406B,CREAM CUPID HEARTS COAT HANGER,38,2026-03-14 03:41:00,8.26,17446,Germany
538584,84029G,KNITTED UNION FLAG HOT WATER BOTTLE,33,2026-03-09 03:55:00,7.86,13702,Spain
538585,84029G,KNITTED UNION FLAG HOT WATER BOTTLE,12,2026-03-04 21:49:00,6.81,17160,France
538586,85123A,WHITE HANGING HEART T-LIGHT HOLDER,35,2026-03-16 05:52:00,5.04,15435,Italy
538587,71053,WHITE METAL LANTERN,38,2026-03-02 21:37:00,5.29,12451,Italy
538588,84406B,CREAM CUPID HEARTS COAT HANGER,41,2026-03-05 14:10:00,6.74,17075,UK
538589,85123A,WHITE HANGING HEART T-LIGHT HOLDER,24,2026-03-08 05:14:00,1.01,13669,UK
538590,85123A,WHITE HANGING HEART T-LIGHT HOLDER,7,2026-03-23 01:10:00,5.07,16420,Germany
538591,84029G,KNITTED UNION FLAG HOT WATER BOTTLE,46,2026-03-22 01:12:00,9.38,14159,Spain
538592,85123A,WHITE HANGING HEART T-LIGHT HOLDER,11,2026-03-09 09:28:00,6.18,15375,Italy
538593,84029G,KNITTED UNION FLAG HOT WATER BOTTLE,21,2026-03-06 10:38:00,8.17,16776,Spain
538594,71053,WHITE METAL LANTERN,24,2026-03-15 15:30:00,6.08,13284,France
538595,71053,WHITE METAL LANTERN,18,2026-03-19 20:09:00,9.32,15049,UK
538596,84029G,KNITTED UNION FLAG HOT WATER BOTTLE,21,2026-03-15 05:54:00,8.46,15423,France
538597,71053,WHITE METAL LANTERN,49,2026-03-02 19:43:00,1.21,12840,France
538598,84406B,CREAM CUPID HEARTS COAT HANGER,15,2026-03-08 14:34:00,7.49,12007,Spain
538599,84406B,CREAM CUPID HEARTS COAT HANGER,24,2026-03-07 06:47:00,5.04,16778,Germany
538600,22633,HAND WARMER UNION JACK,50,2026-03-11 04:26:00,9.05,13637,UK
538601,84406B,CREAM CUPID HEARTS COAT HANGER,42,2026-03-10 15:35:00,8.63,15954,Germany
538602,71053,WHITE METAL LANTERN,50,2026-03-08 07:45:00,8.36,13480,UK
538603,84029G,KNITTED UNION FLAG HOT WATER BOTTLE,5,2026-03-08 04:23:00,9.67,17580,France
538604,84029G,KNITTED UNION FLAG HOT WATER BOTTLE,19,2026-03-15 23:21:00,7.16,13555,Italy
538605,22633,HAND WARMER UNION JACK,43,2026-03-20 18:02:00,5.18,14705,UK
538606,71053,WHITE METAL LANTERN,40,2026-03-03 07:09:00,5.74,12218,Germany
538607,71053,WHITE METAL LANTERN,22,2026-03-13 11:18:00,9.2,16182,UK
538608,84029G,KNITTED UNION FLAG HOT WATER BOTTLE,3,2026-03-08 15:43:00,8.12,16298,France
538609,71053,WHITE METAL LANTERN,47,2026-03-07 15:54:00,5.04,14526,Italy
538610,84029G,KNITTED UNION FLAG HOT WATER BOTTLE,49,2026-03-12 19:09:00,8.45,13578,France
538611,85123A,WHITE HANGING HEART T-LIGHT HOLDER,2,2026-03-20 13:56:00,8.06,13767,UK
538612,84029G,KNITTED UNION FLAG HOT WATER BOTTLE,14,2026-03-03 20:32:00,6.26,14878,Germany
538613,85123A,WHITE HANGING HEART T-LIGHT HOLDER,2,2026-03-20 02:25:00,3.85,16198,Germany
538614,84406B,CREAM CUPID HEARTS COAT HANGER,23,2026-03-07 10:30:00,8.73,16567,UK
538615,22633,HAND WARMER UNION JACK,36,2026-03-15 10:02:00,4.37,15142,Italy
538616,84029G,KNITTED UNION FLAG HOT WATER BOTTLE,20,2026-03-05 12:51:00,7.58,13729,Germany
538617,22633,HAND WARMER UNION JACK,19,2026-03-06 09:59:00,8.44,15218,Germany
538618,84029G,KNITTED UNION FLAG HOT WATER BOTTLE,34,2026-03-20 13:05:00,5.01,13443,Germany
538619,85123A,WHITE HANGING HEART T-LIGHT HOLDER,5,2026-03-15 00:22:00,2.57,16061,Spain
538620,84029G,KNITTED UNION FLAG HOT WATER BOTTLE,27,2026-03-16 16:10:00,3.86,12086,France
538621,71053,WHITE METAL LANTERN,16,2026-03-11 03:33:00,6.52,16770,UK
538622,85123A,WHITE HANGING HEART T-LIGHT HOLDER,47,2026-03-14 02:26:00,8.54,17532,UK
538623,71053,WHITE METAL LANTERN,27,2026-03-11 03:46:00,9.89,15122,Spain
538624,71053,WHITE METAL LANTERN,48,2026-03-15 04:53:00,4.79,15974,Spain
538625,84029G,KNITTED UNION FLAG HOT WATER BOTTLE,38,2026-03-25 08:59:00,2.61,17713,Italy
538626,22633,HAND WARMER UNION JACK,35,2026-03-16 03:28:00,5.37,13691,Italy
538627,85123A,WHITE HANGING HEART T-LIGHT HOLDER,38,2026-03-03 06:23:00,4.87,15381,Italy
538628,22633,HAND WARMER UNION JACK,34,2026-03-16 07:05:00,5.75,14045,France
538629,71053,WHITE METAL LANTERN,1,2026-03-24 21:45:00,7.01,12439,France
538630,71053,WHITE METAL LANTERN,36,2026-03-09 07:27:00,5.37,16541,Spain
538631,84029G,KNITTED UNION FLAG HOT WATER BOTTLE,17,2026-03-12 13:35:00,2.69,14141,France
538632,84406B,CREAM CUPID HEARTS COAT HANGER,49,2026-03-11 14:13:00,8.08,14140,Spain
538633,84029G,KNITTED UNION FLAG HOT WATER BOTTLE,34,2026-03-25 09:24:00,9.08,12923,Germany
538634,71053,WHITE METAL LANTERN,23,2026-03-14 21:07:00,5.17,12805,France
538635,85123A,WHITE HANGING HEART T-LIGHT HOLDER,1,2026-03-08 12:25:00,8.89,15169,Italy
538636,22633,HAND WARMER UNION JACK,47,2026-03-05 00:20:00,8.37,15502,Germany
538637,85123A,WHITE HANGING HEART T-LIGHT HOLDER,8,2026-03-24 23:15:00,9.09,14707,Spain
538638,85123A,WHITE HANGING HEART T-LIGHT HOLDER,46,2026-03-24 11:39:00,3.21,12289,Italy
538639,84406B,CREAM CUPID HEARTS COAT HANGER,25,2026-03-25 14:48:00,2.56,14695,Italy
538640,71053,WHITE METAL LANTERN,26,2026-03-19 19:01:00,5.18,14468,Italy
538641,71053,WHITE METAL LANTERN,50,2026-03-12 20:19:00,8.73,13112,France
538642,71053,WHITE METAL LANTERN,50,2026-03-07 17:42:00,1.45,12081,Germany
538643,71053,WHITE METAL LANTERN,21,2026-03-22 18:00:00,8.08,13920,France
538644,84029G,KNITTED UNION FLAG HOT WATER BOTTLE,46,2026-03-20 09:37:00,8.17,12713,UK
538645,71053,WHITE METAL LANTERN,28,2026-03-03 18:25:00,8.21,14227,Italy
538646,84029G,KNITTED UNION FLAG HOT WATER BOTTLE,31,2026-03-19 10:35:00,5.17,14110,Spain
538647,71053,WHITE METAL LANTERN,27,2026-03-12 21:20:00,7.11,16525,Germany
538648,84029G,KNITTED UNION FLAG HOT WATER BOTTLE,14,2026-03-23 09:47:00,3.61,17230,France
538649,85123A,WHITE HANGING HEART T-LIGHT HOLDER,11,2026-03-14 10:04:00,8.56,17709,Germany
538650,85123A,WHITE HANGING HEART T-LIGHT HOLDER,16,2026-03-06 01:46:00,8.89,14701,Germany
538651,85123A,WHITE HANGING HEART T-LIGHT HOLDER,20,2026-03-15 02:45:00,9.47,13860,UK
538652,84029G,KNITTED UNION FLAG HOT WATER BOTTLE,42,2026-03-10 05:12:00,8.24,16391,Italy
538653,22633,HAND WARMER UNION JACK,11,2026-03-14 08:25:00,1.89,12371,Spain
538654,84029G,KNITTED UNION FLAG HOT WATER BOTTLE,47,2026-03-09 14:38:00,9.39,13866,Germany
538655,84029G,KNITTED UNION FLAG HOT WATER BOTTLE,15,2026-03-26 04:42:00,5.39,17447,Spain
538656,85123A,WHITE HANGING HEART T-LIGHT HOLDER,11,2026-03-07 01:25:00,9.68,14264,Germany
538657,84029G,KNITTED UNION FLAG HOT WATER BOTTLE,13,2026-03-13 07:39:00,7.52,13263,France
538658,84029G,KNITTED UNION FLAG HOT WATER BOTTLE,13,2026-03-24 02:18:00,5.36,12189,Spain
538659,22633,HAND WARMER UNION JACK,18,2026-03-22 19:43:00,1.07,16402,Italy
538660,84406B,CREAM CUPID HEARTS COAT HANGER,26,2026-03-20 10:51:00,2.15,12960,France
538661,71053,WHITE METAL LANTERN,46,2026-03-02 21:42:00,2.55,13673,Italy
538662,84029G,KNITTED UNION FLAG HOT WATER BOTTLE,5,2026-03-16 03:10:00,4.62,14089,France
538663,22633,HAND WARMER UNION JACK,47,2026-03-23 13:48:00,3.34,14373,Italy
538664,22633,HAND WARMER UNION JACK,38,2026-03-02 06:30:00,5.27,14671,Germany
538665,84406B,CREAM CUPID HEARTS COAT HANGER,3,2026-03-03 07:07:00,3.12,15402,UK
538666,84029G,KNITTED UNION FLAG HOT WATER BOTTLE,2,2026-03-05 11:04:00,7.87,15729,France
538667,84406B,CREAM CUPID HEARTS COAT HANGER,37,2026-03-17 01:15:00,4.94,17313,Germany
538668,84029G,KNITTED UNION FLAG HOT WATER BOTTLE,25,2026-03-14 19:26:00,2.53,13798,France
538669,84406B,CREAM CUPID HEARTS COAT HANGER,26,2026-03-13 07:53:00,7.63,14469,UK
538670,85123A,WHITE HANGING HEART T-LIGHT HOLDER,37,2026-03-26 04:40:00,2.55,16312,Germany
538671,84406B,CREAM CUPID HEARTS COAT HANGER,39,2026-03-11 19:32:00,8.57,16026,UK
538672,84029G,KNITTED UNION FLAG HOT WATER BOTTLE,26,2026-03-25 23:09:00,7.92,13017,France
538673,71053,WHITE METAL LANTERN,35,2026-03-18 06:44:00,2.63,17030,Spain
538674,71053,WHITE METAL LANTERN,19,2026-03-02 19:03:00,4.27,13150,Germany
538675,71053,WHITE METAL LANTERN,47,2026-03-14 13:49:00,3.87,15168,Italy
538676,71053,WHITE METAL LANTERN,43,2026-03-18 14:26:00,9.31,16523,UK
538677,22633,HAND WARMER UNION JACK,25,2026-03-06 17:32:00,1.28,13364,UK
538678,85123A,WHITE HANGING HEART T-LIGHT HOLDER,42,2026-03-08 21:30:00,4.31,13963,Germany
538679,85123A,WHITE HANGING HEART T-LIGHT HOLDER,28,2026-03-18 15:39:00,9.97,15224,UK
538680,84029G,KNITTED UNION FLAG HOT WATER BOTTLE,5,2026-03-05 15:18:00,2.32,13487,UK
538681,85123A,WHITE HANGING HEART T-LIGHT HOLDER,32,2026-03-21 04:12:00,9.75,13813,France
538682,84029G,KNITTED UNION FLAG HOT WATER BOTTLE,34,2026-03-05 08:20:00,1.54,14806,UK
538683,84406B,CREAM CUPID HEARTS COAT HANGER,47,2026-03-22 16:25:00,3.7,16879,Germany
538684,22633,HAND WARMER UNION JACK,9,2026-03-25 20:36:00,4.29,16264,UK
538685,84406B,CREAM CUPID HEARTS COAT HANGER,41,2026-03-18 19:52:00,4.96,12766,Spain
538686,85123A,WHITE HANGING HEART T-LIGHT HOLDER,33,2026-03-03 01:56:00,6.41,15704,Spain
538687,84406B,CREAM CUPID HEARTS COAT HANGER,25,2026-03-12 04:59:00,7.46,16686,France
538688,84406B,CREAM CUPID HEARTS COAT HANGER,13,2026-03-09 18:49:00,2.54,12766,UK
538689,71053,WHITE METAL LANTERN,18,2026-03-06 15:32:00,3.41,16793,Italy
538690,84406B,CREAM CUPID HEARTS COAT HANGER,3,2026-03-10 11:11:00,8.92,16231,France
538691,71053,WHITE METAL LANTERN,29,2026-03-17 23:46:00,7.45,16673,Italy
538692,84406B,CREAM CUPID HEARTS COAT HANGER,29,2026-03-09 04:13:00,5.21,13397,UK
538693,85123A,WHITE HANGING HEART T-LIGHT HOLDER,3,2026-03-01 14:19:00,8.31,12529,Spain
538694,84406B,CREAM CUPID HEARTS COAT HANGER,14,2026-03-18 13:25:00,7.54,17004,France
538695,71053,WHITE METAL LANTERN,2,2026-03-13 23:50:00,9.96,17321,Spain
538696,84406B,CREAM CUPID HEARTS COAT HANGER,24,2026-03-08 20:24:00,3.17,17193,Italy
538697,71053,WHITE METAL LANTERN,8,2026-03-19 14:18:00,7.48,17829,Germany
538698,22633,HAND WARMER UNION JACK,41,2026-03-16 05:29:00,6.48,12175,France
538699,22633,HAND WARMER UNION JACK,17,2026-03-07 10:36:00,7.67,12421,UK
538700,71053,WHITE METAL LANTERN,22,2026-03-09 01:08:00,2.21,13181,Spain
538701,84029G,KNITTED UNION FLAG HOT WATER BOTTLE,30,2026-03-01 21:35:00,2.9,16370,UK
538702,85123A,WHITE HANGING HEART T-LIGHT HOLDER,35,2026-03-20 07:54:00,7.98,16601,France
538703,84029G,KNITTED UNION FLAG HOT WATER BOTTLE,29,2026-03-09 20:26:00,6.96,15251,Spain
538704,22633,HAND WARMER UNION JACK,4,2026-03-24 14:01:00,6.6,12055,Spain
538705,84029G,KNITTED UNION FLAG HOT WATER BOTTLE,30,2026-03-25 21:02:00,7.99,17646,Spain
538706,84029G,KNITTED UNION FLAG HOT WATER BOTTLE,30,2026-03-03 19:06:00,5.46,14527,UK
538707,71053,WHITE METAL LANTERN,32,2026-03-17 11:37:00,7.68,17032,Italy
538708,22633,HAND WARMER UNION JACK,20,2026-03-23 00:37:00,2.33,15511,Italy
538709,71053,WHITE METAL LANTERN,48,2026-03-20 00:14:00,4.81,13304,UK
538710,84029G,KNITTED UNION FLAG HOT WATER BOTTLE,36,2026-03-10 17:35:00,8.31,12256,France
538711,84406B,CREAM CUPID HEARTS COAT HANGER,34,2026-03-16 02:25:00,8.84,13155,UK
538712,22633,HAND WARMER UNION JACK,21,2026-03-06 07:50:00,8.45,16011,Spain
538713,84029G,KNITTED UNION FLAG HOT WATER BOTTLE,37,2026-03-02 06:38:00,7.95,17871,France
538714,85123A,WHITE HANGING HEART T-LIGHT HOLDER,50,2026-03-04 03:33:00,7.39,17972,Italy
538715,85123A,WHITE HANGING HEART T-LIGHT HOLDER,15,2026-03-18 09:18:00,7.99,14593,France
538716,22633,HAND WARMER UNION JACK,50,2026-03-12 16:40:00,1.49,13419,Spain
538717,85123A,WHITE HANGING HEART T-LIGHT HOLDER,25,2026-03-02 21:50:00,5.97,12729,Germany
538718,85123A,WHITE HANGING HEART T-LIGHT HOLDER,28,2026-03-23 19:39:00,7.56,17618,France
538719,84406B,CREAM CUPID HEARTS COAT HANGER,16,2026-03-06 09:31:00,9.82,15208,France
538720,71053,WHITE METAL LANTERN,12,2026-03-15 08:00:00,9.96,13150,Germany
538721,84029G,KNITTED UNION FLAG HOT WATER BOTTLE,40,2026-03-15 09:41:00,5.29,16214,UK
538722,71053,WHITE METAL LANTERN,35,2026-03-11 05:01:00,6.74,15985,UK
538723,85123A,WHITE HANGING HEART T-LIGHT HOLDER,42,2026-03-02 20:28:00,8.37,17608,France
538724,71053,WHITE METAL LANTERN,22,2026-03-11 08:10:00,9.51,14691,Italy
538725,85123A,WHITE HANGING HEART T-LIGHT HOLDER,24,2026-03-10 11:54:00,1.16,12864,UK
538726,84029G,KNITTED UNION FLAG HOT WATER BOTTLE,13,2026-03-02 00:06:00,7.1,16204,Italy
538727,22633,HAND WARMER UNION JACK,10,2026-03-05 18:36:00,9.68,13129,Italy
538728,71053,WHITE METAL LANTERN,23,2026-03-24 23:41:00,7.23,14492,Germany
538729,84029G,KNITTED UNION FLAG HOT WATER BOTTLE,39,2026-03-05 01:06:00,9.25,13002,Spain
538730,85123A,WHITE HANGING HEART T-LIGHT HOLDER,7,2026-03-02 03:58:00,5.92,14110,France
538731,22633,HAND WARMER UNION JACK,46,2026-03-04 19:00:00,9.29,14123,Italy
538732,22633,HAND WARMER UNION JACK,25,2026-03-10 23:17:00,4.05,14065,Germany
538733,84029G,KNITTED UNION FLAG HOT WATER BOTTLE,17,2026-03-17 11:11:00,5.01,14861,Italy
538734,22633,HAND WARMER UNION JACK,41,2026-03-18 00:24:00,3.83,12532,Germany
538735,84406B,CREAM CUPID HEARTS COAT HANGER,32,2026-03-19 00:58:00,1.79,13871,Germany
538736,84029G,KNITTED UNION FLAG HOT WATER BOTTLE,21,2026-03-05 00:33:00,8.67,12097,Italy
538737,71053,WHITE METAL LANTERN,5,2026-03-10 22:27:00,1.35,12435,Spain
538738,71053,WHITE METAL LANTERN,37,2026-03-17 16:33:00,1.08,13582,UK
538739,84029G,KNITTED UNION FLAG HOT WATER BOTTLE,38,2026-03-05 20:55:00,7.94,17904,Italy
538740,71053,WHITE METAL LANTERN,35,2026-03-18 20:15:00,9.76,16747,Italy
538741,22633,HAND WARMER UNION JACK,19,2026-03-11 18:32:00,1.35,17627,France
538742,84029G,KNITTED UNION FLAG HOT WATER BOTTLE,13,2026-03-09 21:57:00,9.75,12882,France
538743,84029G,KNITTED UNION FLAG HOT WATER BOTTLE,13,2026-03-21 10:43:00,5.36,16488,Germany
538744,84029G,KNITTED UNION FLAG HOT WATER BOTTLE,26,2026-03-04 01:53:00,9.73,17222,Germany
538745,84406B,CREAM CUPID HEARTS COAT HANGER,27,2026-03-05 17:47:00,6.59,16513,UK
538746,85123A,WHITE HANGING HEART T-LIGHT HOLDER,11,2026-03-16 12:45:00,2.15,13004,UK
538747,84406B,CREAM CUPID HEARTS COAT HANGER,49,2026-03-20 01:40:00,8.56,16918,UK
538748,84406B,CREAM CUPID HEARTS COAT HANGER,8,2026-03-03 13:27:00,3.76,13693,Italy
538749,22633,HAND WARMER UNION JACK,48,2026-03-14 14:27:00,8.34,14356,France
538750,22633,HAND WARMER UNION JACK,39,2026-03-03 01:20:00,1.52,14456,France
538751,22633,HAND WARMER UNION JACK,2,2026-03-14 21:55:00,2.49,12874,Germany
538752,84029G,KNITTED UNION FLAG HOT WATER BOTTLE,9,2026-03-03 00:25:00,9.55,17549,UK
538753,85123A,WHITE HANGING HEART T-LIGHT HOLDER,47,2026-03-15 03:06:00,8.53,15095,UK
538754,71053,WHITE METAL LANTERN,20,2026-03-05 03:16:00,4.38,13616,UK
538755,71053,WHITE METAL LANTERN,20,2026-03-02 09:44:00,6.01,13500,Italy
538756,71053,WHITE METAL LANTERN,35,2026-03-10 05:11:00,8.02,12907,Spain
538757,22633,HAND WARMER UNION JACK,30,2026-03-05 10:47:00,1.47,17344,Italy
538758,71053,WHITE METAL LANTERN,25,2026-03-06 18:15:00,8.51,16135,Germany
538759,84029G,KNITTED UNION FLAG HOT WATER BOTTLE,27,2026-03-01 16:28:00,4.16,15638,UK
538760,71053,WHITE METAL LANTERN,46,2026-03-20 15:12:00,1.05,12575,Germany
538761,22633,HAND WARMER UNION JACK,38,2026-03-16 23:37:00,7.91,16422,France
538762,85123A,WHITE HANGING HEART T-LIGHT HOLDER,6,2026-03-25 18:02:00,8.05,15676,Spain
538763,85123A,WHITE HANGING HEART T-LIGHT HOLDER,23,2026-03-17 02:20:00,5.47,15939,UK
538764,71053,WHITE METAL LANTERN,6,2026-03-18 15:24:00,7.04,15138,France
538765,84406B,CREAM CUPID HEARTS COAT HANGER,43,2026-03-11 16:09:00,3.46,17299,UK
538766,84029G,KNITTED UNION FLAG HOT WATER BOTTLE,45,2026-03-17 14:45:00,4.42,16402,Spain
538767,22633,HAND WARMER UNION JACK,42,2026-03-13 07:57:00,7.44,13228,Germany
538768,71053,WHITE METAL LANTERN,18,2026-03-05 21:50:00,5.11,17321,Italy
538769,84406B,CREAM CUPID HEARTS COAT HANGER,14,2026-03-04 14:42:00,5.65,14522,France
538770,85123A,WHITE HANGING HEART T-LIGHT HOLDER,13,2026-03-22 06:27:00,5.51,12378,France
538771,84406B,CREAM CUPID HEARTS COAT HANGER,48,2026-03-14 22:23:00,3.86,17312,Spain
538772,71053,WHITE METAL LANTERN,15,2026-03-01 12:46:00,1.87,14697,France
538773,71053,WHITE METAL LANTERN,46,2026-03-05 06:15:00,7.2,14088,France
538774,84029G,KNITTED UNION FLAG HOT WATER BOTTLE,25,2026-03-16 21:23:00,6.68,16044,Germany
538775,22633,HAND WARMER UNION JACK,43,2026-03-13 14:02:00,9.23,14287,Spain
538776,22633,HAND WARMER UNION JACK,37,2026-03-03 15:54:00,2.68,14668,UK
538777,71053,WHITE METAL LANTERN,17,2026-03-01 21:22:00,6.38,13419,France
538778,85123A,WHITE HANGING HEART T-LIGHT HOLDER,45,2026-03-16 11:17:00,5.49,14058,France
538779,71053,WHITE METAL LANTERN,35,2026-03-13 05:33:00,3.19,14812,Italy
538780,84029G,KNITTED UNION FLAG HOT WATER BOTTLE,43,2026-03-11 07:44:00,1.81,15337,Italy
538781,85123A,WHITE HANGING HEART T-LIGHT HOLDER,30,2026-03-25 22:59:00,7.86,12209,UK
538782,84406B,CREAM CUPID HEARTS COAT HANGER,26,2026-03-02 18:29:00,6.42,15310,France
538783,22633,HAND WARMER UNION JACK,12,2026-03-14 14:25:00,2.35,13941,Spain
538784,22633,HAND WARMER UNION JACK,17,2026-03-03 12:09:00,3.28,16162,France
538785,22633,HAND WARMER UNION JACK,18,2026-03-25 13:32:00,7.04,14745,UK
538786,71053,WHITE METAL LANTERN,1,2026-03-15 03:33:00,5.47,13203,Italy
538787,22633,HAND WARMER UNION JACK,30,2026-03-09 10:47:00,6.19,13541,France
538788,84406B,CREAM CUPID HEARTS COAT HANGER,44,2026-03-10 14:51:00,3.82,12157,Spain
538789,85123A,WHITE HANGING HEART T-LIGHT HOLDER,3,2026-03-15 00:20:00,8.01,12000,Italy
538790,71053,WHITE METAL LANTERN,2,2026-03-21 15:27:00,6.9,17098,France
538791,85123A,WHITE HANGING HEART T-LIGHT HOLDER,48,2026-03-01 20:48:00,9.61,14710,France
538792,71053,WHITE METAL LANTERN,32,2026-03-13 00:52:00,4.62,16229,UK
538793,84406B,CREAM CUPID HEARTS COAT HANGER,44,2026-03-05 06:34:00,6.37,13989,UK
538794,84406B,CREAM CUPID HEARTS COAT HANGER,37,2026-03-04 12:10:00,9.65,12946,France
538795,84029G,KNITTED UNION FLAG HOT WATER BOTTLE,47,2026-03-17 23:28:00,5.74,15269,Italy
538796,71053,WHITE METAL LANTERN,30,2026-03-01 23:01:00,2.31,14081,Italy
538797,84029G,KNITTED UNION FLAG HOT WATER BOTTLE,26,2026-03-23 08:21:00,4.27,16530,Germany
538798,84029G,KNITTED UNION FLAG HOT WATER BOTTLE,40,2026-03-14 12:56:00,5.72,16256,Germany
538799,71053,WHITE METAL LANTERN,27,2026-03-20 01:42:00,6.67,12594,Spain
538800,84406B,CREAM CUPID HEARTS COAT HANGER,44,2026-03-15 22:48:00,6.19,13654,Italy
538801,71053,WHITE METAL LANTERN,49,2026-03-13 19:30:00,8.48,14408,Germany
538802,22633,HAND WARMER UNION JACK,35,2026-03-23 15:53:00,6.85,15411,Spain
538803,85123A,WHITE HANGING HEART T-LIGHT HOLDER,31,2026-03-21 10:08:00,5.37,17792,Italy
538804,84406B,CREAM CUPID HEARTS COAT HANGER,46,2026-03-03 10:14:00,8.69,14542,Italy
538805,84406B,CREAM CUPID HEARTS COAT HANGER,11,2026-03-21 10:45:00,6.35,16315,France
538806,84406B,CREAM CUPID HEARTS COAT HANGER,21,2026-03-21 07:53:00,2.89,12155,France
538807,71053,WHITE METAL LANTERN,40,2026-03-05 19:41:00,7.74,16043,Spain
538808,84029G,KNITTED UNION FLAG HOT WATER BOTTLE,14,2026-03-13 06:11:00,6.45,15893,Italy
538809,85123A,WHITE HANGING HEART T-LIGHT HOLDER,5,2026-03-17 17:44:00,7.09,13779,France
538810,84029G,KNITTED UNION FLAG HOT WATER BOTTLE,33,2026-03-02 01:46:00,1.57,17460,UK
538811,71053,WHITE METAL LANTERN,17,2026-03-13 16:58:00,8.38,13114,France
538812,22633,HAND WARMER UNION JACK,8,2026-03-15 18:23:00,2.65,14296,Germany
538813,22633,HAND WARMER UNION JACK,32,2026-03-05 07:32:00,7.53,16996,Germany
538814,84029G,KNITTED UNION FLAG HOT WATER BOTTLE,14,2026-03-18 08:22:00,2.71,14575,Germany
538815,85123A,WHITE HANGING HEART T-LIGHT HOLDER,6,2026-03-03 07:31:00,9.52,16347,France
538816,84029G,KNITTED UNION FLAG HOT WATER BOTTLE,41,2026-03-20 11:18:00,8.0,16023,Germany
538817,85123A,WHITE HANGING HEART T-LIGHT HOLDER,1,2026-03-03 06:01:00,4.55,12079,Spain
538818,85123A,WHITE HANGING HEART T-LIGHT HOLDER,13,2026-03-21 15:48:00,2.57,17507,UK
538819,84406B,CREAM CUPID HEARTS COAT HANGER,4,2026-03-20 21:57:00,3.29,15722,UK
538820,22633,HAND WARMER UNION JACK,17,2026-03-13 00:37:00,4.27,15411,UK
538821,85123A,WHITE HANGING HEART T-LIGHT HOLDER,37,2026-03-16 23:37:00,3.61,12778,France
538822,71053,WHITE METAL LANTERN,35,2026-03-04 08:38:00,8.09,12050,Italy
538823,84029G,KNITTED UNION FLAG HOT WATER BOTTLE,29,2026-03-14 18:51:00,6.62,15052,France
538824,71053,WHITE METAL LANTERN,48,2026-03-09 07:39:00,9.81,14942,UK
538825,22633,HAND WARMER UNION JACK,1,2026-03-13 16:15:00,6.34,17020,France
538826,84029G,KNITTED UNION FLAG HOT WATER BOTTLE,4,2026-03-10 03:47:00,6.27,12680,Italy
538827,22633,HAND WARMER UNION JACK,34,2026-03-10 23:12:00,6.51,12951,Germany
538828,71053,WHITE METAL LANTERN,26,2026-03-03 17:48:00,2.46,13529,Italy
538829,22633,HAND WARMER UNION JACK,14,2026-03-10 15:26:00,6.01,15690,France
538830,85123A,WHITE HANGING HEART T-LIGHT HOLDER,44,2026-03-17 14:09:00,5.15,15353,UK
538831,84029G,KNITTED UNION FLAG HOT WATER BOTTLE,32,2026-03-15 22:10:00,1.89,12024,Italy
538832,84406B,CREAM CUPID HEARTS COAT HANGER,12,2026-03-18 10:07:00,1.94,13223,Germany
538833,84029G,KNITTED UNION FLAG HOT WATER BOTTLE,49,2026-03-17 22:01:00,2.39,12858,Italy
538834,71053,WHITE METAL LANTERN,46,2026-03-24 14:38:00,5.34,17704,UK
538835,22633,HAND WARMER UNION JACK,11,2026-03-13 00:27:00,5.15,16934,Germany
538836,22633,HAND WARMER UNION JACK,19,2026-03-13 07:06:00,3.78,14200,France
538837,71053,WHITE METAL LANTERN,33,2026-03-18 21:11:00,6.05,12870,France
538838,85123A,WHITE HANGING HEART T-LIGHT HOLDER,38,2026-03-09 22:18:00,2.85,14206,Germany
538839,84029G,KNITTED UNION FLAG HOT WATER BOTTLE,9,2026-03-25 15:33:00,1.73,16862,Italy
538840,22633,HAND WARMER UNION JACK,20,2026-03-10 08:22:00,9.6,13067,Germany
538841,71053,WHITE METAL LANTERN,38,2026-03-15 16:09:00,5.68,15231,Germany
538842,71053,WHITE METAL LANTERN,41,2026-03-16 05:19:00,5.45,17210,UK
538843,84406B,CREAM CUPID HEARTS COAT HANGER,6,2026-03-16 12:55:00,5.01,15676,UK
538844,84406B,CREAM CUPID HEARTS COAT HANGER,35,2026-03-08 02:35:00,3.74,15750,UK
538845,84029G,KNITTED UNION FLAG HOT WATER BOTTLE,50,2026-03-18 09:36:00,5.69,17451,Germany
538846,85123A,WHITE HANGING HEART T-LIGHT HOLDER,29,2026-03-17 10:58:00,4.77,13302,UK
538847,71053,WHITE METAL LANTERN,41,2026-03-14 16:31:00,3.63,12879,Germany
538848,22633,HAND WARMER UNION JACK,9,2026-03-08 06:42:00,2.48,12305,UK
538849,71053,WHITE METAL LANTERN,43,2026-03-09 02:52:00,1.55,12435,Italy
538850,84029G,KNITTED UNION FLAG HOT WATER BOTTLE,31,2026-03-17 14:11:00,7.76,14371,UK
538851,71053,WHITE METAL LANTERN,30,2026-03-05 01:51:00,3.84,13988,Spain
538852,85123A,WHITE HANGING HEART T-LIGHT HOLDER,46,2026-03-10 12:00:00,1.34,14737,France
538853,84406B,CREAM CUPID HEARTS COAT HANGER,41,2026-03-21 12:30:00,5.69,14905,UK
538854,85123A,WHITE HANGING HEART T-LIGHT HOLDER,17,2026-03-09 05:16:00,9.56,17468,France
538855,71053,WHITE METAL LANTERN,47,2026-03-24 14:36:00,7.23,13592,Germany
538856,71053,WHITE METAL LANTERN,1,2026-03-14 10:12:00,7.46,15691,Spain
538857,84029G,KNITTED UNION FLAG HOT WATER BOTTLE,12,2026-03-04 06:43:00,4.43,16582,France
538858,84029G,KNITTED UNION FLAG HOT WATER BOTTLE,18,2026-03-25 08:47:00,2.01,14915,UK
538859,71053,WHITE METAL LANTERN,31,2026-03-12 02:28:00,2.66,12245,Italy
538860,22633,HAND WARMER UNION JACK,11,2026-03-24 00:36:00,4.22,15971,Spain
538861,84406B,CREAM CUPID HEARTS COAT HANGER,36,2026-03-06 02:04:00,7.74,12181,France
538862,85123A,WHITE HANGING HEART T-LIGHT HOLDER,14,2026-03-07 05:47:00,4.56,15767,Italy
538863,84029G,KNITTED UNION FLAG HOT WATER BOTTLE,47,2026-03-20 01:16:00,4.98,12601,France
538864,85123A,WHITE HANGING HEART T-LIGHT HOLDER,29,2026-03-19 14:24:00,9.19,16355,Italy
538865,85123A,WHITE HANGING HEART T-LIGHT HOLDER,3,2026-03-23 16:28:00,8.55,14591,Spain
538866,22633,HAND WARMER UNION JACK,34,2026-03-07 18:23:00,2.53,14399,Spain
538867,71053,WHITE METAL LANTERN,35,2026-03-14 18:18:00,2.49,12157,Germany
538868,84406B,CREAM CUPID HEARTS COAT HANGER,41,2026-03-10 04:42:00,8.42,14155,Spain
538869,22633,HAND WARMER UNION JACK,10,2026-03-22 01:47:00,8.77,15095,Germany
538870,85123A,WHITE HANGING HEART T-LIGHT HOLDER,20,2026-03-23 09:24:00,3.54,14618,Spain
538871,71053,WHITE METAL LANTERN,24,2026-03-05 08:39:00,4.76,12718,Germany
538872,71053,WHITE METAL LANTERN,31,2026-03-17 23:54:00,6.83,15917,Italy
538873,85123A,WHITE HANGING HEART T-LIGHT HOLDER,3,2026-03-25 16:08:00,3.38,12268,Spain
538874,84029G,KNITTED UNION FLAG HOT WATER BOTTLE,38,2026-03-08 17:10:00,4.9,12308,Italy
538875,71053,WHITE METAL LANTERN,47,2026-03-15 12:47:00,3.04,14697,Italy
538876,84029G,KNITTED UNION FLAG HOT WATER BOTTLE,22,2026-03-20 06:09:00,9.83,12099,UK
538877,84029G,KNITTED UNION FLAG HOT WATER BOTTLE,24,2026-03-08 08:34:00,6.66,17175,UK
538878,22633,HAND WARMER UNION JACK,19,2026-03-09 06:53:00,8.5,17475,Spain
538879,85123A,WHITE HANGING HEART T-LIGHT HOLDER,30,2026-03-15 02:15:00,7.65,15068,France
538880,84029G,KNITTED UNION FLAG HOT WATER BOTTLE,7,2026-03-09 20:45:00,1.63,17784,France
538881,84406B,CREAM CUPID HEARTS COAT HANGER,47,2026-03-21 13:57:00,9.29,15914,Italy
538882,22633,HAND WARMER UNION JACK,43,2026-03-18 18:52:00,5.28,16346,France
538883,84029G,KNITTED UNION FLAG HOT WATER BOTTLE,4,2026-03-12 11:39:00,7.05,16986,Italy
538884,84406B,CREAM CUPID HEARTS COAT HANGER,8,2026-03-11 00:20:00,9.56,12835,France
538885,71053,WHITE METAL LANTERN,46,2026-03-08 04:45:00,3.27,15946,Spain
538886,71053,WHITE METAL LANTERN,31,2026-03-20 19:46:00,5.26,13682,UK
538887,84029G,KNITTED UNION FLAG HOT WATER BOTTLE,46,2026-03-22 11:09:00,4.57,15058,Spain
538888,84406B,CREAM CUPID HEARTS COAT HANGER,23,2026-03-25 02:08:00,3.38,13767,Germany
538889,84029G,KNITTED UNION FLAG HOT WATER BOTTLE,22,2026-03-22 19:02:00,2.45,14705,Spain
538890,84029G,KNITTED UNION FLAG HOT WATER BOTTLE,31,2026-03-08 09:06:00,6.41,12161,UK
538891,84029G,KNITTED UNION FLAG HOT WATER BOTTLE,48,2026-03-11 18:40:00,5.53,14395,France
538892,84029G,KNITTED UNION FLAG HOT WATER BOTTLE,12,2026-03-04 20:11:00,6.29,14608,France
538893,84406B,CREAM CUPID HEARTS COAT HANGER,10,2026-03-15 11:06:00,7.44,14507,Italy
538894,84029G,KNITTED UNION FLAG HOT WATER BOTTLE,38,2026-03-14 05:46:00,1.5,16520,Spain
538895,22633,HAND WARMER UNION JACK,18,2026-03-14 20:57:00,9.0,14415,Germany
538896,85123A,WHITE HANGING HEART T-LIGHT HOLDER,30,2026-03-10 23:06:00,2.12,12391,France
538897,84406B,CREAM CUPID HEARTS COAT HANGER,25,2026-03-24 21:13:00,9.57,13578,France
538898,85123A,WHITE HANGING HEART T-LIGHT HOLDER,25,2026-03-21 16:24:00,1.31,14858,Italy
538899,85123A,WHITE HANGING HEART T-LIGHT HOLDER,15,2026-03-09 08:15:00,4.89,17351,Spain
538900,85123A,WHITE HANGING HEART T-LIGHT HOLDER,39,2026-03-24 19:10:00,8.32,12446,Italy
538901,22633,HAND WARMER UNION JACK,34,2026-03-13 20:01:00,7.38,14283,UK
538902,22633,HAND WARMER UNION JACK,40,2026-03-20 14:28:00,3.7,14067,Germany
538903,84406B,CREAM CUPID HEARTS COAT HANGER,48,2026-03-04 00:39:00,4.41,14448,Germany
538904,85123A,WHITE HANGING HEART T-LIGHT HOLDER,47,2026-03-13 21:22:00,3.61,16087,Spain
538905,71053,WHITE METAL LANTERN,1,2026-03-01 13:25:00,7.03,17806,UK
538906,71053,WHITE METAL LANTERN,33,2026-03-25 00:53:00,8.3,13480,Germany
538907,85123A,WHITE HANGING HEART T-LIGHT HOLDER,48,2026-03-20 10:07:00,7.24,13341,UK
538908,71053,WHITE METAL LANTERN,14,2026-03-04 18:08:00,1.37,16934,France
538909,85123A,WHITE HANGING HEART T-LIGHT HOLDER,2,2026-03-11 05:02:00,3.34,15182,Germany
538910,71053,WHITE METAL LANTERN,23,2026-03-09 20:02:00,3.14,14309,France
538911,84029G,KNITTED UNION FLAG HOT WATER BOTTLE,5,2026-03-16 10:46:00,3.41,14453,France
538912,84029G,KNITTED UNION FLAG HOT WATER BOTTLE,10,2026-03-03 09:06:00,4.23,16508,Spain
538913,84406B,CREAM CUPID HEARTS COAT HANGER,24,2026-03-03 15:01:00,8.09,14547,Germany
538914,84029G,KNITTED UNION FLAG HOT WATER BOTTLE,43,2026-03-21 05:56:00,2.55,12256,Spain
538915,22633,HAND WARMER UNION JACK,34,2026-03-01 19:02:00,8.59,15604,UK
538916,71053,WHITE METAL LANTERN,6,2026-03-18 17:35:00,6.48,14333,Germany
538917,84029G,KNITTED UNION FLAG HOT WATER BOTTLE,38,2026-03-19 10:33:00,7.87,14224,Spain
538918,22633,HAND WARMER UNION JACK,11,2026-03-15 03:54:00,7.62,13872,Spain
538919,71053,WHITE METAL LANTERN,34,2026-03-05 22:18:00,2.13,12942,Germany
538920,84406B,CREAM CUPID HEARTS COAT HANGER,4,2026-03-05 15:50:00,5.4,16229,Germany
538921,85123A,WHITE HANGING HEART T-LIGHT HOLDER,9,2026-03-23 13:00:00,4.6,17073,Italy
538922,84406B,CREAM CUPID HEARTS COAT HANGER,16,2026-03-11 04:05:00,6.12,17543,Spain
538923,85123A,WHITE HANGING HEART T-LIGHT HOLDER,19,2026-03-10 13:00:00,4.11,14068,Germany
538924,84029G,KNITTED UNION FLAG HOT WATER BOTTLE,5,2026-03-22 10:26:00,9.7,15549,France
538925,84406B,CREAM CUPID HEARTS COAT HANGER,14,2026-03-23 20:07:00,3.17,17989,Germany
538926,85123A,WHITE HANGING HEART T-LIGHT HOLDER,43,2026-03-24 19:07:00,1.92,12403,UK
538927,84406B,CREAM CUPID HEARTS COAT HANGER,32,2026-03-04 20:54:00,8.4,15028,France
538928,84406B,CREAM CUPID HEARTS COAT HANGER,45,2026-03-03 21:41:00,4.38,13574,Italy
538929,84406B,CREAM CUPID HEARTS COAT HANGER,21,2026-03-25 19:46:00,3.19,12996,Italy
538930,85123A,WHITE HANGING HEART T-LIGHT HOLDER,36,2026-03-01 22:31:00,3.99,16402,Germany
538931,84406B,CREAM CUPID HEARTS COAT HANGER,41,2026-03-12 12:40:00,1.12,17491,Italy
538932,84406B,CREAM CUPID HEARTS COAT HANGER,7,2026-03-07 01:18:00,5.76,16564,Italy
538933,22633,HAND WARMER UNION JACK,5,2026-03-09 08:15:00,7.95,17907,Spain
538934,84029G,KNITTED UNION FLAG HOT WATER BOTTLE,34,2026-03-08 08:39:00,4.97,16694,UK
538935,84029G,KNITTED UNION FLAG HOT WATER BOTTLE,35,2026-03-10 01:22:00,3.97,13810,Spain
538936,22633,HAND WARMER UNION JACK,48,2026-03-03 20:56:00,5.51,17956,Italy
538937,85123A,WHITE HANGING HEART T-LIGHT HOLDER,6,2026-03-05 04:55:00,3.44,15641,Germany
538938,84029G,KNITTED UNION FLAG HOT WATER BOTTLE,43,2026-03-05 18:40:00,6.84,12808,Italy
538939,85123A,WHITE HANGING HEART T-LIGHT HOLDER,15,2026-03-15 09:39:00,1.16,13911,Italy
538940,71053,WHITE METAL LANTERN,28,2026-03-03 20:19:00,5.6,12337,Germany
538941,22633,HAND WARMER UNION JACK,18,2026-03-21 20:33:00,9.16,17126,UK
538942,84406B,CREAM CUPID HEARTS COAT HANGER,24,2026-03-13 17:34:00,1.2,14414,UK
538943,84406B,CREAM CUPID HEARTS COAT HANGER,20,2026-03-14 22:51:00,4.19,12283,Germany
538944,84029G,KNITTED UNION FLAG HOT WATER BOTTLE,32,2026-03-14 11:19:00,6.64,13945,UK
538945,71053,WHITE METAL LANTERN,19,2026-03-19 20:49:00,2.99,13830,Italy
538946,84406B,CREAM CUPID HEARTS COAT HANGER,15,2026-03-03 07:14:00,2.57,13504,France
538947,22633,HAND WARMER UNION JACK,43,2026-03-15 12:33:00,5.95,16153,Germany
538948,84029G,KNITTED UNION FLAG HOT WATER BOTTLE,47,2026-03-19 01:58:00,4.21,15216,France
538949,84029G,KNITTED UNION FLAG HOT WATER BOTTLE,48,2026-03-09 17:38:00,6.97,13317,Germany
538950,84406B,CREAM CUPID HEARTS COAT HANGER,28,2026-03-11 19:01:00,6.3,13350,Germany
538951,84406B,CREAM CUPID HEARTS COAT HANGER,13,2026-03-08 18:01:00,7.93,14955,Spain
538952,84406B,CREAM CUPID HEARTS COAT HANGER,44,2026-03-18 17:43:00,7.29,13574,Italy
538953,84406B,CREAM CUPID HEARTS COAT HANGER,24,2026-03-18 07:40:00,7.64,13036,UK
538954,84029G,KNITTED UNION FLAG HOT WATER BOTTLE,50,2026-03-15 22:00:00,8.07,14422,Italy
538955,84029G,KNITTED UNION FLAG HOT WATER BOTTLE,13,2026-03-23 18:38:00,6.58,17781,UK
538956,84406B,CREAM CUPID HEARTS COAT HANGER,1,2026-03-03 19:53:00,2.45,16360,France
538957,84029G,KNITTED UNION FLAG HOT WATER BOTTLE,31,2026-03-01 08:20:00,3.4,13814,Spain
538958,84029G,KNITTED UNION FLAG HOT WATER BOTTLE,22,2026-03-14 16:23:00,9.25,16554,Germany
538959,71053,WHITE METAL LANTERN,42,2026-03-10 18:19:00,3.89,12509,Italy
538960,85123A,WHITE HANGING HEART T-LIGHT HOLDER,3,2026-03-11 13:11:00,8.98,17736,Italy
538961,71053,WHITE METAL LANTERN,19,2026-03-16 12:37:00,2.45,16543,Spain
538962,85123A,WHITE HANGING HEART T-LIGHT HOLDER,43,2026-03-15 09:55:00,7.18,13517,UK
538963,71053,WHITE METAL LANTERN,41,2026-03-09 06:15:00,8.12,17851,Italy
538964,84029G,KNITTED UNION FLAG HOT WATER BOTTLE,5,2026-03-20 23:35:00,7.27,13274,UK
538965,85123A,WHITE HANGING HEART T-LIGHT HOLDER,10,2026-03-15 20:18:00,6.05,15553,Germany
538966,84029G,KNITTED UNION FLAG HOT WATER BOTTLE,18,2026-03-22 10:02:00,1.18,16760,Germany
538967,84406B,CREAM CUPID HEARTS COAT HANGER,18,2026-03-05 05:45:00,9.15,12152,Italy
538968,71053,WHITE METAL LANTERN,28,2026-03-02 00:49:00,3.97,16243,Italy
538969,84406B,CREAM CUPID HEARTS COAT HANGER,19,2026-03-19 21:54:00,5.16,14563,UK
538970,22633,HAND WARMER UNION JACK,16,2026-03-15 21:09:00,8.74,16158,Spain
538971,85123A,WHITE HANGING HEART T-LIGHT HOLDER,30,2026-03-09 22:31:00,5.38,15358,Italy
538972,71053,WHITE METAL LANTERN,15,2026-03-16 12:02:00,6.71,12922,Spain
538973,84029G,KNITTED UNION FLAG HOT WATER BOTTLE,42,2026-03-08 11:03:00,3.4,16123,UK
538974,84029G,KNITTED UNION FLAG HOT WATER BOTTLE,47,2026-03-15 08:45:00,6.82,17399,France
538975,22633,HAND WARMER UNION JACK,6,2026-03-16 07:13:00,6.77,12423,Spain
538976,84029G,KNITTED UNION FLAG HOT WATER BOTTLE,27,2026-03-16 23:26:00,9.97,14901,Italy
538977,22633,HAND WARMER UNION JACK,38,2026-03-09 06:53:00,3.75,17780,UK
538978,85123A,WHITE HANGING HEART T-LIGHT HOLDER,28,2026-03-08 17:30:00,3.75,16216,Spain
538979,22633,HAND WARMER UNION JACK,18,2026-03-09 01:17:00,7.7,13903,Spain
538980,22633,HAND WARMER UNION JACK,20,2026-03-01 13:02:00,2.84,16791,Germany
538981,84406B,CREAM CUPID HEARTS COAT HANGER,34,2026-03-16 19:50:00,1.64,12168,Spain
538982,84029G,KNITTED UNION FLAG HOT WATER BOTTLE,39,2026-03-09 23:54:00,3.75,15257,Italy
538983,22633,HAND WARMER UNION JACK,15,2026-03-11 03:46:00,9.67,14270,Germany
538984,84029G,KNITTED UNION FLAG HOT WATER BOTTLE,8,2026-03-22 23:44:00,4.05,15702,Germany
538985,22633,HAND WARMER UNION JACK,47,2026-03-15 12:57:00,3.7,15093,UK
538986,22633,HAND WARMER UNION JACK,1,2026-03-06 23:40:00,5.53,17238,Spain
538987,71053,WHITE METAL LANTERN,19,2026-03-16 21:50:00,6.9,15216,Spain
538988,84406B,CREAM CUPID HEARTS COAT HANGER,16,2026-03-10 07:24:00,1.49,15772,France
538989,85123A,WHITE HANGING HEART T-LIGHT HOLDER,45,2026-03-05 01:50:00,2.34,13773,Germany
538990,71053,WHITE METAL LANTERN,49,2026-03-23 21:19:00,1.78,14604,Germany
538991,84406B,CREAM CUPID HEARTS COAT HANGER,2,2026-03-13 05:49:00,7.78,14483,France
538992,84029G,KNITTED UNION FLAG HOT WATER BOTTLE,20,2026-03-24 03:01:00,7.3,13275,UK
538993,85123A,WHITE HANGING HEART T-LIGHT HOLDER,17,2026-03-21 14:58:00,2.98,16057,Spain
538994,22633,HAND WARMER UNION JACK,47,2026-03-17 06:35:00,1.96,13645,UK
538995,71053,WHITE METAL LANTERN,41,2026-03-19 17:31:00,7.15,15479,Italy
538996,84406B,CREAM CUPID HEARTS COAT HANGER,4,2026-03-03 07:28:00,7.75,12413,UK
538997,22633,HAND WARMER UNION JACK,30,2026-03-02 15:49:00,2.85,13753,Germany
538998,85123A,WHITE HANGING HEART T-LIGHT HOLDER,35,2026-03-18 23:51:00,8.63,15593,Germany
538999,22633,HAND WARMER UNION JACK,48,2026-03-21 08:25:00,4.13,17709,UK
539000,84406B,CREAM CUPID HEARTS COAT HANGER,47,2026-04-09 18:03:00,1.5,12967,France
539001,22633,HAND WARMER UNION JACK,23,2026-04-18 06:03:00,1.77,17096,France
539002,84406B,CREAM CUPID HEARTS COAT HANGER,16,2026-04-02 17:57:00,2.47,13101,Germany
539003,84029G,KNITTED UNION FLAG HOT WATER BOTTLE,24,2026-04-04 16:09:00,1.33,17684,Spain
539004,71053,WHITE METAL LANTERN,18,2026-04-05 23:58:00,7.95,14664,Germany
539005,22633,HAND WARMER UNION JACK,48,2026-04-11 01:13:00,9.82,13017,Italy
539006,71053,WHITE METAL LANTERN,17,2026-04-20 11:45:00,2.09,13928,Spain
539007,71053,WHITE METAL LANTERN,7,2026-04-02 20:52:00,7.51,13626,Italy
539008,71053,WHITE METAL LANTERN,17,2026-04-13 22:34:00,4.56,16407,France
539009,22633,HAND WARMER UNION JACK,1,2026-04-02 14:38:00,5.53,12070,Germany
539010,84029G,KNITTED UNION FLAG HOT WATER BOTTLE,49,2026-04-14 04:04:00,8.1,15932,Italy
539011,85123A,WHITE HANGING HEART T-LIGHT HOLDER,18,2026-04-13 16:40:00,6.42,13437,Spain
539012,84029G,KNITTED UNION FLAG HOT WATER BOTTLE,4,2026-04-20 17:43:00,2.23,15154,UK
539013,84029G,KNITTED UNION FLAG HOT WATER BOTTLE,13,2026-04-25 12:59:00,2.44,12264,France
539014,22633,HAND WARMER UNION JACK,30,2026-04-22 20:16:00,2.68,15659,Italy
539015,84029G,KNITTED UNION FLAG HOT WATER BOTTLE,17,2026-04-19 14:52:00,9.49,12807,Germany
539016,84406B,CREAM CUPID HEARTS COAT HANGER,21,2026-04-10 22:02:00,8.02,13249,UK
539017,71053,WHITE METAL LANTERN,12,2026-04-06 14:45:00,1.85,16711,Germany
539018,84029G,KNITTED UNION FLAG HOT WATER BOTTLE,1,2026-04-04 09:52:00,2.04,12103,UK
539019,22633,HAND WARMER UNION JACK,41,2026-04-19 11:57:00,1.43,13576,France
539020,22633,HAND WARMER UNION JACK,13,2026-04-08 22:50:00,2.18,14214,UK
539021,71053,WHITE METAL LANTERN,21,2026-04-11 13:45:00,2.3,13347,Spain
539022,22633,HAND WARMER UNION JACK,48,2026-04-25 09:32:00,5.29,15161,Italy
539023,71053,WHITE METAL LANTERN,39,2026-04-11 18:16:00,4.46,16345,Italy
539024,84406B,CREAM CUPID HEARTS COAT HANGER,23,2026-04-12 22:34:00,6.37,14310,UK
539025,84029G,KNITTED UNION FLAG HOT WATER BOTTLE,5,2026-04-24 10:29:00,4.45,16448,Germany
539026,84406B,CREAM CUPID HEARTS COAT HANGER,46,2026-04-03 01:20:00,9.75,12839,Spain
539027,22633,HAND WARMER UNION JACK,11,2026-04-24 11:15:00,3.4,17665,UK
539028,85123A,WHITE HANGING HEART T-LIGHT HOLDER,21,2026-04-13 00:04:00,2.01,15691,UK
539029,84029G,KNITTED UNION FLAG HOT WATER BOTTLE,22,2026-04-19 11:52:00,3.34,16833,Germany
539030,22633,HAND WARMER UNION JACK,40,2026-04-18 08:51:00,2.07,12752,Spain
539031,84029G,KNITTED UNION FLAG HOT WATER BOTTLE,2,2026-04-14 12:26:00,7.36,15463,Spain
539032,84029G,KNITTED UNION FLAG HOT WATER BOTTLE,23,2026-04-17 17:32:00,2.55,15921,Spain
539033,84406B,CREAM CUPID HEARTS COAT HANGER,22,2026-04-10 02:24:00,2.82,12792,Spain
539034,84406B,CREAM CUPID HEARTS COAT HANGER,22,2026-04-03 07:37:00,8.57,12660,Italy
539035,84029G,KNITTED UNION FLAG HOT WATER BOTTLE,48,2026-04-15 06:09:00,2.68,12368,UK
539036,85123A,WHITE HANGING HEART T-LIGHT HOLDER,41,2026-04-06 12:57:00,3.46,13684,Italy
539037,84406B,CREAM CUPID HEARTS COAT HANGER,34,2026-04-23 04:42:00,6.59,17952,UK
539038,22633,HAND WARMER UNION JACK,33,2026-04-04 06:29:00,1.43,15197,France
539039,85123A,WHITE HANGING HEART T-LIGHT HOLDER,35,2026-04-23 21:01:00,8.96,15006,France
539040,85123A,WHITE HANGING HEART T-LIGHT HOLDER,36,2026-04-09 20:05:00,7.92,14512,Spain
539041,84029G,KNITTED UNION FLAG HOT WATER BOTTLE,36,2026-04-24 16:37:00,5.81,16742,Italy
539042,84029G,KNITTED UNION FLAG HOT WATER BOTTLE,29,2026-04-24 17:05:00,6.01,13318,Germany
539043,22633,HAND WARMER UNION JACK,35,2026-04-05 15:09:00,5.25,12226,France
539044,84406B,CREAM CUPID HEARTS COAT HANGER,25,2026-04-01 22:32:00,4.03,14164,France
539045,85123A,WHITE HANGING HEART T-LIGHT HOLDER,5,2026-04-07 05:52:00,2.77,17271,Italy
539046,84406B,CREAM CUPID HEARTS COAT HANGER,25,2026-04-15 19:10:00,3.07,14377,UK
539047,71053,WHITE METAL LANTERN,1,2026-04-11 14:35:00,7.49,13642,France
539048,71053,WHITE METAL LANTERN,8,2026-04-24 10:52:00,8.45,15954,Spain
539049,71053,WHITE METAL LANTERN,22,2026-04-17 23:08:00,2.59,14089,Italy
539050,71053,WHITE METAL LANTERN,49,2026-04-24 04:13:00,1.33,17447,UK
539051,71053,WHITE METAL LANTERN,38,2026-04-22 04:46:00,2.42,15695,Spain
539052,84029G,KNITTED UNION FLAG HOT WATER BOTTLE,17,2026-04-19 09:03:00,1.99,16108,France
539053,85123A,WHITE HANGING HEART T-LIGHT HOLDER,24,2026-04-15 00:35:00,2.61,17101,Spain
539054,71053,WHITE METAL LANTERN,38,2026-04-05 11:06:00,5.16,14495,Germany
539055,84029G,KNITTED UNION FLAG HOT WATER BOTTLE,48,2026-04-02 14:17:00,1.59,13546,UK
539056,22633,HAND WARMER UNION JACK,29,2026-04-08 04:10:00,3.61,15318,Italy
539057,84029G,KNITTED UNION FLAG HOT WATER BOTTLE,45,2026-04-17 05:38:00,1.98,15713,France
539058,22633,HAND WARMER UNION JACK,7,2026-04-24 05:22:00,4.71,16606,UK
539059,84029G,KNITTED UNION FLAG HOT WATER BOTTLE,28,2026-04-17 08:29:00,2.24,14167,Italy
539060,84029G,KNITTED UNION FLAG HOT WATER BOTTLE,29,2026-04-17 09:57:00,2.03,12475,Germany
539061,22633,HAND WARMER UNION JACK,48,2026-04-20 03:12:00,4.44,16351,France
539062,84029G,KNITTED UNION FLAG HOT WATER BOTTLE,48,2026-04-02 01:37:00,5.06,13292,France
539063,84406B,CREAM CUPID HEARTS COAT HANGER,32,2026-04-26 03:57:00,2.19,12732,Spain
539064,71053,WHITE METAL LANTERN,17,2026-04-09 18:22:00,9.84,14087,Spain
539065,71053,WHITE METAL LANTERN,28,2026-04-24 00:07:00,8.84,12646,UK
539066,84029G,KNITTED UNION FLAG HOT WATER BOTTLE,24,2026-04-17 20:39:00,7.56,14795,Germany
539067,84029G,KNITTED UNION FLAG HOT WATER BOTTLE,3,2026-04-25 09:54:00,3.74,14651,Spain
539068,71053,WHITE METAL LANTERN,7,2026-04-12 19:29:00,7.39,13300,Germany
539069,71053,WHITE METAL LANTERN,4,2026-04-01 18:34:00,2.75,14936,Spain
539070,71053,WHITE METAL LANTERN,31,2026-04-05 10:53:00,9.56,16934,France
539071,84406B,CREAM CUPID HEARTS COAT HANGER,19,2026-04-11 11:15:00,2.78,17111,France
539072,71053,WHITE METAL LANTERN,4,2026-04-15 11:05:00,5.23,13675,Italy
539073,84406B,CREAM CUPID HEARTS COAT HANGER,50,2026-04-23 01:31:00,3.71,12827,Spain
539074,84029G,KNITTED UNION FLAG HOT WATER BOTTLE,8,2026-04-09 03:35:00,4.82,12583,UK
539075,84406B,CREAM CUPID HEARTS COAT HANGER,39,2026-04-17 09:32:00,9.14,17706,UK
539076,85123A,WHITE HANGING HEART T-LIGHT HOLDER,42,2026-04-22 09:10:00,3.32,13848,Spain
539077,85123A,WHITE HANGING HEART T-LIGHT HOLDER,21,2026-04-05 03:26:00,9.94,13645,UK
539078,22633,HAND WARMER UNION JACK,17,2026-04-07 20:37:00,9.58,17051,France
539079,71053,WHITE METAL LANTERN,24,2026-04-14 09:54:00,5.03,16184,Spain
539080,84406B,CREAM CUPID HEARTS COAT HANGER,33,2026-04-05 03:15:00,3.73,14775,France
539081,84029G,KNITTED UNION FLAG HOT WATER BOTTLE,29,2026-04-10 11:09:00,1.27,12719,Italy
539082,84406B,CREAM CUPID HEARTS COAT HANGER,8,2026-04-01 11:45:00,8.52,13747,Germany
539083,84029G,KNITTED UNION FLAG HOT WATER BOTTLE,45,2026-04-06 16:52:00,2.41,13870,France
539084,84029G,KNITTED UNION FLAG HOT WATER BOTTLE,1,2026-04-18 17:31:00,4.55,15792,Germany
539085,85123A,WHITE HANGING HEART T-LIGHT HOLDER,1,2026-04-17 10:42:00,1.18,13907,France
539086,85123A,WHITE HANGING HEART T-LIGHT HOLDER,46,2026-04-04 17:17:00,9.23,17413,UK
539087,84029G,KNITTED UNION FLAG HOT WATER BOTTLE,15,2026-04-03 05:41:00,6.58,13906,Spain
539088,84029G,KNITTED UNION FLAG HOT WATER BOTTLE,13,2026-04-18 14:16:00,1.05,14774,Italy
539089,84406B,CREAM CUPID HEARTS COAT HANGER,38,2026-04-02 17:08:00,2.07,14369,UK
539090,71053,WHITE METAL LANTERN,19,2026-04-12 05:27:00,3.32,12216,France
539091,85123A,WHITE HANGING HEART T-LIGHT HOLDER,42,2026-04-03 08:09:00,9.06,12420,Germany
539092,84406B,CREAM CUPID HEARTS COAT HANGER,9,2026-04-23 18:38:00,4.31,12635,Italy
539093,84406B,CREAM CUPID HEARTS COAT HANGER,10,2026-04-17 12:11:00,1.69,14856,Italy
539094,71053,WHITE METAL LANTERN,25,2026-04-06 11:03:00,3.33,16819,Italy
539095,84406B,CREAM CUPID HEARTS COAT HANGER,19,2026-04-23 13:22:00,6.23,16534,Italy
539096,84029G,KNITTED UNION FLAG HOT WATER BOTTLE,16,2026-04-20 13:42:00,8.61,14961,Italy
539097,22633,HAND WARMER UNION JACK,31,2026-04-05 13:15:00,6.12,15508,UK
539098,85123A,WHITE HANGING HEART T-LIGHT HOLDER,5,2026-04-05 13:34:00,3.74,13372,UK
539099,71053,WHITE METAL LANTERN,42,2026-04-20 08:14:00,2.9,15836,Spain
539100,22633,HAND WARMER UNION JACK,47,2026-04-07 12:05:00,2.92,14645,Italy
539101,85123A,WHITE HANGING HEART T-LIGHT HOLDER,50,2026-04-13 21:57:00,3.9,14326,France
539102,71053,WHITE METAL LANTERN,29,2026-04-02 00:31:00,3.92,17513,France
539103,85123A,WHITE HANGING HEART T-LIGHT HOLDER,15,2026-04-13 09:42:00,4.93,15071,Germany
539104,85123A,WHITE HANGING HEART T-LIGHT HOLDER,31,2026-04-11 18:27:00,5.1,14480,UK
539105,85123A,WHITE HANGING HEART T-LIGHT HOLDER,27,2026-04-05 08:30:00,2.83,13985,UK
539106,22633,HAND WARMER UNION JACK,37,2026-04-14 00:51:00,7.61,17273,Germany
539107,22633,HAND WARMER UNION JACK,27,2026-04-08 08:17:00,2.06,17144,Spain
539108,85123A,WHITE HANGING HEART T-LIGHT HOLDER,17,2026-04-25 02:48:00,4.98,13362,UK
539109,71053,WHITE METAL LANTERN,39,2026-04-25 23:17:00,7.8,12622,Spain
539110,84406B,CREAM CUPID HEARTS COAT HANGER,46,2026-04-23 00:14:00,3.85,13318,Germany
539111,84406B,CREAM CUPID HEARTS COAT HANGER,46,2026-04-15 16:47:00,7.88,15650,Italy
539112,71053,WHITE METAL LANTERN,8,2026-04-18 09:51:00,5.56,13238,Italy
539113,84406B,CREAM CUPID HEARTS COAT HANGER,36,2026-04-18 09:44:00,6.24,12846,UK
539114,84406B,CREAM CUPID HEARTS COAT HANGER,34,2026-04-21 07:26:00,5.61,13262,Germany
539115,71053,WHITE METAL LANTERN,39,2026-04-13 20:27:00,3.2,17535,France
539116,84029G,KNITTED UNION FLAG HOT WATER BOTTLE,16,2026-04-26 03:58:00,1.27,16436,UK
539117,22633,HAND WARMER UNION JACK,1,2026-04-18 23:27:00,2.52,14410,France
539118,85123A,WHITE HANGING HEART T-LIGHT HOLDER,49,2026-04-09 19:32:00,5.1,13696,Italy
539119,71053,WHITE METAL LANTERN,3,2026-04-14 08:47:00,5.33,15365,Germany
539120,85123A,WHITE HANGING HEART T-LIGHT HOLDER,46,2026-04-08 15:10:00,2.98,12849,Germany
539121,22633,HAND WARMER UNION JACK,44,2026-04-23 08:34:00,8.84,15671,Spain
539122,84029G,KNITTED UNION FLAG HOT WATER BOTTLE,36,2026-04-15 12:58:00,6.8,16490,UK
539123,22633,HAND WARMER UNION JACK,39,2026-04-22 13:34:00,5.41,15295,Germany
539124,84029G,KNITTED UNION FLAG HOT WATER BOTTLE,24,2026-04-04 21:35:00,9.91,15721,Spain
539125,85123A,WHITE HANGING HEART T-LIGHT HOLDER,26,2026-04-21 19:05:00,3.51,14631,Italy
539126,85123A,WHITE HANGING HEART T-LIGHT HOLDER,36,2026-04-10 10:44:00,4.69,13729,UK
539127,84029G,KNITTED UNION FLAG HOT WATER BOTTLE,14,2026-04-12 23:19:00,6.08,15073,Italy
539128,22633,HAND WARMER UNION JACK,35,2026-04-22 04:03:00,5.76,12757,Spain
539129,22633,HAND WARMER UNION JACK,33,2026-04-13 09:02:00,6.39,15721,Italy
539130,84406B,CREAM CUPID HEARTS COAT HANGER,29,2026-04-10 19:34:00,5.73,17701,UK
539131,71053,WHITE METAL LANTERN,33,2026-04-02 11:44:00,3.21,16431,Spain
539132,85123A,WHITE HANGING HEART T-LIGHT HOLDER,3,2026-04-19 11:45:00,5.45,14805,Italy
539133,84029G,KNITTED UNION FLAG HOT WATER BOTTLE,11,2026-04-15 23:13:00,7.17,17008,France
539134,85123A,WHITE HANGING HEART T-LIGHT HOLDER,13,2026-04-15 23:48:00,8.67,14138,Italy
539135,22633,HAND WARMER UNION JACK,25,2026-04-01 21:48:00,3.06,12631,Germany
539136,71053,WHITE METAL LANTERN,20,2026-04-13 20:40:00,5.46,17730,France
539137,22633,HAND WARMER UNION JACK,49,2026-04-03 05:47:00,9.06,12849,Germany
539138,71053,WHITE METAL LANTERN,49,2026-04-10 06:38:00,6.98,13693,UK
539139,22633,HAND WARMER UNION JACK,46,2026-04-01 16:03:00,5.14,16860,Italy
539140,84406B,CREAM CUPID HEARTS COAT HANGER,35,2026-04-14 22:43:00,1.81,14400,Italy
539141,71053,WHITE METAL LANTERN,27,2026-04-07 17:37:00,4.3,13554,Italy
539142,22633,HAND WARMER UNION JACK,4,2026-04-21 09:36:00,1.42,17345,UK
539143,84406B,CREAM CUPID HEARTS COAT HANGER,37,2026-04-14 20:27:00,8.99,16365,UK
539144,84029G,KNITTED UNION FLAG HOT WATER BOTTLE,2,2026-04-16 07:46:00,1.86,13978,France
539145,22633,HAND WARMER UNION JACK,25,2026-04-21 09:55:00,5.32,15291,France
539146,84029G,KNITTED UNION FLAG HOT WATER BOTTLE,38,2026-04-11 05:06:00,7.74,14748,Italy
539147,84406B,CREAM CUPID HEARTS COAT HANGER,11,2026-04-15 17:40:00,8.15,16880,Germany
539148,84406B,CREAM CUPID HEARTS COAT HANGER,19,2026-04-11 22:52:00,9.77,15269,Italy
539149,22633,HAND WARMER UNION JACK,7,2026-04-21 11:57:00,5.24,12318,Spain
539150,22633,HAND WARMER UNION JACK,15,2026-04-13 10:54:00,3.74,13269,UK
539151,85123A,WHITE HANGING HEART T-LIGHT HOLDER,19,2026-04-19 07:55:00,9.86,12383,France
539152,84029G,KNITTED UNION FLAG HOT WATER BOTTLE,41,2026-04-22 18:07:00,5.95,14262,UK
539153,84029G,KNITTED UNION FLAG HOT WATER BOTTLE,28,2026-04-22 18:38:00,5.49,13488,Germany
539154,71053,WHITE METAL LANTERN,13,2026-04-06 19:08:00,4.27,13538,France
539155,84029G,KNITTED UNION FLAG HOT WATER BOTTLE,19,2026-04-11 01:31:00,5.48,13894,UK
539156,85123A,WHITE HANGING HEART T-LIGHT HOLDER,34,2026-04-08 04:33:00,7.45,17729,UK
539157,84406B,CREAM CUPID HEARTS COAT HANGER,41,2026-04-13 01:57:00,1.14,12631,Spain
539158,71053,WHITE METAL LANTERN,48,2026-04-10 01:35:00,2.23,12951,Spain
539159,85123A,WHITE HANGING HEART T-LIGHT HOLDER,5,2026-04-23 19:27:00,2.13,15765,Germany
539160,22633,HAND WARMER UNION JACK,38,2026-04-06 18:23:00,6.73,14417,Spain
539161,84406B,CREAM CUPID HEARTS COAT HANGER,26,2026-04-24 04:28:00,3.16,15829,Germany
539162,22633,HAND WARMER UNION JACK,32,2026-04-24 06:11:00,3.28,15162,France
539163,84029G,KNITTED UNION FLAG HOT WATER BOTTLE,7,2026-04-04 16:22:00,6.65,13865,France
539164,85123A,WHITE HANGING HEART T-LIGHT HOLDER,12,2026-04-23 17:52:00,8.86,12221,Italy
539165,71053,WHITE METAL LANTERN,30,2026-04-15 04:13:00,5.9,17881,France
539166,85123A,WHITE HANGING HEART T-LIGHT HOLDER,32,2026-04-16 23:21:00,6.25,17494,UK
539167,84406B,CREAM CUPID HEARTS COAT HANGER,46,2026-04-02 16:45:00,2.31,15642,Germany
539168,71053,WHITE METAL LANTERN,27,2026-04-19 05:27:00,1.33,15177,Italy
539169,84029G,KNITTED UNION FLAG HOT WATER BOTTLE,2,2026-04-20 06:51:00,4.11,15294,Germany
539170,85123A,WHITE HANGING HEART T-LIGHT HOLDER,30,2026-04-25 16:20:00,9.96,14714,Spain
539171,84029G,KNITTED UNION FLAG HOT WATER BOTTLE,34,2026-04-02 03:31:00,2.89,12028,Germany
539172,84406B,CREAM CUPID HEARTS COAT HANGER,13,2026-04-25 06:17:00,8.04,14922,Spain
539173,71053,WHITE METAL LANTERN,34,2026-04-19 18:36:00,1.24,17180,Italy
539174,22633,HAND WARMER UNION JACK,23,2026-04-09 10:57:00,3.84,16539,France
539175,71053,WHITE METAL LANTERN,43,2026-04-03 19:21:00,3.17,14788,Spain
539176,84406B,CREAM CUPID HEARTS COAT HANGER,25,2026-04-04 21:24:00,5.95,13069,Italy
539177,71053,WHITE METAL LANTERN,18,2026-04-16 05:59:00,2.38,15637,France
539178,84029G,KNITTED UNION FLAG HOT WATER BOTTLE,31,2026-04-17 16:46:00,5.32,17038,Germany
539179,84029G,KNITTED UNION FLAG HOT WATER BOTTLE,49,2026-04-14 10:17:00,3.15,17412,Italy
539180,84406B,CREAM CUPID HEARTS COAT HANGER,36,2026-04-22 02:59:00,1.94,17505,Germany
539181,84029G,KNITTED UNION FLAG HOT WATER BOTTLE,47,2026-04-10 10:27:00,9.78,14371,UK
539182,84406B,CREAM CUPID HEARTS COAT HANGER,23,2026-04-17 08:35:00,6.35,16352,Spain
539183,85123A,WHITE HANGING HEART T-LIGHT HOLDER,6,2026-04-04 21:05:00,6.54,17339,Spain
539184,84029G,KNITTED UNION FLAG HOT WATER BOTTLE,38,2026-04-19 18:10:00,6.95,16088,Germany
539185,84406B,CREAM CUPID HEARTS COAT HANGER,2,2026-04-03 10:19:00,1.33,12061,Italy
539186,22633,HAND WARMER UNION JACK,25,2026-04-19 18:06:00,8.41,12155,Italy
539187,84029G,KNITTED UNION FLAG HOT WATER BOTTLE,20,2026-04-18 09:14:00,3.35,14229,Italy
539188,85123A,WHITE HANGING HEART T-LIGHT HOLDER,8,2026-04-14 03:26:00,7.94,16689,Italy
539189,22633,HAND WARMER UNION JACK,31,2026-04-05 08:37:00,3.81,15261,Italy
539190,85123A,WHITE HANGING HEART T-LIGHT HOLDER,13,2026-04-23 10:41:00,7.87,16717,Germany
539191,71053,WHITE METAL LANTERN,47,2026-04-10 19:06:00,1.61,12299,France
539192,84029G,KNITTED UNION FLAG HOT WATER BOTTLE,23,2026-04-14 02:01:00,9.56,17192,UK
539193,22633,HAND WARMER UNION JACK,26,2026-04-11 10:04:00,6.02,17096,UK
539194,84029G,KNITTED UNION FLAG HOT WATER BOTTLE,43,2026-04-02 05:12:00,5.8,13838,France
539195,22633,HAND WARMER UNION JACK,4,2026-04-09 15:00:00,1.99,14976,France
539196,85123A,WHITE HANGING HEART T-LIGHT HOLDER,11,2026-04-14 05:33:00,7.92,17514,Spain
539197,22633,HAND WARMER UNION JACK,12,2026-04-24 19:50:00,7.38,15314,Germany
539198,22633,HAND WARMER UNION JACK,31,2026-04-15 09:36:00,8.22,15539,Germany
539199,85123A,WHITE HANGING HEART T-LIGHT HOLDER,31,2026-04-12 11:47:00,6.25,17541,UK
539200,71053,WHITE METAL LANTERN,31,2026-04-03 00:21:00,6.54,17432,UK
539201,84029G,KNITTED UNION FLAG HOT WATER BOTTLE,34,2026-04-17 02:10:00,8.56,15218,Germany
539202,71053,WHITE METAL LANTERN,20,2026-04-11 19:38:00,4.02,15235,Spain
539203,22633,HAND WARMER UNION JACK,4,2026-04-22 16:12:00,3.74,16951,Spain
539204,84029G,KNITTED UNION FLAG HOT WATER BOTTLE,41,2026-04-16 04:53:00,3.31,15162,Italy
539205,84029G,KNITTED UNION FLAG HOT WATER BOTTLE,20,2026-04-24 15:30:00,8.61,15690,Italy
539206,84406B,CREAM CUPID HEARTS COAT HANGER,7,2026-04-07 10:57:00,3.65,17092,Spain
539207,71053,WHITE METAL LANTERN,27,2026-04-23 00:10:00,7.51,17905,UK
539208,84406B,CREAM CUPID HEARTS COAT HANGER,25,2026-04-14 04:26:00,2.47,17150,Italy
539209,85123A,WHITE HANGING HEART T-LIGHT HOLDER,3,2026-04-03 19:08:00,1.94,15709,Spain
539210,85123A,WHITE HANGING HEART T-LIGHT HOLDER,42,2026-04-04 00:13:00,6.75,17259,Germany
539211,84029G,KNITTED UNION FLAG HOT WATER BOTTLE,17,2026-04-24 01:48:00,2.75,17229,UK
539212,85123A,WHITE HANGING HEART T-LIGHT HOLDER,21,2026-04-08 18:23:00,8.52,12944,UK
539213,85123A,WHITE HANGING HEART T-LIGHT HOLDER,47,2026-04-24 19:54:00,3.43,16186,Italy
539214,85123A,WHITE HANGING HEART T-LIGHT HOLDER,1,2026-04-12 08:46:00,4.37,16522,Italy
539215,22633,HAND WARMER UNION JACK,2,2026-04-17 16:50:00,3.68,15441,Spain
539216,22633,HAND WARMER UNION JACK,12,2026-04-15 05:00:00,4.36,14350,UK
539217,84406B,CREAM CUPID HEARTS COAT HANGER,13,2026-04-10 19:28:00,1.5,16400,Germany
539218,85123A,WHITE HANGING HEART T-LIGHT HOLDER,2,2026-04-16 10:57:00,2.96,13941,UK
539219,85123A,WHITE HANGING HEART T-LIGHT HOLDER,42,2026-04-06 13:03:00,8.02,14968,Spain
539220,71053,WHITE METAL LANTERN,11,2026-04-11 01:35:00,5.44,14812,Germany
539221,85123A,WHITE HANGING HEART T-LIGHT HOLDER,47,2026-04-21 03:03:00,6.65,17440,UK
539222,71053,WHITE METAL LANTERN,31,2026-04-09 07:07:00,1.06,17270,Germany
539223,22633,HAND WARMER UNION JACK,20,2026-04-03 08:26:00,2.41,13851,UK
539224,85123A,WHITE HANGING HEART T-LIGHT HOLDER,33,2026-04-11 21:22:00,4.65,14779,Germany
539225,71053,WHITE METAL LANTERN,8,2026-04-20 00:31:00,6.96,13316,Spain
539226,71053,WHITE METAL LANTERN,24,2026-04-04 02:52:00,4.63,13890,Germany
539227,22633,HAND WARMER UNION JACK,49,2026-04-12 20:01:00,1.36,13054,Italy
539228,22633,HAND WARMER UNION JACK,28,2026-04-25 05:05:00,9.3,15238,Germany
539229,84029G,KNITTED UNION FLAG HOT WATER BOTTLE,20,2026-04-24 11:18:00,2.14,17667,Germany
539230,84406B,CREAM CUPID HEARTS COAT HANGER,26,2026-04-14 04:05:00,2.46,12293,France
539231,84406B,CREAM CUPID HEARTS COAT HANGER,4,2026-04-11 14:30:00,6.35,14912,UK
539232,84029G,KNITTED UNION FLAG HOT WATER BOTTLE,20,2026-04-23 09:05:00,4.32,16081,Spain
539233,71053,WHITE METAL LANTERN,12,2026-04-21 19:23:00,4.7,13739,France
539234,84406B,CREAM CUPID HEARTS COAT HANGER,29,2026-04-15 07:43:00,1.52,14515,Spain
539235,85123A,WHITE HANGING HEART T-LIGHT HOLDER,48,2026-04-06 23:28:00,6.88,13233,France
539236,22633,HAND WARMER UNION JACK,49,2026-04-12 20:45:00,2.93,13985,Germany
539237,84406B,CREAM CUPID HEARTS COAT HANGER,44,2026-04-12 14:33:00,7.95,13054,Italy
539238,85123A,WHITE HANGING HEART T-LIGHT HOLDER,30,2026-04-20 05:16:00,6.41,15587,UK
539239,84406B,CREAM CUPID HEARTS COAT HANGER,19,2026-04-18 08:04:00,7.17,14229,Spain
539240,22633,HAND WARMER UNION JACK,19,2026-04-10 19:23:00,8.65,17722,Germany
539241,85123A,WHITE HANGING HEART T-LIGHT HOLDER,27,2026-04-20 13:55:00,4.14,12108,Germany
539242,71053,WHITE METAL LANTERN,16,2026-04-11 01:14:00,8.44,15915,UK
539243,71053,WHITE METAL LANTERN,36,2026-04-11 00:11:00,4.91,16703,Spain
539244,71053,WHITE METAL LANTERN,34,2026-04-21 04:51:00,7.42,16667,Germany
539245,84406B,CREAM CUPID HEARTS COAT HANGER,46,2026-04-08 10:32:00,4.02,14700,Germany
539246,85123A,WHITE HANGING HEART T-LIGHT HOLDER,12,2026-04-14 00:06:00,7.17,14712,UK
539247,84029G,KNITTED UNION FLAG HOT WATER BOTTLE,15,2026-04-25 19:06:00,8.14,13993,Germany
539248,71053,WHITE METAL LANTERN,29,2026-04-23 08:31:00,2.9,12941,France
539249,84029G,KNITTED UNION FLAG HOT WATER BOTTLE,19,2026-04-08 19:04:00,3.13,12643,Germany
539250,85123A,WHITE HANGING HEART T-LIGHT HOLDER,10,2026-04-06 20:03:00,2.91,13072,UK
539251,22633,HAND WARMER UNION JACK,33,2026-04-23 22:17:00,1.33,15563,Spain
539252,84029G,KNITTED UNION FLAG HOT WATER BOTTLE,1,2026-04-05 08:01:00,1.13,17283,France
539253,71053,WHITE METAL LANTERN,16,2026-04-02 19:37:00,9.79,12755,Spain
539254,85123A,WHITE HANGING HEART T-LIGHT HOLDER,27,2026-04-21 21:48:00,5.03,14855,Spain
539255,84406B,CREAM CUPID HEARTS COAT HANGER,28,2026-04-17 07:02:00,1.44,15564,UK
539256,84029G,KNITTED UNION FLAG HOT WATER BOTTLE,32,2026-04-06 09:44:00,8.79,14544,France
539257,71053,WHITE METAL LANTERN,16,2026-04-14 00:06:00,8.24,17189,Germany
539258,85123A,WHITE HANGING HEART T-LIGHT HOLDER,45,2026-04-14 04:24:00,1.39,15985,France
539259,84029G,KNITTED UNION FLAG HOT WATER BOTTLE,4,2026-04-20 14:48:00,5.65,13503,Italy
539260,84029G,KNITTED UNION FLAG HOT WATER BOTTLE,32,2026-04-22 23:26:00,5.48,16209,Italy
539261,71053,WHITE METAL LANTERN,42,2026-04-13 15:47:00,2.68,14395,Italy
539262,71053,WHITE METAL LANTERN,21,2026-04-12 05:11:00,4.88,14796,UK
539263,84029G,KNITTED UNION FLAG HOT WATER BOTTLE,26,2026-04-16 13:20:00,3.33,14342,Italy
539264,84029G,KNITTED UNION FLAG HOT WATER BOTTLE,44,2026-04-18 17:13:00,8.94,16120,UK
539265,71053,WHITE METAL LANTERN,19,2026-04-23 19:04:00,7.22,16555,Spain
539266,22633,HAND WARMER UNION JACK,39,2026-04-11 22:45:00,5.21,17673,Spain
539267,84406B,CREAM CUPID HEARTS COAT HANGER,7,2026-04-21 14:03:00,2.87,14900,Spain
539268,85123A,WHITE HANGING HEART T-LIGHT HOLDER,38,2026-04-26 00:31:00,1.45,17095,Italy
539269,84029G,KNITTED UNION FLAG HOT WATER BOTTLE,3,2026-04-21 02:19:00,9.42,15062,Spain
539270,84406B,CREAM CUPID HEARTS COAT HANGER,15,2026-04-12 13:21:00,4.27,17204,Spain
539271,71053,WHITE METAL LANTERN,17,2026-04-14 10:33:00,9.4,13896,Italy
539272,71053,WHITE METAL LANTERN,46,2026-04-20 14:30:00,3.95,14684,UK
539273,71053,WHITE METAL LANTERN,20,2026-04-24 08:04:00,3.31,14818,UK
539274,22633,HAND WARMER UNION JACK,41,2026-04-06 11:37:00,4.56,13782,Spain
539275,85123A,WHITE HANGING HEART T-LIGHT HOLDER,49,2026-04-22 00:26:00,7.32,16825,France
539276,84029G,KNITTED UNION FLAG HOT WATER BOTTLE,42,2026-04-17 18:31:00,9.52,13500,Germany
539277,84406B,CREAM CUPID HEARTS COAT HANGER,6,2026-04-08 12:11:00,5.98,15328,Italy
539278,84029G,KNITTED UNION FLAG HOT WATER BOTTLE,33,2026-04-20 14:12:00,3.7,17953,Spain
539279,84406B,CREAM CUPID HEARTS COAT HANGER,44,2026-04-06 03:08:00,8.83,15888,UK
539280,84029G,KNITTED UNION FLAG HOT WATER BOTTLE,37,2026-04-21 19:56:00,2.38,16685,Spain
539281,22633,HAND WARMER UNION JACK,13,2026-04-23 09:36:00,4.93,12105,UK
539282,71053,WHITE METAL LANTERN,10,2026-04-09 06:01:00,1.89,13376,UK
539283,85123A,WHITE HANGING HEART T-LIGHT HOLDER,13,2026-04-07 05:58:00,1.49,14505,France
539284,84406B,CREAM CUPID HEARTS COAT HANGER,2,2026-04-05 12:13:00,5.79,17037,Italy
539285,85123A,WHITE HANGING HEART T-LIGHT HOLDER,21,2026-04-06 09:41:00,6.09,15207,Germany
539286,85123A,WHITE HANGING HEART T-LIGHT HOLDER,6,2026-04-15 12:20:00,5.52,16755,Spain
539287,84406B,CREAM CUPID HEARTS COAT HANGER,48,2026-04-15 22:05:00,9.12,13676,UK
539288,85123A,WHITE HANGING HEART T-LIGHT HOLDER,35,2026-04-22 18:24:00,6.9,16845,Spain
539289,71053,WHITE METAL LANTERN,49,2026-04-08 17:50:00,1.45,13308,UK
539290,71053,WHITE METAL LANTERN,36,2026-04-18 20:02:00,5.57,13644,UK
539291,84029G,KNITTED UNION FLAG HOT WATER BOTTLE,27,2026-04-06 09:26:00,6.7,17665,Germany
539292,22633,HAND WARMER UNION JACK,28,2026-04-15 19:05:00,9.55,16887,Germany
539293,84406B,CREAM CUPID HEARTS COAT HANGER,18,2026-04-10 10:22:00,4.04,15780,Spain
539294,71053,WHITE METAL LANTERN,7,2026-04-20 19:47:00,1.74,12798,Italy
539295,84029G,KNITTED UNION FLAG HOT WATER BOTTLE,19,2026-04-11 17:30:00,6.43,15976,France
539296,85123A,WHITE HANGING HEART T-LIGHT HOLDER,26,2026-04-24 04:09:00,3.94,14556,Spain
539297,84029G,KNITTED UNION FLAG HOT WATER BOTTLE,34,2026-04-20 15:33:00,6.67,14601,France
539298,84406B,CREAM CUPID HEARTS COAT HANGER,18,2026-04-21 10:38:00,5.51,16367,Spain
539299,71053,WHITE METAL LANTERN,27,2026-04-10 19:42:00,8.86,12393,Germany
539300,71053,WHITE METAL LANTERN,26,2026-04-18 18:49:00,2.63,16624,Spain
539301,84406B,CREAM CUPID HEARTS COAT HANGER,20,2026-04-26 03:12:00,7.17,17754,Spain
539302,84029G,KNITTED UNION FLAG HOT WATER BOTTLE,5,2026-04-17 08:24:00,8.43,12874,Spain
539303,22633,HAND WARMER UNION JACK,41,2026-04-21 08:35:00,2.2,17819,Italy
539304,71053,WHITE METAL LANTERN,32,2026-04-11 09:59:00,8.12,17560,Spain
539305,84029G,KNITTED UNION FLAG HOT WATER BOTTLE,48,2026-04-16 06:00:00,6.64,12561,Germany
539306,84029G,KNITTED UNION FLAG HOT WATER BOTTLE,5,2026-04-07 09:21:00,4.64,14844,UK
539307,84029G,KNITTED UNION FLAG HOT WATER BOTTLE,23,2026-04-17 02:11:00,4.11,14933,France
539308,71053,WHITE METAL LANTERN,22,2026-04-17 17:11:00,4.03,14120,France
539309,85123A,WHITE HANGING HEART T-LIGHT HOLDER,33,2026-04-11 07:18:00,3.86,13764,UK
539310,71053,WHITE METAL LANTERN,26,2026-04-12 08:21:00,6.52,13614,UK
539311,22633,HAND WARMER UNION JACK,38,2026-04-05 05:49:00,9.81,15139,Spain
539312,22633,HAND WARMER UNION JACK,22,2026-04-16 07:32:00,5.0,16548,France
539313,84406B,CREAM CUPID HEARTS COAT HANGER,45,2026-04-18 08:25:00,7.79,14733,Spain
539314,84029G,KNITTED UNION FLAG HOT WATER BOTTLE,26,2026-04-11 22:30:00,9.52,12276,Germany
539315,22633,HAND WARMER UNION JACK,37,2026-04-23 13:15:00,9.22,15180,Germany
539316,22633,HAND WARMER UNION JACK,42,2026-04-02 16:35:00,8.01,14020,Italy
539317,71053,WHITE METAL LANTERN,13,2026-04-25 22:04:00,4.4,13896,Italy
539318,84029G,KNITTED UNION FLAG HOT WATER BOTTLE,7,2026-04-20 11:54:00,8.7,12970,UK
539319,71053,WHITE METAL LANTERN,26,2026-04-03 04:57:00,7.1,14198,UK
539320,22633,HAND WARMER UNION JACK,11,2026-04-20 13:13:00,6.24,15077,Italy
539321,84406B,CREAM CUPID HEARTS COAT HANGER,20,2026-04-11 05:40:00,8.76,15341,Italy
539322,84406B,CREAM CUPID HEARTS COAT HANGER,30,2026-04-05 20:49:00,5.46,13576,Italy
539323,22633,HAND WARMER UNION JACK,39,2026-04-14 23:05:00,9.14,17321,France
539324,85123A,WHITE HANGING HEART T-LIGHT HOLDER,47,2026-04-03 22:26:00,4.56,16160,Italy
539325,84029G,KNITTED UNION FLAG HOT WATER BOTTLE,13,2026-04-23 13:36:00,5.03,16782,UK
539326,71053,WHITE METAL LANTERN,8,2026-04-25 10:55:00,9.03,17716,Germany
539327,84406B,CREAM CUPID HEARTS COAT HANGER,36,2026-04-06 20:15:00,3.18,12679,UK
539328,71053,WHITE METAL LANTERN,20,2026-04-16 09:52:00,9.26,13520,UK
539329,71053,WHITE METAL LANTERN,50,2026-04-23 19:54:00,8.78,17252,Spain
539330,85123A,WHITE HANGING HEART T-LIGHT HOLDER,27,2026-04-24 15:20:00,5.17,12581,France
539331,85123A,WHITE HANGING HEART T-LIGHT HOLDER,5,2026-04-07 00:29:00,9.85,13637,Italy
539332,71053,WHITE METAL LANTERN,40,2026-04-20 01:41:00,1.56,16160,Italy
539333,71053,WHITE METAL LANTERN,21,2026-04-19 19:25:00,8.1,16519,Germany
539334,71053,WHITE METAL LANTERN,48,2026-04-25 17:42:00,7.28,13853,France
539335,85123A,WHITE HANGING HEART T-LIGHT HOLDER,34,2026-04-18 19:26:00,5.73,17316,France
539336,84029G,KNITTED UNION FLAG HOT WATER BOTTLE,17,2026-04-25 20:26:00,9.19,14993,UK
539337,71053,WHITE METAL LANTERN,25,2026-04-11 00:33:00,5.8,17232,UK
539338,84406B,CREAM CUPID HEARTS COAT HANGER,23,2026-04-24 02:16:00,6.71,14157,Germany
539339,85123A,WHITE HANGING HEART T-LIGHT HOLDER,17,2026-04-23 18:43:00,9.3,13955,France
539340,22633,HAND WARMER UNION JACK,49,2026-04-20 15:09:00,7.88,17824,Germany
539341,85123A,WHITE HANGING HEART T-LIGHT HOLDER,25,2026-04-05 15:58:00,1.27,14013,Germany
539342,84029G,KNITTED UNION FLAG HOT WATER BOTTLE,31,2026-04-21 19:48:00,8.2,17663,Spain
539343,84406B,CREAM CUPID HEARTS COAT HANGER,20,2026-04-22 12:56:00,9.42,16417,France
539344,71053,WHITE METAL LANTERN,35,2026-04-01 16:38:00,5.02,14001,Spain
539345,84406B,CREAM CUPID HEARTS COAT HANGER,47,2026-04-23 21:27:00,2.16,17276,France
539346,71053,WHITE METAL LANTERN,16,2026-04-09 15:46:00,7.93,12267,UK
539347,71053,WHITE METAL LANTERN,29,2026-04-22 12:39:00,6.76,12594,Spain
539348,84406B,CREAM CUPID HEARTS COAT HANGER,27,2026-04-01 08:49:00,5.67,16057,UK
539349,22633,HAND WARMER UNION JACK,39,2026-04-19 10:16:00,8.1,13125,UK
539350,84406B,CREAM CUPID HEARTS COAT HANGER,37,2026-04-17 04:13:00,2.52,13780,France
539351,84029G,KNITTED UNION FLAG HOT WATER BOTTLE,37,2026-04-18 20:01:00,6.83,13269,Italy
539352,84406B,CREAM CUPID HEARTS COAT HANGER,28,2026-04-20 06:50:00,2.26,15186,UK
539353,22633,HAND WARMER UNION JACK,22,2026-04-25 09:08:00,9.05,13664,Italy
539354,84029G,KNITTED UNION FLAG HOT WATER BOTTLE,35,2026-04-19 05:37:00,1.06,12358,France
539355,71053,WHITE METAL LANTERN,17,2026-04-07 15:37:00,1.48,13483,Italy
539356,71053,WHITE METAL LANTERN,42,2026-04-23 17:11:00,6.78,17302,France
539357,84029G,KNITTED UNION FLAG HOT WATER BOTTLE,22,2026-04-02 15:14:00,9.31,15571,UK
539358,85123A,WHITE HANGING HEART T-LIGHT HOLDER,31,2026-04-15 03:21:00,2.47,13618,France
539359,84029G,KNITTED UNION FLAG HOT WATER BOTTLE,39,2026-04-11 07:49:00,1.21,14209,Germany
539360,71053,WHITE METAL LANTERN,9,2026-04-15 20:05:00,4.74,13292,Italy
539361,22633,HAND WARMER UNION JACK,3,2026-04-08 01:07:00,3.84,14377,UK
539362,84406B,CREAM CUPID HEARTS COAT HANGER,37,2026-04-18 10:32:00,6.91,15149,UK
539363,84029G,KNITTED UNION FLAG HOT WATER BOTTLE,36,2026-04-06 14:01:00,2.58,14120,Spain
539364,84029G,KNITTED UNION FLAG HOT WATER BOTTLE,20,2026-04-16 05:05:00,7.08,15336,UK
539365,71053,WHITE METAL LANTERN,2,2026-04-10 04:49:00,4.84,16937,Germany
539366,71053,WHITE METAL LANTERN,13,2026-04-19 23:24:00,3.95,17726,UK
539367,85123A,WHITE HANGING HEART T-LIGHT HOLDER,11,2026-04-08 19:45:00,2.03,15559,Spain
539368,84029G,KNITTED UNION FLAG HOT WATER BOTTLE,5,2026-04-11 20:00:00,8.92,17713,France
539369,71053,WHITE METAL LANTERN,23,2026-04-25 02:44:00,1.78,12666,France
539370,85123A,WHITE HANGING HEART T-LIGHT HOLDER,27,2026-04-07 10:13:00,6.04,17576,France
539371,84029G,KNITTED UNION FLAG HOT WATER BOTTLE,10,2026-04-25 11:32:00,7.41,13505,UK
539372,85123A,WHITE HANGING HEART T-LIGHT HOLDER,35,2026-04-20 04:35:00,7.65,17109,Germany
539373,84029G,KNITTED UNION FLAG HOT WATER BOTTLE,49,2026-04-08 03:14:00,6.01,17989,Germany
539374,71053,WHITE METAL LANTERN,30,2026-04-13 08:54:00,8.09,17362,France
539375,22633,HAND WARMER UNION JACK,43,2026-04-08 16:15:00,8.99,17914,Spain
539376,85123A,WHITE HANGING HEART T-LIGHT HOLDER,6,2026-04-22 03:08:00,6.63,16632,Germany
539377,84406B,CREAM CUPID HEARTS COAT HANGER,27,2026-04-07 20:27:00,7.57,12925,Spain
539378,84406B,CREAM CUPID HEARTS COAT HANGER,29,2026-04-21 09:37:00,3.06,15968,France
539379,85123A,WHITE HANGING HEART T-LIGHT HOLDER,46,2026-04-15 07:07:00,5.02,12955,France
539380,71053,WHITE METAL LANTERN,11,2026-04-22 19:28:00,5.63,15688,France
539381,85123A,WHITE HANGING HEART T-LIGHT HOLDER,22,2026-04-16 13:22:00,6.95,15952,Germany
539382,85123A,WHITE HANGING HEART T-LIGHT HOLDER,19,2026-04-13 11:24:00,8.31,13121,France
539383,84029G,KNITTED UNION FLAG HOT WATER BOTTLE,20,2026-04-01 14:32:00,1.33,15819,Italy
539384,84029G,KNITTED UNION FLAG HOT WATER BOTTLE,31,2026-04-02 01:16:00,8.61,13545,France
539385,84406B,CREAM CUPID HEARTS COAT HANGER,17,2026-04-09 00:52:00,3.08,13681,Spain
539386,71053,WHITE METAL LANTERN,30,2026-04-07 08:52:00,1.48,15401,Germany
539387,85123A,WHITE HANGING HEART T-LIGHT HOLDER,31,2026-04-06 05:29:00,10.0,12307,UK
539388,84029G,KNITTED UNION FLAG HOT WATER BOTTLE,29,2026-04-19 14:58:00,9.17,17246,Spain
539389,22633,HAND WARMER UNION JACK,7,2026-04-19 01:47:00,6.61,12483,Germany
539390,22633,HAND WARMER UNION JACK,47,2026-04-24 02:45:00,5.0,14087,France
539391,84029G,KNITTED UNION FLAG HOT WATER BOTTLE,50,2026-04-02 04:09:00,9.21,14197,Spain
539392,85123A,WHITE HANGING HEART T-LIGHT HOLDER,37,2026-04-14 14:10:00,6.06,15013,Germany
539393,84029G,KNITTED UNION FLAG HOT WATER BOTTLE,14,2026-04-13 02:56:00,5.7,12622,UK
539394,84406B,CREAM CUPID HEARTS COAT HANGER,35,2026-04-02 07:07:00,2.54,15850,Germany
539395,84406B,CREAM CUPID HEARTS COAT HANGER,3,2026-04-24 11:04:00,4.46,16553,France
539396,22633,HAND WARMER UNION JACK,4,2026-04-20 19:24:00,5.95,17973,UK
539397,84029G,KNITTED UNION FLAG HOT WATER BOTTLE,43,2026-04-04 08:31:00,6.77,16648,Spain
539398,84029G,KNITTED UNION FLAG HOT WATER BOTTLE,16,2026-04-19 04:30:00,4.66,13456,Italy
539399,84029G,KNITTED UNION FLAG HOT WATER BOTTLE,7,2026-04-24 08:52:00,6.04,16525,Italy
539400,85123A,WHITE HANGING HEART T-LIGHT HOLDER,45,2026-04-03 15:34:00,2.82,13339,Spain
539401,71053,WHITE METAL LANTERN,44,2026-04-14 02:43:00,9.4,15092,Spain
539402,85123A,WHITE HANGING HEART T-LIGHT HOLDER,42,2026-04-06 05:45:00,5.7,17089,UK
539403,84029G,KNITTED UNION FLAG HOT WATER BOTTLE,44,2026-04-10 07:39:00,2.06,13901,Italy
539404,85123A,WHITE HANGING HEART T-LIGHT HOLDER,41,2026-04-04 16:26:00,8.35,16591,Germany
539405,84406B,CREAM CUPID HEARTS COAT HANGER,3,2026-04-20 00:16:00,3.34,15932,Spain
539406,84406B,CREAM CUPID HEARTS COAT HANGER,25,2026-04-08 12:37:00,3.21,17476,UK
539407,71053,WHITE METAL LANTERN,4,2026-04-08 03:27:00,4.42,17905,Spain
539408,85123A,WHITE HANGING HEART T-LIGHT HOLDER,21,2026-04-22 23:41:00,2.43,16273,UK
539409,85123A,WHITE HANGING HEART T-LIGHT HOLDER,30,2026-04-13 09:51:00,7.53,13868,France
539410,22633,HAND WARMER UNION JACK,8,2026-04-16 01:26:00,5.93,17773,Germany
539411,84029G,KNITTED UNION FLAG HOT WATER BOTTLE,45,2026-04-12 16:08:00,6.48,17957,UK
539412,85123A,WHITE HANGING HEART T-LIGHT HOLDER,8,2026-04-01 15:30:00,4.85,12326,Italy
539413,85123A,WHITE HANGING HEART T-LIGHT HOLDER,4,2026-04-14 14:30:00,8.22,17689,France
539414,71053,WHITE METAL LANTERN,24,2026-04-09 22:18:00,1.85,16293,Italy
539415,84029G,KNITTED UNION FLAG HOT WATER BOTTLE,11,2026-04-14 02:27:00,3.35,14677,Spain
539416,85123A,WHITE HANGING HEART T-LIGHT HOLDER,19,2026-04-20 12:16:00,6.36,16349,Spain
539417,85123A,WHITE HANGING HEART T-LIGHT HOLDER,16,2026-04-20 14:38:00,8.2,15678,Germany
539418,84406B,CREAM CUPID HEARTS COAT HANGER,36,2026-04-15 10:35:00,8.28,13030,Germany
539419,84406B,CREAM CUPID HEARTS COAT HANGER,14,2026-04-07 01:38:00,5.92,12771,Germany
539420,85123A,WHITE HANGING HEART T-LIGHT HOLDER,44,2026-04-12 10:36:00,6.97,12668,UK
539421,85123A,WHITE HANGING HEART T-LIGHT HOLDER,5,2026-04-24 02:17:00,5.23,13083,Spain
539422,85123A,WHITE HANGING HEART T-LIGHT HOLDER,38,2026-04-07 21:31:00,1.82,16858,France
539423,85123A,WHITE HANGING HEART T-LIGHT HOLDER,41,2026-04-25 17:38:00,9.46,12453,Spain
539424,85123A,WHITE HANGING HEART T-LIGHT HOLDER,49,2026-04-16 03:32:00,7.46,17923,Spain
539425,22633,HAND WARMER UNION JACK,17,2026-04-10 00:36:00,1.83,12086,Italy
539426,85123A,WHITE HANGING HEART T-LIGHT HOLDER,2,2026-04-21 22:39:00,3.51,16869,Spain
539427,84029G,KNITTED UNION FLAG HOT WATER BOTTLE,45,2026-04-23 11:08:00,8.99,12157,Spain
539428,84029G,KNITTED UNION FLAG HOT WATER BOTTLE,3,2026-04-10 09:47:00,3.43,14243,Italy
539429,84029G,KNITTED UNION FLAG HOT WATER BOTTLE,11,2026-04-20 19:15:00,8.88,12912,UK
539430,71053,WHITE METAL LANTERN,35,2026-04-24 05:38:00,7.78,12767,Germany
539431,84029G,KNITTED UNION FLAG HOT WATER BOTTLE,3,2026-04-18 19:29:00,6.7,16674,France
539432,22633,HAND WARMER UNION JACK,29,2026-04-07 11:59:00,2.39,16735,Germany
539433,84406B,CREAM CUPID HEARTS COAT HANGER,28,2026-04-01 11:23:00,3.91,15596,Germany
539434,22633,HAND WARMER UNION JACK,28,2026-04-24 13:04:00,9.61,13271,UK
539435,22633,HAND WARMER UNION JACK,49,2026-04-03 15:43:00,7.77,14577,France
539436,84029G,KNITTED UNION FLAG HOT WATER BOTTLE,50,2026-04-23 01:22:00,8.76,16155,UK
539437,84029G,KNITTED UNION FLAG HOT WATER BOTTLE,44,2026-04-24 16:30:00,7.66,13180,France
539438,22633,HAND WARMER UNION JACK,13,2026-04-08 07:15:00,8.85,15483,UK
539439,84406B,CREAM CUPID HEARTS COAT HANGER,39,2026-04-02 21:14:00,3.82,16099,Spain
539440,84406B,CREAM CUPID HEARTS COAT HANGER,36,2026-04-06 16:48:00,8.26,13232,Spain
539441,84406B,CREAM CUPID HEARTS COAT HANGER,7,2026-04-13 12:00:00,1.12,12802,France
539442,71053,WHITE METAL LANTERN,23,2026-04-23 15:36:00,7.11,15356,Germany
539443,71053,WHITE METAL LANTERN,29,2026-04-06 18:06:00,3.1,12491,Spain
539444,84029G,KNITTED UNION FLAG HOT WATER BOTTLE,1,2026-04-10 07:53:00,1.18,14076,Germany
539445,85123A,WHITE HANGING HEART T-LIGHT HOLDER,20,2026-04-01 12:31:00,8.08,17735,UK
539446,84029G,KNITTED UNION FLAG HOT WATER BOTTLE,33,2026-04-14 06:07:00,1.77,12226,Spain
539447,84406B,CREAM CUPID HEARTS COAT HANGER,18,2026-04-16 09:21:00,1.73,15241,France
539448,85123A,WHITE HANGING HEART T-LIGHT HOLDER,40,2026-04-23 01:09:00,7.64,15478,France
539449,84029G,KNITTED UNION FLAG HOT WATER BOTTLE,14,2026-04-07 01:09:00,5.61,15835,UK
539450,71053,WHITE METAL LANTERN,36,2026-04-09 19:01:00,6.09,16321,France
539451,84029G,KNITTED UNION FLAG HOT WATER BOTTLE,9,2026-04-03 12:57:00,4.71,12993,Germany
539452,85123A,WHITE HANGING HEART T-LIGHT HOLDER,45,2026-04-17 09:30:00,2.99,13612,Italy
539453,22633,HAND WARMER UNION JACK,38,2026-04-07 00:07:00,6.38,17392,Germany
539454,85123A,WHITE HANGING HEART T-LIGHT HOLDER,43,2026-04-13 21:43:00,1.73,17594,Italy
539455,71053,WHITE METAL LANTERN,25,2026-04-25 18:44:00,2.9,17834,Italy
539456,84406B,CREAM CUPID HEARTS COAT HANGER,6,2026-04-07 16:28:00,4.66,12573,Italy
539457,84406B,CREAM CUPID HEARTS COAT HANGER,3,2026-04-14 23:31:00,1.07,12069,Italy
539458,85123A,WHITE HANGING HEART T-LIGHT HOLDER,49,2026-04-18 15:02:00,4.35,12058,Spain
539459,71053,WHITE METAL LANTERN,14,2026-04-06 04:47:00,4.71,15881,France
539460,84406B,CREAM CUPID HEARTS COAT HANGER,17,2026-04-21 23:42:00,6.36,12649,UK
539461,71053,WHITE METAL LANTERN,29,2026-04-16 19:58:00,1.35,15807,Italy
539462,85123A,WHITE HANGING HEART T-LIGHT HOLDER,40,2026-04-08 09:45:00,4.29,17812,Germany
539463,22633,HAND WARMER UNION JACK,15,2026-04-03 23:36:00,5.7,16577,France
539464,84406B,CREAM CUPID HEARTS COAT HANGER,47,2026-04-22 08:16:00,8.93,12878,Germany
539465,84406B,CREAM CUPID HEARTS COAT HANGER,8,2026-04-08 13:01:00,9.62,13913,France
539466,84029G,KNITTED UNION FLAG HOT WATER BOTTLE,18,2026-04-01 17:10:00,6.77,12597,UK
539467,71053,WHITE METAL LANTERN,35,2026-04-03 11:30:00,7.25,17243,Italy
539468,85123A,WHITE HANGING HEART T-LIGHT HOLDER,14,2026-04-09 20:22:00,8.61,13870,UK
539469,71053,WHITE METAL LANTERN,33,2026-04-07 00:15:00,6.64,12138,Germany
539470,84029G,KNITTED UNION FLAG HOT WATER BOTTLE,36,2026-04-23 20:56:00,4.93,16589,Italy
539471,84406B,CREAM CUPID HEARTS COAT HANGER,24,2026-04-21 14:23:00,4.12,17978,France
539472,84406B,CREAM CUPID HEARTS COAT HANGER,9,2026-04-01 08:22:00,8.4,15545,UK
539473,22633,HAND WARMER UNION JACK,45,2026-04-04 10:12:00,1.53,13513,France
539474,85123A,WHITE HANGING HEART T-LIGHT HOLDER,23,2026-04-23 19:29:00,5.18,17385,UK
539475,22633,HAND WARMER UNION JACK,1,2026-04-23 21:09:00,5.61,17008,France
539476,85123A,WHITE HANGING HEART T-LIGHT HOLDER,14,2026-04-01 22:18:00,3.4,15003,Spain
539477,71053,WHITE METAL LANTERN,49,2026-04-20 09:28:00,4.91,15488,Germany
539478,85123A,WHITE HANGING HEART T-LIGHT HOLDER,6,2026-04-13 20:02:00,8.12,12353,France
539479,71053,WHITE METAL LANTERN,43,2026-04-04 03:46:00,6.56,13554,Spain
539480,71053,WHITE METAL LANTERN,3,2026-04-13 11:20:00,6.01,16186,Germany
539481,85123A,WHITE HANGING HEART T-LIGHT HOLDER,24,2026-04-13 22:10:00,3.39,17169,Spain
539482,85123A,WHITE HANGING HEART T-LIGHT HOLDER,22,2026-04-25 11:49:00,2.74,13637,Italy
539483,84406B,CREAM CUPID HEARTS COAT HANGER,24,2026-04-12 09:09:00,8.55,15656,Italy
539484,84406B,CREAM CUPID HEARTS COAT HANGER,24,2026-04-19 18:51:00,7.14,17944,Italy
539485,84406B,CREAM CUPID HEARTS COAT HANGER,12,2026-04-05 23:58:00,6.94,13710,France
539486,71053,WHITE METAL LANTERN,31,2026-04-08 23:47:00,9.49,17236,Spain
539487,85123A,WHITE HANGING HEART T-LIGHT HOLDER,22,2026-04-07 09:41:00,9.77,12586,Germany
539488,84029G,KNITTED UNION FLAG HOT WATER BOTTLE,29,2026-04-22 10:28:00,4.67,17357,UK
539489,84406B,CREAM CUPID HEARTS COAT HANGER,44,2026-04-12 18:05:00,3.38,12850,Italy
539490,71053,WHITE METAL LANTERN,9,2026-04-22 13:12:00,2.37,14051,France
539491,71053,WHITE METAL LANTERN,34,2026-04-17 14:07:00,1.25,15539,Italy
539492,84029G,KNITTED UNION FLAG HOT WATER BOTTLE,38,2026-04-14 14:28:00,5.15,13694,Spain
539493,84029G,KNITTED UNION FLAG HOT WATER BOTTLE,50,2026-04-21 02:30:00,7.77,15446,France
539494,22633,HAND WARMER UNION JACK,14,2026-04-01 16:11:00,5.87,17476,France
539495,85123A,WHITE HANGING HEART T-LIGHT HOLDER,28,2026-04-13 19:09:00,1.4,14813,Italy
539496,85123A,WHITE HANGING HEART T-LIGHT HOLDER,1,2026-04-16 03:25:00,7.28,15414,UK
539497,84406B,CREAM CUPID HEARTS COAT HANGER,1,2026-04-06 18:30:00,5.68,14656,Germany
539498,84029G,KNITTED UNION FLAG HOT WATER BOTTLE,29,2026-04-25 09:10:00,3.84,14019,Italy
539499,84406B,CREAM CUPID HEARTS COAT HANGER,27,2026-04-18 23:38:00,8.45,15902,Germany
539500,84406B,CREAM CUPID HEARTS COAT HANGER,10,2026-04-20 10:59:00,7.05,13179,Spain
539501,22633,HAND WARMER UNION JACK,21,2026-04-09 19:30:00,7.5,17438,Spain
539502,85123A,WHITE HANGING HEART T-LIGHT HOLDER,22,2026-04-01 11:38:00,4.08,14992,France
539503,85123A,WHITE HANGING HEART T-LIGHT HOLDER,17,2026-04-10 02:05:00,7.3,13673,Spain
539504,85123A,WHITE HANGING HEART T-LIGHT HOLDER,27,2026-04-10 12:35:00,4.28,15469,Italy
539505,22633,HAND WARMER UNION JACK,45,2026-04-19 09:13:00,7.97,17689,Germany
539506,84406B,CREAM CUPID HEARTS COAT HANGER,1,2026-04-01 15:27:00,9.1,14320,Italy
539507,85123A,WHITE HANGING HEART T-LIGHT HOLDER,39,2026-04-18 06:34:00,9.04,13779,France
539508,84029G,KNITTED UNION FLAG HOT WATER BOTTLE,12,2026-04-10 11:35:00,4.15,15028,France
539509,71053,WHITE METAL LANTERN,41,2026-04-07 22:51:00,2.98,13987,UK
539510,85123A,WHITE HANGING HEART T-LIGHT HOLDER,22,2026-04-07 21:20:00,1.89,13729,Italy
539511,85123A,WHITE HANGING HEART T-LIGHT HOLDER,35,2026-04-22 18:48:00,3.96,12816,Italy
539512,85123A,WHITE HANGING HEART T-LIGHT HOLDER,16,2026-04-13 23:53:00,9.06,12478,Germany
539513,22633,HAND WARMER UNION JACK,33,2026-04-12 12:44:00,6.04,17974,Germany
539514,84029G,KNITTED UNION FLAG HOT WATER BOTTLE,8,2026-04-05 01:29:00,1.72,16569,Italy
539515,71053,WHITE METAL LANTERN,17,2026-04-18 02:12:00,1.15,17862,UK
539516,85123A,WHITE HANGING HEART T-LIGHT HOLDER,45,2026-04-18 16:05:00,8.54,13068,France
539517,84029G,KNITTED UNION FLAG HOT WATER BOTTLE,28,2026-04-02 14:20:00,6.92,16791,UK
539518,84029G,KNITTED UNION FLAG HOT WATER BOTTLE,40,2026-04-04 03:58:00,1.1,13409,UK
539519,85123A,WHITE HANGING HEART T-LIGHT HOLDER,15,2026-04-20 21:31:00,9.72,15297,Germany
539520,71053,WHITE METAL LANTERN,8,2026-04-18 17:18:00,1.56,14688,Germany
539521,71053,WHITE METAL LANTERN,27,2026-04-11 17:18:00,1.38,13236,Spain
539522,22633,HAND WARMER UNION JACK,32,2026-04-04 01:54:00,2.31,14897,UK
539523,85123A,WHITE HANGING HEART T-LIGHT HOLDER,13,2026-04-21 08:31:00,8.77,13689,UK
539524,84029G,KNITTED UNION FLAG HOT WATER BOTTLE,24,2026-04-02 11:10:00,6.52,13855,France
539525,84406B,CREAM CUPID HEARTS COAT HANGER,35,2026-04-17 06:42:00,5.84,16127,UK
539526,84406B,CREAM CUPID HEARTS COAT HANGER,23,2026-04-22 09:32:00,5.87,13230,Germany
539527,71053,WHITE METAL LANTERN,40,2026-04-15 23:24:00,2.31,17736,France
539528,84406B,CREAM CUPID HEARTS COAT HANGER,37,2026-04-04 03:22:00,10.0,16313,Italy
539529,22633,HAND WARMER UNION JACK,39,2026-04-23 20:03:00,3.93,14576,France
539530,71053,WHITE METAL LANTERN,39,2026-04-02 10:01:00,4.74,16832,Spain
539531,84029G,KNITTED UNION FLAG HOT WATER BOTTLE,31,2026-04-09 15:15:00,5.01,12081,France
539532,71053,WHITE METAL LANTERN,30,2026-04-04 10:16:00,3.54,16570,Germany
539533,85123A,WHITE HANGING HEART T-LIGHT HOLDER,40,2026-04-17 21:26:00,1.54,15923,Spain
539534,84406B,CREAM CUPID HEARTS COAT HANGER,1,2026-04-03 04:16:00,3.05,12951,France
539535,84029G,KNITTED UNION FLAG HOT WATER BOTTLE,16,2026-04-08 15:37:00,2.91,17669,Italy
539536,84029G,KNITTED UNION FLAG HOT WATER BOTTLE,4,2026-04-02 21:00:00,9.4,15479,Spain
539537,84406B,CREAM CUPID HEARTS COAT HANGER,19,2026-04-05 22:58:00,7.95,13815,Spain
539538,22633,HAND WARMER UNION JACK,10,2026-04-21 02:55:00,9.92,14696,Germany
539539,85123A,WHITE HANGING HEART T-LIGHT HOLDER,13,2026-04-24 04:20:00,9.18,13094,France
539540,85123A,WHITE HANGING HEART T-LIGHT HOLDER,43,2026-04-15 13:35:00,3.94,17639,UK
539541,22633,HAND WARMER UNION JACK,34,2026-04-24 10:04:00,4.84,16260,Spain
539542,85123A,WHITE HANGING HEART T-LIGHT HOLDER,38,2026-04-25 19:15:00,8.12,13000,Spain
539543,71053,WHITE METAL LANTERN,33,2026-04-19 17:26:00,9.56,17005,France
539544,85123A,WHITE HANGING HEART T-LIGHT HOLDER,30,2026-04-14 09:45:00,4.72,15127,Germany
539545,85123A,WHITE HANGING HEART T-LIGHT HOLDER,10,2026-04-17 07:16:00,8.07,13300,France
539546,84406B,CREAM CUPID HEARTS COAT HANGER,5,2026-04-23 01:54:00,7.78,15384,Italy
539547,84406B,CREAM CUPID HEARTS COAT HANGER,45,2026-04-15 19:14:00,9.65,17274,Spain
539548,22633,HAND WARMER UNION JACK,39,2026-04-22 15:57:00,8.56,13862,UK
539549,71053,WHITE METAL LANTERN,1,2026-04-06 22:39:00,8.37,12220,UK
539550,71053,WHITE METAL LANTERN,50,2026-04-17 12:40:00,4.98,15228,France
539551,84406B,CREAM CUPID HEARTS COAT HANGER,30,2026-04-03 07:36:00,6.88,17868,Germany
539552,84406B,CREAM CUPID HEARTS COAT HANGER,45,2026-04-11 08:47:00,7.8,14471,Spain
539553,84029G,KNITTED UNION FLAG HOT WATER BOTTLE,25,2026-04-20 06:47:00,7.64,16711,Italy
539554,22633,HAND WARMER UNION JACK,15,2026-04-09 13:56:00,2.29,12008,Italy
539555,85123A,WHITE HANGING HEART T-LIGHT HOLDER,42,2026-04-19 09:18:00,5.88,15369,France
539556,84029G,KNITTED UNION FLAG HOT WATER BOTTLE,16,2026-04-17 11:01:00,1.06,15798,UK
539557,84029G,KNITTED UNION FLAG HOT WATER BOTTLE,50,2026-04-08 22:03:00,6.21,17332,UK
539558,84029G,KNITTED UNION FLAG HOT WATER BOTTLE,26,2026-04-12 05:08:00,9.13,12021,France
539559,71053,WHITE METAL LANTERN,35,2026-04-21 12:49:00,3.6,12301,France
539560,85123A,WHITE HANGING HEART T-LIGHT HOLDER,48,2026-04-10 10:02:00,5.4,15394,Spain
539561,84029G,KNITTED UNION FLAG HOT WATER BOTTLE,31,2026-04-07 10:20:00,8.65,17382,UK
539562,85123A,WHITE HANGING HEART T-LIGHT HOLDER,2,2026-04-19 17:39:00,7.43,15969,Germany
539563,22633,HAND WARMER UNION JACK,45,2026-04-22 05:15:00,4.06,14341,UK
539564,71053,WHITE METAL LANTERN,9,2026-04-10 18:13:00,7.56,15512,UK
539565,22633,HAND WARMER UNION JACK,2,2026-04-09 17:16:00,7.6,14427,Germany
539566,22633,HAND WARMER UNION JACK,18,2026-04-15 14:37:00,4.46,16322,Germany
539567,85123A,WHITE HANGING HEART T-LIGHT HOLDER,22,2026-04-11 13:17:00,3.67,13452,UK
539568,71053,WHITE METAL LANTERN,12,2026-04-11 12:01:00,2.84,16195,UK
539569,22633,HAND WARMER UNION JACK,48,2026-04-21 14:43:00,5.27,14966,Germany
539570,71053,WHITE METAL LANTERN,5,2026-04-06 09:02:00,1.36,17254,Italy
539571,22633,HAND WARMER UNION JACK,23,2026-04-22 17:44:00,2.88,16814,Germany
539572,71053,WHITE METAL LANTERN,38,2026-04-21 20:51:00,1.44,16942,France
539573,71053,WHITE METAL LANTERN,42,2026-04-16 20:02:00,4.78,16387,UK
539574,71053,WHITE METAL LANTERN,15,2026-04-17 10:13:00,8.53,15868,Italy
539575,84029G,KNITTED UNION FLAG HOT WATER BOTTLE,8,2026-04-14 10:39:00,2.63,14816,Spain
539576,84406B,CREAM CUPID HEARTS COAT HANGER,9,2026-04-09 08:02:00,7.52,12237,Spain
539577,85123A,WHITE HANGING HEART T-LIGHT HOLDER,47,2026-04-10 12:21:00,2.03,14923,France
539578,84406B,CREAM CUPID HEARTS COAT HANGER,14,2026-04-16 21:17:00,7.25,14935,France
539579,84029G,KNITTED UNION FLAG HOT WATER BOTTLE,11,2026-04-16 07:55:00,1.96,17321,Spain
539580,84029G,KNITTED UNION FLAG HOT WATER BOTTLE,47,2026-04-20 08:21:00,4.92,14614,Germany
539581,84406B,CREAM CUPID HEARTS COAT HANGER,16,2026-04-18 18:22:00,6.58,14224,UK
539582,84406B,CREAM CUPID HEARTS COAT HANGER,33,2026-04-10 05:24:00,8.01,16665,Germany
539583,84029G,KNITTED UNION FLAG HOT WATER BOTTLE,26,2026-04-08 17:40:00,5.52,15742,UK
539584,85123A,WHITE HANGING HEART T-LIGHT HOLDER,40,2026-04-04 04:42:00,7.74,15242,France
539585,22633,HAND WARMER UNION JACK,27,2026-04-03 08:16:00,5.28,16823,UK
539586,84406B,CREAM CUPID HEARTS COAT HANGER,8,2026-04-25 16:17:00,5.05,13638,Italy
539587,85123A,WHITE HANGING HEART T-LIGHT HOLDER,28,2026-04-05 06:56:00,8.43,16976,Spain
539588,84029G,KNITTED UNION FLAG HOT WATER BOTTLE,16,2026-04-19 23:16:00,3.15,17124,UK
539589,84406B,CREAM CUPID HEARTS COAT HANGER,17,2026-04-15 04:34:00,9.98,17154,Germany
539590,84406B,CREAM CUPID HEARTS COAT HANGER,47,2026-04-09 17:40:00,4.31,15629,UK
539591,84029G,KNITTED UNION FLAG HOT WATER BOTTLE,43,2026-04-12 14:42:00,3.31,17272,UK
539592,22633,HAND WARMER UNION JACK,46,2026-04-01 20:11:00,1.64,14583,France
539593,71053,WHITE METAL LANTERN,17,2026-04-13 12:42:00,8.92,15737,Germany
539594,22633,HAND WARMER UNION JACK,26,2026-04-25 19:39:00,4.1,16425,Spain
539595,71053,WHITE METAL LANTERN,5,2026-04-19 09:44:00,4.13,16552,France
539596,22633,HAND WARMER UNION JACK,25,2026-04-17 03:12:00,4.53,17624,UK
539597,84406B,CREAM CUPID HEARTS COAT HANGER,26,2026-04-18 08:57:00,6.88,17139,UK
539598,84029G,KNITTED UNION FLAG HOT WATER BOTTLE,21,2026-04-08 18:22:00,6.22,15310,UK
539599,85123A,WHITE HANGING HEART T-LIGHT HOLDER,31,2026-04-11 06:36:00,1.85,13802,Germany
539600,85123A,WHITE HANGING HEART T-LIGHT HOLDER,38,2026-04-11 23:18:00,2.6,17664,France
539601,71053,WHITE METAL LANTERN,45,2026-04-13 08:19:00,7.34,14518,Italy
539602,85123A,WHITE HANGING HEART T-LIGHT HOLDER,3,2026-04-13 02:08:00,3.07,12370,UK
539603,85123A,WHITE HANGING HEART T-LIGHT HOLDER,12,2026-04-07 12:55:00,4.9,14412,France
539604,84029G,KNITTED UNION FLAG HOT WATER BOTTLE,37,2026-04-22 05:15:00,7.02,15932,Spain
539605,71053,WHITE METAL LANTERN,3,2026-04-22 09:51:00,1.86,12184,Spain
539606,71053,WHITE METAL LANTERN,5,2026-04-05 13:46:00,9.7,17977,Italy
539607,22633,HAND WARMER UNION JACK,32,2026-04-26 02:09:00,9.07,13377,France
539608,71053,WHITE METAL LANTERN,4,2026-04-19 16:06:00,5.44,15068,France
539609,84406B,CREAM CUPID HEARTS COAT HANGER,20,2026-04-23 19:29:00,9.8,15187,UK
539610,22633,HAND WARMER UNION JACK,7,2026-04-20 15:17:00,3.35,12451,Spain
539611,85123A,WHITE HANGING HEART T-LIGHT HOLDER,15,2026-04-18 08:36:00,5.37,12402,Italy
539612,22633,HAND WARMER UNION JACK,43,2026-04-18 19:45:00,7.03,12992,UK
539613,85123A,WHITE HANGING HEART T-LIGHT HOLDER,33,2026-04-03 20:53:00,4.06,12948,France
539614,85123A,WHITE HANGING HEART T-LIGHT HOLDER,29,2026-04-21 14:03:00,2.92,13790,Italy
539615,71053,WHITE METAL LANTERN,49,2026-04-11 19:09:00,2.42,15878,France
539616,71053,WHITE METAL LANTERN,23,2026-04-22 23:57:00,6.36,17934,France
539617,85123A,WHITE HANGING HEART T-LIGHT HOLDER,45,2026-04-14 03:41:00,8.48,14567,Italy
539618,22633,HAND WARMER UNION JACK,50,2026-04-05 01:31:00,9.52,15173,Spain
539619,85123A,WHITE HANGING HEART T-LIGHT HOLDER,40,2026-04-25 21:45:00,1.53,13641,Italy
539620,85123A,WHITE HANGING HEART T-LIGHT HOLDER,35,2026-04-14 14:03:00,2.7,15210,France
539621,84406B,CREAM CUPID HEARTS COAT HANGER,29,2026-04-07 16:33:00,1.24,14994,Italy
539622,71053,WHITE METAL LANTERN,21,2026-04-21 17:27:00,7.67,14810,Italy
539623,84406B,CREAM CUPID HEARTS COAT HANGER,49,2026-04-07 21:45:00,4.9,15876,Italy
539624,22633,HAND WARMER UNION JACK,16,2026-04-21 22:58:00,7.72,15314,Spain
539625,84029G,KNITTED UNION FLAG HOT WATER BOTTLE,47,2026-04-10 02:31:00,3.66,16179,Germany
539626,84029G,KNITTED UNION FLAG HOT WATER BOTTLE,3,2026-04-25 03:12:00,1.56,15944,UK
539627,85123A,WHITE HANGING HEART T-LIGHT HOLDER,36,2026-04-23 05:23:00,1.25,15926,Spain
539628,22633,HAND WARMER UNION JACK,34,2026-04-12 13:10:00,4.09,12207,France
539629,84029G,KNITTED UNION FLAG HOT WATER BOTTLE,8,2026-04-08 08:28:00,2.95,12848,France
539630,71053,WHITE METAL LANTERN,2,2026-04-13 19:49:00,4.89,14993,Germany
539631,84406B,CREAM CUPID HEARTS COAT HANGER,9,2026-04-24 08:11:00,9.57,13106,Germany
539632,71053,WHITE METAL LANTERN,32,2026-04-17 13:23:00,4.75,13743,Spain
539633,84029G,KNITTED UNION FLAG HOT WATER BOTTLE,34,2026-04-21 02:40:00,9.46,13425,UK
539634,85123A,WHITE HANGING HEART T-LIGHT HOLDER,4,2026-04-24 23:46:00,3.04,15760,UK
539635,84029G,KNITTED UNION FLAG HOT WATER BOTTLE,21,2026-04-02 02:42:00,8.93,17940,Italy
539636,22633,HAND WARMER UNION JACK,14,2026-04-25 08:29:00,1.83,16058,Italy
539637,84406B,CREAM CUPID HEARTS COAT HANGER,4,2026-04-18 17:37:00,8.33,12275,Spain
539638,71053,WHITE METAL LANTERN,10,2026-04-06 10:52:00,7.38,13292,Italy
539639,22633,HAND WARMER UNION JACK,43,2026-04-08 05:50:00,6.81,14384,Germany
539640,84029G,KNITTED UNION FLAG HOT WATER BOTTLE,32,2026-04-23 22:42:00,2.0,15460,Italy
539641,84029G,KNITTED UNION FLAG HOT WATER BOTTLE,50,2026-04-18 20:22:00,8.03,14283,Spain
539642,84406B,CREAM CUPID HEARTS COAT HANGER,23,2026-04-21 13:42:00,2.04,12777,Germany
539643,84029G,KNITTED UNION FLAG HOT WATER BOTTLE,8,2026-04-20 07:05:00,1.61,16495,Germany
539644,71053,WHITE METAL LANTERN,48,2026-04-09 20:26:00,2.55,17356,France
539645,85123A,WHITE HANGING HEART T-LIGHT HOLDER,14,2026-04-02 23:02:00,9.22,14158,Germany
539646,84406B,CREAM CUPID HEARTS COAT HANGER,45,2026-04-16 23:59:00,6.61,16528,France
539647,84406B,CREAM CUPID HEARTS COAT HANGER,21,2026-04-19 12:24:00,9.72,14001,Germany
539648,84029G,KNITTED UNION FLAG HOT WATER BOTTLE,24,2026-04-20 13:06:00,2.64,15188,Germany
539649,22633,HAND WARMER UNION JACK,50,2026-04-16 01:11:00,4.69,16680,UK
539650,71053,WHITE METAL LANTERN,27,2026-04-13 19:14:00,2.81,12587,Spain
539651,22633,HAND WARMER UNION JACK,40,2026-04-20 13:00:00,3.03,13857,UK
539652,71053,WHITE METAL LANTERN,20,2026-04-08 20:49:00,9.28,13191,Germany
539653,22633,HAND WARMER UNION JACK,21,2026-04-05 15:11:00,2.12,14421,UK
539654,84029G,KNITTED UNION FLAG HOT WATER BOTTLE,34,2026-04-26 05:15:00,5.87,17430,France
539655,71053,WHITE METAL LANTERN,2,2026-04-07 00:45:00,6.59,17777,Spain
539656,84406B,CREAM CUPID HEARTS COAT HANGER,17,2026-04-02 11:06:00,1.15,17214,Italy
539657,84406B,CREAM CUPID HEARTS COAT HANGER,13,2026-04-06 14:45:00,8.58,16076,Germany
539658,84029G,KNITTED UNION FLAG HOT WATER BOTTLE,44,2026-04-09 22:41:00,8.94,16679,Italy
539659,71053,WHITE METAL LANTERN,34,2026-04-05 11:45:00,8.63,17057,France
539660,71053,WHITE METAL LANTERN,35,2026-04-25 21:51:00,8.62,13870,Spain
539661,71053,WHITE METAL LANTERN,23,2026-04-10 19:29:00,5.41,15679,Italy
539662,22633,HAND WARMER UNION JACK,21,2026-04-10 14:53:00,7.25,13690,Germany
539663,84406B,CREAM CUPID HEARTS COAT HANGER,2,2026-04-09 12:54:00,3.26,15748,Spain
539664,71053,WHITE METAL LANTERN,45,2026-04-03 14:53:00,3.15,13307,Italy
539665,85123A,WHITE HANGING HEART T-LIGHT HOLDER,48,2026-04-10 20:49:00,1.58,16897,UK
539666,84029G,KNITTED UNION FLAG HOT WATER BOTTLE,39,2026-04-21 11:59:00,8.34,16048,Italy
539667,84406B,CREAM CUPID HEARTS COAT HANGER,38,2026-04-21 00:30:00,5.54,15207,Spain
539668,84029G,KNITTED UNION FLAG HOT WATER BOTTLE,44,2026-04-15 12:18:00,8.65,17707,Germany
539669,84029G,KNITTED UNION FLAG HOT WATER BOTTLE,23,2026-04-10 15:04:00,5.88,14741,Germany
539670,84406B,CREAM CUPID HEARTS COAT HANGER,16,2026-04-14 16:26:00,6.72,16429,Italy
539671,71053,WHITE METAL LANTERN,4,2026-04-21 21:03:00,6.91,15286,France
539672,85123A,WHITE HANGING HEART T-LIGHT HOLDER,43,2026-04-10 22:36:00,5.05,13782,Spain
539673,84406B,CREAM CUPID HEARTS COAT HANGER,21,2026-04-02 10:09:00,4.05,13008,France
539674,84406B,CREAM CUPID HEARTS COAT HANGER,12,2026-04-25 04:27:00,4.09,17424,Spain
539675,84406B,CREAM CUPID HEARTS COAT HANGER,17,2026-04-20 03:22:00,1.39,17654,UK
539676,84406B,CREAM CUPID HEARTS COAT HANGER,32,2026-04-25 17:56:00,5.08,14536,Germany
539677,84406B,CREAM CUPID HEARTS COAT HANGER,48,2026-04-06 17:43:00,9.88,12482,UK
539678,22633,HAND WARMER UNION JACK,8,2026-04-18 09:07:00,9.96,13412,Germany
539679,84029G,KNITTED UNION FLAG HOT WATER BOTTLE,12,2026-04-12 09:57:00,7.78,15953,France
539680,84029G,KNITTED UNION FLAG HOT WATER BOTTLE,31,2026-04-08 19:07:00,7.94,14047,Spain
539681,84406B,CREAM CUPID HEARTS COAT HANGER,47,2026-04-16 08:32:00,8.61,14736,Italy
539682,84406B,CREAM CUPID HEARTS COAT HANGER,16,2026-04-04 02:45:00,1.5,16692,Italy
539683,84406B,CREAM CUPID HEARTS COAT HANGER,10,2026-04-07 13:19:00,2.31,17554,Italy
539684,71053,WHITE METAL LANTERN,9,2026-04-20 19:47:00,4.18,16922,Germany
539685,71053,WHITE METAL LANTERN,34,2026-04-18 00:15:00,6.33,17451,France
539686,85123A,WHITE HANGING HEART T-LIGHT HOLDER,43,2026-04-12 08:46:00,9.33,14001,Italy
539687,71053,WHITE METAL LANTERN,7,2026-04-18 03:36:00,5.84,12030,France
539688,71053,WHITE METAL LANTERN,30,2026-04-18 13:13:00,1.11,15795,France
539689,22633,HAND WARMER UNION JACK,17,2026-04-07 16:10:00,9.54,16552,Spain
539690,22633,HAND WARMER UNION JACK,33,2026-04-09 05:18:00,7.11,16092,France
539691,84029G,KNITTED UNION FLAG HOT WATER BOTTLE,16,2026-04-09 06:22:00,8.25,14591,Germany
539692,84029G,KNITTED UNION FLAG HOT WATER BOTTLE,44,2026-04-09 15:13:00,9.15,17292,Italy
539693,85123A,WHITE HANGING HEART T-LIGHT HOLDER,19,2026-04-04 04:04:00,4.76,15624,Germany
539694,85123A,WHITE HANGING HEART T-LIGHT HOLDER,6,2026-04-06 09:04:00,5.94,16979,Italy
539695,84406B,CREAM CUPID HEARTS COAT HANGER,2,2026-04-10 12:09:00,3.88,13194,Germany
539696,22633,HAND WARMER UNION JACK,21,2026-04-17 08:58:00,7.85,13533,Italy
539697,84029G,KNITTED UNION FLAG HOT WATER BOTTLE,3,2026-04-08 04:30:00,6.94,16545,Italy
539698,84406B,CREAM CUPID HEARTS COAT HANGER,14,2026-04-17 09:38:00,9.54,12976,Italy
539699,85123A,WHITE HANGING HEART T-LIGHT HOLDER,22,2026-04-05 23:32:00,8.98,16887,France
539700,84406B,CREAM CUPID HEARTS COAT HANGER,22,2026-04-24 07:02:00,3.99,15698,Italy
539701,71053,WHITE METAL LANTERN,9,2026-04-10 18:10:00,3.39,17824,UK
539702,84029G,KNITTED UNION FLAG HOT WATER BOTTLE,35,2026-04-05 10:04:00,9.88,13707,Spain
539703,84406B,CREAM CUPID HEARTS COAT HANGER,47,2026-04-20 08:28:00,1.79,15207,UK
539704,84406B,CREAM CUPID HEARTS COAT HANGER,14,2026-04-07 11:53:00,5.59,12598,France
539705,84029G,KNITTED UNION FLAG HOT WATER BOTTLE,37,2026-04-21 09:13:00,8.23,13863,UK
539706,22633,HAND WARMER UNION JACK,13,2026-04-06 19:27:00,5.22,17901,Spain
539707,71053,WHITE METAL LANTERN,3,2026-04-16 05:47:00,1.32,17782,Italy
539708,84406B,CREAM CUPID HEARTS COAT HANGER,38,2026-04-17 23:21:00,1.36,16392,Spain
539709,84029G,KNITTED UNION FLAG HOT WATER BOTTLE,36,2026-04-23 03:54:00,8.51,17193,UK
539710,71053,WHITE METAL LANTERN,29,2026-04-07 17:58:00,7.18,17502,France
539711,84406B,CREAM CUPID HEARTS COAT HANGER,10,2026-04-15 05:56:00,4.56,13672,Spain
539712,22633,HAND WARMER UNION JACK,46,2026-04-04 14:31:00,2.05,12876,Italy
539713,71053,WHITE METAL LANTERN,5,2026-04-14 21:28:00,8.27,15067,UK
539714,84406B,CREAM CUPID HEARTS COAT HANGER,47,2026-04-16 00:30:00,5.7,15404,Spain
539715,85123A,WHITE HANGING HEART T-LIGHT HOLDER,20,2026-04-19 23:21:00,7.94,14102,Germany
539716,22633,HAND WARMER UNION JACK,40,2026-04-07 00:17:00,9.98,16640,Spain
539717,71053,WHITE METAL LANTERN,48,2026-04-14 14:01:00,8.79,12160,Italy
539718,71053,WHITE METAL LANTERN,42,2026-04-04 04:37:00,3.18,17504,UK
539719,84406B,CREAM CUPID HEARTS COAT HANGER,7,2026-04-22 20:56:00,5.21,15953,UK
539720,84406B,CREAM CUPID HEARTS COAT HANGER,41,2026-04-21 06:49:00,6.61,14538,Italy
539721,85123A,WHITE HANGING HEART T-LIGHT HOLDER,12,2026-04-19 08:37:00,5.48,17255,Italy
539722,71053,WHITE METAL LANTERN,42,2026-04-12 18:21:00,1.62,13524,Spain
539723,84406B,CREAM CUPID HEARTS COAT HANGER,43,2026-04-14 08:13:00,3.35,16461,Spain
539724,71053,WHITE METAL LANTERN,42,2026-04-06 13:20:00,5.9,16072,France
539725,71053,WHITE METAL LANTERN,21,2026-04-06 07:13:00,3.07,15174,Italy
539726,22633,HAND WARMER UNION JACK,2,2026-04-05 00:00:00,2.2,13650,UK
539727,84406B,CREAM CUPID HEARTS COAT HANGER,47,2026-04-08 10:57:00,5.89,14973,UK
539728,84406B,CREAM CUPID HEARTS COAT HANGER,15,2026-04-02 23:49:00,4.53,15192,Spain
539729,84406B,CREAM CUPID HEARTS COAT HANGER,41,2026-04-13 23:50:00,2.46,12907,Spain
539730,85123A,WHITE HANGING HEART T-LIGHT HOLDER,25,2026-04-18 08:02:00,4.27,13880,Italy
539731,85123A,WHITE HANGING HEART T-LIGHT HOLDER,25,2026-04-06 17:39:00,8.03,17163,Italy
539732,22633,HAND WARMER UNION JACK,11,2026-04-22 00:01:00,1.49,16589,Spain
539733,84029G,KNITTED UNION FLAG HOT WATER BOTTLE,23,2026-04-22 17:18:00,1.42,15099,France
539734,85123A,WHITE HANGING HEART T-LIGHT HOLDER,14,2026-04-25 05:45:00,7.67,13885,Italy
539735,84029G,KNITTED UNION FLAG HOT WATER BOTTLE,27,2026-04-23 15:44:00,4.71,16221,Spain
539736,85123A,WHITE HANGING HEART T-LIGHT HOLDER,7,2026-04-15 19:14:00,5.3,13224,France
539737,84406B,CREAM CUPID HEARTS COAT HANGER,40,2026-04-04 00:05:00,1.74,12753,Spain
539738,22633,HAND WARMER UNION JACK,44,2026-04-21 00:52:00,3.69,12470,Spain
539739,84406B,CREAM CUPID HEARTS COAT HANGER,23,2026-04-02 09:53:00,8.66,15020,Spain
539740,22633,HAND WARMER UNION JACK,29,2026-04-04 03:54:00,3.75,13812,France
539741,71053,WHITE METAL LANTERN,9,2026-04-03 02:10:00,8.76,15832,France
539742,84029G,KNITTED UNION FLAG HOT WATER BOTTLE,44,2026-04-14 22:00:00,6.8,15938,France
539743,71053,WHITE METAL LANTERN,23,2026-04-03 01:18:00,6.41,14464,Spain
539744,84406B,CREAM CUPID HEARTS COAT HANGER,21,2026-04-09 09:56:00,5.67,14435,France
539745,84029G,KNITTED UNION FLAG HOT WATER BOTTLE,24,2026-04-01 09:01:00,7.1,15379,Italy
539746,85123A,WHITE HANGING HEART T-LIGHT HOLDER,9,2026-04-19 01:44:00,2.94,14105,France
539747,22633,HAND WARMER UNION JACK,10,2026-04-11 05:56:00,2.31,15152,Germany
539748,84029G,KNITTED UNION FLAG HOT WATER BOTTLE,28,2026-04-10 07:17:00,2.76,12488,UK
539749,84406B,CREAM CUPID HEARTS COAT HANGER,5,2026-04-02 12:35:00,6.0,12333,France
539750,85123A,WHITE HANGING HEART T-LIGHT HOLDER,47,2026-04-16 19:04:00,4.91,13343,Germany
539751,71053,WHITE METAL LANTERN,32,2026-04-12 16:40:00,3.23,12636,France
539752,84406B,CREAM CUPID HEARTS COAT HANGER,41,2026-04-13 19:36:00,8.62,15036,UK
539753,84406B,CREAM CUPID HEARTS COAT HANGER,49,2026-04-21 17:03:00,4.71,16193,Spain
539754,85123A,WHITE HANGING HEART T-LIGHT HOLDER,17,2026-04-16 16:05:00,7.92,16990,France
539755,84406B,CREAM CUPID HEARTS COAT HANGER,43,2026-04-12 13:03:00,8.26,14283,France
539756,84029G,KNITTED UNION FLAG HOT WATER BOTTLE,10,2026-04-11 00:33:00,7.34,15132,Spain
539757,71053,WHITE METAL LANTERN,9,2026-04-23 17:35:00,5.62,14004,UK
539758,84406B,CREAM CUPID HEARTS COAT HANGER,12,2026-04-10 17:32:00,7.26,13485,Germany
539759,85123A,WHITE HANGING HEART T-LIGHT HOLDER,19,2026-04-05 11:28:00,6.42,15103,Germany
539760,84029G,KNITTED UNION FLAG HOT WATER BOTTLE,3,2026-04-02 15:29:00,3.34,16861,UK
539761,84406B,CREAM CUPID HEARTS COAT HANGER,11,2026-04-12 22:20:00,1.31,15662,Italy
539762,84406B,CREAM CUPID HEARTS COAT HANGER,16,2026-04-15 09:58:00,4.57,13249,UK
539763,22633,HAND WARMER UNION JACK,39,2026-04-16 23:59:00,6.19,14369,Italy
539764,85123A,WHITE HANGING HEART T-LIGHT HOLDER,15,2026-04-06 20:11:00,2.99,17822,Germany
539765,22633,HAND WARMER UNION JACK,19,2026-04-23 08:39:00,6.35,16337,Italy
539766,84029G,KNITTED UNION FLAG HOT WATER BOTTLE,35,2026-04-09 16:35:00,9.76,14013,Italy
539767,84029G,KNITTED UNION FLAG HOT WATER BOTTLE,20,2026-04-19 15:21:00,2.36,14583,France
539768,22633,HAND WARMER UNION JACK,36,2026-04-07 07:44:00,8.16,17057,France
539769,85123A,WHITE HANGING HEART T-LIGHT HOLDER,22,2026-04-13 08:21:00,8.19,16537,Germany
539770,22633,HAND WARMER UNION JACK,1,2026-04-09 18:14:00,4.72,15216,UK
539771,71053,WHITE METAL LANTERN,37,2026-04-09 12:34:00,8.76,15944,UK
539772,84029G,KNITTED UNION FLAG HOT WATER BOTTLE,4,2026-04-21 18:22:00,2.66,17269,Spain
539773,84406B,CREAM CUPID HEARTS COAT HANGER,39,2026-04-02 11:42:00,9.67,15464,Italy
539774,84029G,KNITTED UNION FLAG HOT WATER BOTTLE,25,2026-04-22 11:55:00,9.49,15608,Germany
539775,85123A,WHITE HANGING HEART T-LIGHT HOLDER,24,2026-04-09 19:48:00,4.05,15845,Spain
539776,71053,WHITE METAL LANTERN,32,2026-04-24 15:37:00,8.81,17819,Spain
539777,84406B,CREAM CUPID HEARTS COAT HANGER,29,2026-04-14 17:08:00,8.02,16690,Italy
539778,84406B,CREAM CUPID HEARTS COAT HANGER,18,2026-04-11 18:49:00,3.36,17059,Italy
539779,85123A,WHITE HANGING HEART T-LIGHT HOLDER,28,2026-04-26 06:35:00,3.65,12002,France
539780,84406B,CREAM CUPID HEARTS COAT HANGER,15,2026-04-22 11:59:00,5.21,14134,France
539781,85123A,WHITE HANGING HEART T-LIGHT HOLDER,13,2026-04-12 08:17:00,1.13,13442,Italy
539782,71053,WHITE METAL LANTERN,4,2026-04-06 18:29:00,8.19,15315,UK
539783,84029G,KNITTED UNION FLAG HOT WATER BOTTLE,50,2026-04-03 11:18:00,3.79,17082,France
539784,71053,WHITE METAL LANTERN,28,2026-04-03 04:42:00,5.79,14614,Germany
539785,84406B,CREAM CUPID HEARTS COAT HANGER,16,2026-04-25 06:21:00,6.64,16643,Italy
539786,84029G,KNITTED UNION FLAG HOT WATER BOTTLE,7,2026-04-15 05:17:00,3.24,14595,Germany
539787,22633,HAND WARMER UNION JACK,25,2026-04-05 17:16:00,8.65,13720,UK
539788,22633,HAND WARMER UNION JACK,43,2026-04-25 15:15:00,1.49,12363,France
539789,84029G,KNITTED UNION FLAG HOT WATER BOTTLE,35,2026-04-17 07:19:00,4.35,16796,Italy
539790,71053,WHITE METAL LANTERN,2,2026-04-14 21:48:00,7.26,14932,France
539791,84029G,KNITTED UNION FLAG HOT WATER BOTTLE,3,2026-04-20 02:56:00,5.94,12274,UK
539792,22633,HAND WARMER UNION JACK,37,2026-04-16 04:53:00,2.63,14033,Germany
539793,22633,HAND WARMER UNION JACK,48,2026-04-19 19:25:00,4.85,12969,UK
539794,84406B,CREAM CUPID HEARTS COAT HANGER,47,2026-04-09 13:30:00,9.62,13568,UK
539795,84406B,CREAM CUPID HEARTS COAT HANGER,32,2026-04-04 00:06:00,7.08,16716,Italy
539796,85123A,WHITE HANGING HEART T-LIGHT HOLDER,41,2026-04-07 13:05:00,1.02,15895,Spain
539797,84029G,KNITTED UNION FLAG HOT WATER BOTTLE,42,2026-04-01 13:22:00,4.99,17638,France
539798,71053,WHITE METAL LANTERN,12,2026-04-19 17:04:00,3.27,14076,Italy
539799,84406B,CREAM CUPID HEARTS COAT HANGER,50,2026-04-11 14:15:00,7.23,12166,Germany
539800,84029G,KNITTED UNION FLAG HOT WATER BOTTLE,31,2026-04-12 10:20:00,5.43,13360,Germany
539801,84029G,KNITTED UNION FLAG HOT WATER BOTTLE,17,2026-04-17 18:25:00,6.75,15403,UK
539802,84029G,KNITTED UNION FLAG HOT WATER BOTTLE,35,2026-04-06 01:03:00,1.92,13285,UK
539803,85123A,WHITE HANGING HEART T-LIGHT HOLDER,14,2026-04-14 22:00:00,2.33,14847,Spain
539804,85123A,WHITE HANGING HEART T-LIGHT HOLDER,45,2026-04-14 04:14:00,7.72,12083,UK
539805,71053,WHITE METAL LANTERN,37,2026-04-20 08:05:00,4.42,15531,UK
539806,84029G,KNITTED UNION FLAG HOT WATER BOTTLE,22,2026-04-01 14:33:00,1.65,14496,UK
539807,22633,HAND WARMER UNION JACK,44,2026-04-16 06:54:00,1.68,12327,France
539808,84029G,KNITTED UNION FLAG HOT WATER BOTTLE,47,2026-04-02 13:41:00,9.31,13296,Italy
539809,22633,HAND WARMER UNION JACK,11,2026-04-07 05:17:00,9.79,12891,Germany
539810,85123A,WHITE HANGING HEART T-LIGHT HOLDER,17,2026-04-21 13:29:00,3.85,15431,France
539811,84406B,CREAM CUPID HEARTS COAT HANGER,7,2026-04-07 13:18:00,5.5,13862,UK
539812,84406B,CREAM CUPID HEARTS COAT HANGER,29,2026-04-19 16:33:00,4.5,16744,Spain
539813,85123A,WHITE HANGING HEART T-LIGHT HOLDER,21,2026-04-16 01:07:00,3.62,15073,Germany
539814,71053,WHITE METAL LANTERN,8,2026-04-02 17:06:00,8.27,17123,Spain
539815,84029G,KNITTED UNION FLAG HOT WATER BOTTLE,30,2026-04-25 02:27:00,1.2,16233,Spain
539816,84029G,KNITTED UNION FLAG HOT WATER BOTTLE,33,2026-04-16 02:03:00,6.59,12828,Germany
539817,85123A,WHITE HANGING HEART T-LIGHT HOLDER,5,2026-04-24 00:37:00,2.01,12062,UK
539818,84406B,CREAM CUPID HEARTS COAT HANGER,26,2026-04-06 21:52:00,3.66,15338,Germany
539819,85123A,WHITE HANGING HEART T-LIGHT HOLDER,19,2026-04-02 06:24:00,5.92,16053,Spain
539820,71053,WHITE METAL LANTERN,2,2026-04-03 22:51:00,6.05,15467,UK
539821,71053,WHITE METAL LANTERN,25,2026-04-07 09:03:00,8.23,13571,France
539822,85123A,WHITE HANGING HEART T-LIGHT HOLDER,9,2026-04-12 12:16:00,9.85,17759,Germany
539823,84029G,KNITTED UNION FLAG HOT WATER BOTTLE,7,2026-04-24 20:16:00,6.13,12536,Italy
539824,84406B,CREAM CUPID HEARTS COAT HANGER,25,2026-04-19 19:37:00,8.68,15640,Spain
539825,85123A,WHITE HANGING HEART T-LIGHT HOLDER,32,2026-04-03 07:06:00,3.56,14166,Germany
539826,85123A,WHITE HANGING HEART T-LIGHT HOLDER,32,2026-04-21 00:17:00,9.16,16766,Spain
539827,84029G,KNITTED UNION FLAG HOT WATER BOTTLE,29,2026-04-26 07:13:00,1.64,14111,Spain
539828,85123A,WHITE HANGING HEART T-LIGHT HOLDER,13,2026-04-08 09:23:00,6.68,15262,Spain
539829,85123A,WHITE HANGING HEART T-LIGHT HOLDER,23,2026-04-14 02:18:00,2.36,17516,Germany
539830,85123A,WHITE HANGING HEART T-LIGHT HOLDER,49,2026-04-01 09:44:00,2.83,13982,Spain
539831,84406B,CREAM CUPID HEARTS COAT HANGER,24,2026-04-11 02:20:00,6.99,17204,UK
539832,84406B,CREAM CUPID HEARTS COAT HANGER,19,2026-04-21 09:14:00,6.06,17382,Germany
539833,22633,HAND WARMER UNION JACK,6,2026-04-17 19:23:00,4.96,12448,Germany
539834,84406B,CREAM CUPID HEARTS COAT HANGER,28,2026-04-16 18:44:00,9.95,13959,Germany
539835,84029G,KNITTED UNION FLAG HOT WATER BOTTLE,8,2026-04-06 10:51:00,4.01,17474,UK
539836,84029G,KNITTED UNION FLAG HOT WATER BOTTLE,17,2026-04-12 23:01:00,9.79,12521,Spain
539837,71053,WHITE METAL LANTERN,14,2026-04-25 22:16:00,6.88,16512,Spain
539838,22633,HAND WARMER UNION JACK,14,2026-04-19 11:05:00,7.88,14667,France
539839,71053,WHITE METAL LANTERN,15,2026-04-08 09:50:00,1.31,17575,Spain
539840,71053,WHITE METAL LANTERN,33,2026-04-22 21:09:00,9.24,14611,France
539841,71053,WHITE METAL LANTERN,42,2026-04-13 10:53:00,4.28,17853,France
539842,71053,WHITE METAL LANTERN,2,2026-04-20 05:22:00,8.14,16356,Spain
539843,84406B,CREAM CUPID HEARTS COAT HANGER,20,2026-04-15 18:25:00,5.1,14585,France
539844,84029G,KNITTED UNION FLAG HOT WATER BOTTLE,27,2026-04-01 16:06:00,1.65,14760,Spain
539845,84406B,CREAM CUPID HEARTS COAT HANGER,16,2026-04-18 08:02:00,8.46,12800,Italy
539846,85123A,WHITE HANGING HEART T-LIGHT HOLDER,15,2026-04-11 02:32:00,6.93,13479,France
539847,22633,HAND WARMER UNION JACK,15,2026-04-20 13:49:00,5.66,12010,France
539848,84406B,CREAM CUPID HEARTS COAT HANGER,32,2026-04-25 18:40:00,3.81,17312,France
539849,22633,HAND WARMER UNION JACK,38,2026-04-08 21:37:00,1.84,17462,France
539850,84406B,CREAM CUPID HEARTS COAT HANGER,2,2026-04-08 03:27:00,8.65,16827,Spain
539851,71053,WHITE METAL LANTERN,4,2026-04-08 14:16:00,5.29,15919,Germany
539852,84406B,CREAM CUPID HEARTS COAT HANGER,40,2026-04-20 03:40:00,3.31,12051,Italy
539853,84029G,KNITTED UNION FLAG HOT WATER BOTTLE,16,2026-04-08 00:59:00,2.11,15902,France
539854,84029G,KNITTED UNION FLAG HOT WATER BOTTLE,20,2026-04-17 13:55:00,6.35,16146,UK
539855,84029G,KNITTED UNION FLAG HOT WATER BOTTLE,6,2026-04-25 07:43:00,7.7,15150,Italy
539856,22633,HAND WARMER UNION JACK,33,2026-04-21 18:34:00,4.61,15522,Spain
539857,71053,WHITE METAL LANTERN,4,2026-04-21 11:25:00,9.88,14684,Italy
539858,84029G,KNITTED UNION FLAG HOT WATER BOTTLE,36,2026-04-11 19:21:00,1.65,13831,Germany
539859,84406B,CREAM CUPID HEARTS COAT HANGER,41,2026-04-26 05:27:00,5.9,14966,Germany
539860,22633,HAND WARMER UNION JACK,19,2026-04-25 21:06:00,5.6,14692,Italy
539861,84406B,CREAM CUPID HEARTS COAT HANGER,47,2026-04-14 07:43:00,3.68,16796,Italy
539862,71053,WHITE METAL LANTERN,11,2026-04-05 03:13:00,1.18,17940,Germany
539863,22633,HAND WARMER UNION JACK,5,2026-04-24 22:03:00,7.05,15739,France
539864,22633,HAND WARMER UNION JACK,15,2026-04-18 16:36:00,4.46,13097,France
539865,85123A,WHITE HANGING HEART T-LIGHT HOLDER,13,2026-04-13 03:19:00,5.13,14034,France
539866,85123A,WHITE HANGING HEART T-LIGHT HOLDER,14,2026-04-03 12:47:00,2.17,17364,Germany
539867,85123A,WHITE HANGING HEART T-LIGHT HOLDER,21,2026-04-04 04:10:00,3.72,15522,Germany
539868,71053,WHITE METAL LANTERN,30,2026-04-09 11:58:00,1.06,14570,Italy
539869,84406B,CREAM CUPID HEARTS COAT HANGER,35,2026-04-03 02:31:00,6.78,13712,France
539870,85123A,WHITE HANGING HEART T-LIGHT HOLDER,47,2026-04-09 17:57:00,9.75,14740,Germany
539871,84029G,KNITTED UNION FLAG HOT WATER BOTTLE,5,2026-04-25 11:00:00,8.69,14964,Germany
539872,84406B,CREAM CUPID HEARTS COAT HANGER,45,2026-04-07 01:52:00,4.82,13518,Spain
539873,85123A,WHITE HANGING HEART T-LIGHT HOLDER,36,2026-04-16 20:43:00,9.74,13511,France
539874,84029G,KNITTED UNION FLAG HOT WATER BOTTLE,12,2026-04-25 09:30:00,5.66,12629,Spain
539875,84029G,KNITTED UNION FLAG HOT WATER BOTTLE,40,2026-04-13 20:48:00,6.26,16002,UK
539876,71053,WHITE METAL LANTERN,16,2026-04-20 13:54:00,4.51,14246,Italy
539877,85123A,WHITE HANGING HEART T-LIGHT HOLDER,35,2026-04-22 02:13:00,1.74,15725,Spain
539878,84029G,KNITTED UNION FLAG HOT WATER BOTTLE,10,2026-04-12 12:11:00,9.04,12460,Spain
539879,71053,WHITE METAL LANTERN,13,2026-04-18 18:01:00,9.99,16467,Italy
539880,85123A,WHITE HANGING HEART T-LIGHT HOLDER,46,2026-04-05 08:49:00,9.91,16032,Germany
539881,84029G,KNITTED UNION FLAG HOT WATER BOTTLE,28,2026-04-07 16:33:00,1.45,16910,UK
539882,71053,WHITE METAL LANTERN,46,2026-04-05 14:56:00,5.21,12132,Italy
539883,84406B,CREAM CUPID HEARTS COAT HANGER,1,2026-04-10 21:59:00,5.78,14006,France
539884,85123A,WHITE HANGING HEART T-LIGHT HOLDER,45,2026-04-06 22:42:00,4.09,17540,France
539885,84406B,CREAM CUPID HEARTS COAT HANGER,43,2026-04-20 18:24:00,2.78,16533,France
539886,84029G,KNITTED UNION FLAG HOT WATER BOTTLE,47,2026-04-19 14:13:00,4.25,12883,UK
539887,22633,HAND WARMER UNION JACK,29,2026-04-25 14:58:00,9.75,17755,Germany
539888,84406B,CREAM CUPID HEARTS COAT HANGER,43,2026-04-03 00:23:00,1.51,16574,Italy
539889,71053,WHITE METAL LANTERN,41,2026-04-21 07:46:00,3.65,15142,France
539890,71053,WHITE METAL LANTERN,44,2026-04-05 01:56:00,6.2,14758,Spain
539891,22633,HAND WARMER UNION JACK,23,2026-04-05 19:34:00,9.96,15249,France
539892,22633,HAND WARMER UNION JACK,7,2026-04-20 21:08:00,3.17,12281,Spain
539893,84406B,CREAM CUPID HEARTS COAT HANGER,17,2026-04-01 22:59:00,9.59,17209,Italy
539894,71053,WHITE METAL LANTERN,7,2026-04-24 00:24:00,5.71,15766,Spain
539895,85123A,WHITE HANGING HEART T-LIGHT HOLDER,29,2026-04-13 04:58:00,2.89,14393,Spain
539896,85123A,WHITE HANGING HEART T-LIGHT HOLDER,30,2026-04-25 10:09:00,2.82,12695,UK
539897,85123A,WHITE HANGING HEART T-LIGHT HOLDER,30,2026-04-23 00:17:00,6.83,14234,Germany
539898,85123A,WHITE HANGING HEART T-LIGHT HOLDER,10,2026-04-21 05:05:00,9.52,16989,Italy
539899,22633,HAND WARMER UNION JACK,12,2026-04-04 08:47:00,5.62,17742,Spain
539900,85123A,WHITE HANGING HEART T-LIGHT HOLDER,32,2026-04-03 15:32:00,8.82,12587,France
539901,85123A,WHITE HANGING HEART T-LIGHT HOLDER,23,2026-04-04 02:49:00,3.07,13832,Germany
539902,84029G,KNITTED UNION FLAG HOT WATER BOTTLE,4,2026-04-17 21:59:00,9.62,15588,France
539903,22633,HAND WARMER UNION JACK,7,2026-04-06 14:25:00,6.35,14516,France
539904,22633,HAND WARMER UNION JACK,1,2026-04-07 22:47:00,9.32,17089,Spain
539905,84029G,KNITTED UNION FLAG HOT WATER BOTTLE,32,2026-04-04 22:18:00,1.61,13795,Spain
539906,22633,HAND WARMER UNION JACK,4,2026-04-10 06:45:00,8.28,13264,Italy
539907,22633,HAND WARMER UNION JACK,40,2026-04-16 12:13:00,6.8,17486,France
539908,85123A,WHITE HANGING HEART T-LIGHT HOLDER,40,2026-04-07 00:49:00,2.51,15741,Germany
539909,84406B,CREAM CUPID HEARTS COAT HANGER,25,2026-04-02 23:22:00,3.05,16098,Germany
539910,84406B,CREAM CUPID HEARTS COAT HANGER,46,2026-04-04 14:55:00,4.47,16381,UK
539911,71053,WHITE METAL LANTERN,14,2026-04-15 15:15:00,9.85,13841,Germany
539912,22633,HAND WARMER UNION JACK,36,2026-04-03 14:18:00,6.81,17700,Italy
539913,84406B,CREAM CUPID HEARTS COAT HANGER,11,2026-04-09 02:01:00,3.41,13557,Spain
539914,84406B,CREAM CUPID HEARTS COAT HANGER,33,2026-04-14 19:05:00,3.33,14556,Germany
539915,84029G,KNITTED UNION FLAG HOT WATER BOTTLE,34,2026-04-25 02:45:00,5.59,15904,France
539916,84029G,KNITTED UNION FLAG HOT WATER BOTTLE,29,2026-04-10 16:01:00,4.99,13853,Italy
539917,84406B,CREAM CUPID HEARTS COAT HANGER,45,2026-04-21 01:20:00,4.38,16277,UK
539918,22633,HAND WARMER UNION JACK,5,2026-04-24 16:39:00,4.71,16759,Spain
539919,22633,HAND WARMER UNION JACK,20,2026-04-26 00:36:00,1.69,12240,Italy
539920,22633,HAND WARMER UNION JACK,33,2026-04-06 18:48:00,4.11,13264,UK
539921,84406B,CREAM CUPID HEARTS COAT HANGER,26,2026-04-20 18:16:00,7.01,13257,Germany
539922,84029G,KNITTED UNION FLAG HOT WATER BOTTLE,17,2026-04-02 01:52:00,7.55,14538,France
539923,22633,HAND WARMER UNION JACK,38,2026-04-25 04:29:00,3.72,13187,Germany
539924,84406B,CREAM CUPID HEARTS COAT HANGER,48,2026-04-02 14:01:00,4.11,13812,UK
539925,71053,WHITE METAL LANTERN,6,2026-04-08 20:39:00,6.05,17039,France
539926,85123A,WHITE HANGING HEART T-LIGHT HOLDER,34,2026-04-06 10:19:00,6.2,15111,Spain
539927,84029G,KNITTED UNION FLAG HOT WATER BOTTLE,33,2026-04-16 22:21:00,4.14,14412,France
539928,22633,HAND WARMER UNION JACK,43,2026-04-23 10:21:00,9.82,13979,Germany
539929,84029G,KNITTED UNION FLAG HOT WATER BOTTLE,25,2026-04-15 07:52:00,3.04,12279,Germany
539930,85123A,WHITE HANGING HEART T-LIGHT HOLDER,30,2026-04-12 22:30:00,2.66,12065,UK
539931,85123A,WHITE HANGING HEART T-LIGHT HOLDER,29,2026-04-22 09:18:00,7.74,15652,France
539932,85123A,WHITE HANGING HEART T-LIGHT HOLDER,26,2026-04-03 08:21:00,4.74,12654,France
539933,22633,HAND WARMER UNION JACK,35,2026-04-10 15:54:00,7.78,13773,Spain
539934,71053,WHITE METAL LANTERN,2,2026-04-23 01:17:00,9.09,13905,Germany
539935,84029G,KNITTED UNION FLAG HOT WATER BOTTLE,25,2026-04-26 06:55:00,9.08,17873,France
539936,84029G,KNITTED UNION FLAG HOT WATER BOTTLE,45,2026-04-24 05:21:00,1.91,17551,Italy
539937,22633,HAND WARMER UNION JACK,9,2026-04-03 04:07:00,1.84,16765,UK
539938,84029G,KNITTED UNION FLAG HOT WATER BOTTLE,31,2026-04-03 03:16:00,8.12,14272,France
539939,85123A,WHITE HANGING HEART T-LIGHT HOLDER,10,2026-04-23 14:32:00,8.43,17754,UK
539940,84029G,KNITTED UNION FLAG HOT WATER BOTTLE,11,2026-04-26 03:54:00,6.39,17866,UK
539941,84029G,KNITTED UNION FLAG HOT WATER BOTTLE,20,2026-04-26 07:59:00,7.17,14044,Germany
539942,84029G,KNITTED UNION FLAG HOT WATER BOTTLE,11,2026-04-02 00:02:00,3.82,12867,UK
539943,84029G,KNITTED UNION FLAG HOT WATER BOTTLE,47,2026-04-25 21:44:00,1.62,17811,Italy
539944,22633,HAND WARMER UNION JACK,41,2026-04-24 03:51:00,6.95,12301,France
539945,84406B,CREAM CUPID HEARTS COAT HANGER,30,2026-04-19 17:16:00,8.06,14641,Italy
539946,84406B,CREAM CUPID HEARTS COAT HANGER,29,2026-04-02 09:50:00,4.07,15943,Italy
539947,71053,WHITE METAL LANTERN,46,2026-04-18 15:41:00,7.81,14640,UK
539948,71053,WHITE METAL LANTERN,5,2026-04-11 01:27:00,7.24,13118,Italy
539949,71053,WHITE METAL LANTERN,4,2026-04-10 07:17:00,9.87,13036,UK
539950,84029G,KNITTED UNION FLAG HOT WATER BOTTLE,20,2026-04-12 18:45:00,6.22,17926,Spain
539951,71053,WHITE METAL LANTERN,35,2026-04-13 09:38:00,7.12,16403,Italy
539952,84029G,KNITTED UNION FLAG HOT WATER BOTTLE,10,2026-04-11 11:37:00,8.64,13722,Italy
539953,71053,WHITE METAL LANTERN,20,2026-04-17 22:23:00,6.75,16380,Italy
539954,84406B,CREAM CUPID HEARTS COAT HANGER,47,2026-04-19 01:15:00,7.18,13406,Italy
539955,84029G,KNITTED UNION FLAG HOT WATER BOTTLE,24,2026-04-11 04:20:00,6.86,16701,Spain
539956,84029G,KNITTED UNION FLAG HOT WATER BOTTLE,8,2026-04-24 21:08:00,6.21,16877,France
539957,22633,HAND WARMER UNION JACK,18,2026-04-15 15:34:00,1.97,17558,Germany
539958,71053,WHITE METAL LANTERN,18,2026-04-12 15:14:00,8.39,15013,Spain
539959,84029G,KNITTED UNION FLAG HOT WATER BOTTLE,7,2026-04-22 08:01:00,5.54,16673,Italy
539960,71053,WHITE METAL LANTERN,34,2026-04-25 23:48:00,9.43,12493,Spain
539961,84029G,KNITTED UNION FLAG HOT WATER BOTTLE,8,2026-04-17 18:10:00,3.22,13324,Spain
539962,22633,HAND WARMER UNION JACK,43,2026-04-26 06:34:00,6.83,17011,Germany
539963,84029G,KNITTED UNION FLAG HOT WATER BOTTLE,40,2026-04-18 17:17:00,3.34,15437,Germany
539964,71053,WHITE METAL LANTERN,50,2026-04-04 11:51:00,6.56,12394,Spain
539965,85123A,WHITE HANGING HEART T-LIGHT HOLDER,20,2026-04-03 10:15:00,6.49,17422,Spain
539966,22633,HAND WARMER UNION JACK,9,2026-04-26 02:21:00,3.84,15766,France
539967,71053,WHITE METAL LANTERN,12,2026-04-08 12:22:00,4.65,14519,Germany
539968,84406B,CREAM CUPID HEARTS COAT HANGER,6,2026-04-23 00:14:00,3.06,12233,Italy
539969,84029G,KNITTED UNION FLAG HOT WATER BOTTLE,41,2026-04-07 10:20:00,6.45,16022,Germany
539970,85123A,WHITE HANGING HEART T-LIGHT HOLDER,7,2026-04-09 05:13:00,8.33,14738,Italy
539971,22633,HAND WARMER UNION JACK,23,2026-04-12 08:54:00,3.35,14134,France
539972,22633,HAND WARMER UNION JACK,2,2026-04-23 12:49:00,9.49,13251,UK
539973,84406B,CREAM CUPID HEARTS COAT HANGER,4,2026-04-21 09:56:00,1.35,16624,UK
539974,71053,WHITE METAL LANTERN,11,2026-04-03 07:22:00,6.87,15150,Germany
539975,84406B,CREAM CUPID HEARTS COAT HANGER,41,2026-04-17 04:59:00,6.9,14612,UK
539976,22633,HAND WARMER UNION JACK,15,2026-04-20 15:06:00,6.75,14349,France
539977,84029G,KNITTED UNION FLAG HOT WATER BOTTLE,9,2026-04-19 00:47:00,5.82,14059,Germany
539978,84406B,CREAM CUPID HEARTS COAT HANGER,33,2026-04-20 17:40:00,9.97,17513,Spain
539979,84406B,CREAM CUPID HEARTS COAT HANGER,30,2026-04-05 17:26:00,9.61,17868,Italy
539980,71053,WHITE METAL LANTERN,40,2026-04-16 04:01:00,6.4,12583,Germany
539981,85123A,WHITE HANGING HEART T-LIGHT HOLDER,32,2026-04-11 12:52:00,6.27,16817,France
539982,84406B,CREAM CUPID HEARTS COAT HANGER,4,2026-04-25 20:23:00,7.52,17969,France
539983,84406B,CREAM CUPID HEARTS COAT HANGER,9,2026-04-04 04:09:00,8.31,12880,UK
539984,84029G,KNITTED UNION FLAG HOT WATER BOTTLE,3,2026-04-07 17:40:00,7.83,13025,Spain
539985,22633,HAND WARMER UNION JACK,12,2026-04-17 14:36:00,3.08,12547,Italy
539986,84406B,CREAM CUPID HEARTS COAT HANGER,50,2026-04-26 07:30:00,2.17,13593,Spain
539987,22633,HAND WARMER UNION JACK,21,2026-04-20 05:25:00,1.39,15266,France
539988,22633,HAND WARMER UNION JACK,5,2026-04-16 18:51:00,9.44,14009,Germany
539989,84029G,KNITTED UNION FLAG HOT WATER BOTTLE,9,2026-04-10 17:22:00,7.6,13837,Germany
539990,85123A,WHITE HANGING HEART T-LIGHT HOLDER,41,2026-04-21 05:40:00,2.31,15333,France
539991,71053,WHITE METAL LANTERN,43,2026-04-01 10:05:00,2.49,14507,France
539992,85123A,WHITE HANGING HEART T-LIGHT HOLDER,38,2026-04-05 18:23:00,1.27,13909,UK
539993,84029G,KNITTED UNION FLAG HOT WATER BOTTLE,31,2026-04-24 21:37:00,5.81,16556,UK
539994,22633,HAND WARMER UNION JACK,24,2026-04-26 03:17:00,2.09,12999,France
539995,84029G,KNITTED UNION FLAG HOT WATER BOTTLE,34,2026-04-02 17:19:00,1.07,17288,Spain
539996,71053,WHITE METAL LANTERN,50,2026-04-07 16:40:00,7.43,16294,Italy
539997,71053,WHITE METAL LANTERN,45,2026-04-24 11:45:00,3.3,12939,Germany
539998,71053,WHITE METAL LANTERN,3,2026-04-22 02:45:00,4.26,12879,Germany
539999,22633,HAND WARMER UNION JACK,8,2026-04-06 19:53:00,1.18,12979,France
540000,84406B,CREAM CUPID HEARTS COAT HANGER,23,2026-05-17 03:29:00,2.99,17577,Italy
540001,85123A,WHITE HANGING HEART T-LIGHT HOLDER,39,2026-05-07 01:48:00,4.2,12028,UK
540002,22633,HAND WARMER UNION JACK,16,2026-05-12 09:39:00,3.01,16609,Italy
540003,84406B,CREAM CUPID HEARTS COAT HANGER,15,2026-05-15 00:04:00,7.6,15247,Germany
540004,84029G,KNITTED UNION FLAG HOT WATER BOTTLE,30,2026-05-03 03:55:00,2.22,16171,France
540005,84406B,CREAM CUPID HEARTS COAT HANGER,15,2026-05-25 12:56:00,4.0,16466,Germany
540006,71053,WHITE METAL LANTERN,33,2026-05-21 21:09:00,2.73,12196,France
540007,71053,WHITE METAL LANTERN,23,2026-05-20 10:05:00,3.97,14579,France
540008,84029G,KNITTED UNION FLAG HOT WATER BOTTLE,19,2026-05-03 05:58:00,2.49,15254,UK
540009,22633,HAND WARMER UNION JACK,28,2026-05-09 12:16:00,1.32,14034,Spain
540010,85123A,WHITE HANGING HEART T-LIGHT HOLDER,5,2026-05-19 07:10:00,6.1,13806,UK
540011,71053,WHITE METAL LANTERN,23,2026-05-01 21:27:00,3.53,15634,Spain
540012,85123A,WHITE HANGING HEART T-LIGHT HOLDER,14,2026-05-18 16:26:00,7.43,15860,UK
540013,84029G,KNITTED UNION FLAG HOT WATER BOTTLE,11,2026-05-17 13:27:00,4.13,13809,France
540014,71053,WHITE METAL LANTERN,35,2026-05-19 04:31:00,8.08,13831,Italy
540015,84406B,CREAM CUPID HEARTS COAT HANGER,27,2026-05-20 04:03:00,3.66,14177,France
540016,84029G,KNITTED UNION FLAG HOT WATER BOTTLE,35,2026-05-01 15:32:00,9.87,12109,UK
540017,22633,HAND WARMER UNION JACK,50,2026-05-11 07:36:00,9.5,16037,Spain
540018,71053,WHITE METAL LANTERN,1,2026-05-10 22:07:00,7.21,13894,Germany
540019,84406B,CREAM CUPID HEARTS COAT HANGER,3,2026-05-24 01:13:00,7.71,17410,Germany
540020,84029G,KNITTED UNION FLAG HOT WATER BOTTLE,33,2026-05-05 05:11:00,5.96,15046,Spain
540021,84029G,KNITTED UNION FLAG HOT WATER BOTTLE,20,2026-05-14 13:38:00,7.71,17066,France
540022,22633,HAND WARMER UNION JACK,33,2026-05-07 20:19:00,8.47,12092,France
540023,84029G,KNITTED UNION FLAG HOT WATER BOTTLE,24,2026-05-05 18:41:00,8.42,13836,Spain
540024,85123A,WHITE HANGING HEART T-LIGHT HOLDER,28,2026-05-24 17:39:00,1.86,13409,Italy
540025,84406B,CREAM CUPID HEARTS COAT HANGER,50,2026-05-16 03:10:00,7.23,14932,Spain
540026,71053,WHITE METAL LANTERN,10,2026-05-14 19:35:00,4.01,13169,Germany
540027,71053,WHITE METAL LANTERN,14,2026-05-05 03:06:00,3.99,17007,France
540028,84029G,KNITTED UNION FLAG HOT WATER BOTTLE,32,2026-05-23 09:55:00,9.3,15709,Spain
540029,84406B,CREAM CUPID HEARTS COAT HANGER,23,2026-05-23 15:31:00,6.16,16597,Spain
540030,22633,HAND WARMER UNION JACK,24,2026-05-23 21:45:00,5.06,15200,France
540031,84406B,CREAM CUPID HEARTS COAT HANGER,16,2026-05-10 09:17:00,2.2,17287,Spain
540032,84029G,KNITTED UNION FLAG HOT WATER BOTTLE,34,2026-05-18 09:53:00,6.01,14105,Italy
540033,22633,HAND WARMER UNION JACK,43,2026-05-07 06:12:00,5.01,12919,France
540034,85123A,WHITE HANGING HEART T-LIGHT HOLDER,32,2026-05-11 07:03:00,4.13,15471,Spain
540035,85123A,WHITE HANGING HEART T-LIGHT HOLDER,15,2026-05-23 01:21:00,2.63,12520,Italy
540036,85123A,WHITE HANGING HEART T-LIGHT HOLDER,15,2026-05-10 13:16:00,7.28,14524,France
540037,71053,WHITE METAL LANTERN,14,2026-05-09 09:38:00,5.2,12876,Spain
540038,84406B,CREAM CUPID HEARTS COAT HANGER,29,2026-05-14 21:20:00,3.5,16542,Germany
540039,84406B,CREAM CUPID HEARTS COAT HANGER,35,2026-05-04 11:11:00,1.06,17542,Italy
540040,84029G,KNITTED UNION FLAG HOT WATER BOTTLE,27,2026-05-21 03:39:00,1.27,16800,France
540041,22633,HAND WARMER UNION JACK,50,2026-05-13 16:46:00,5.9,15548,Germany
540042,22633,HAND WARMER UNION JACK,4,2026-05-10 07:00:00,2.89,12756,Italy
540043,85123A,WHITE HANGING HEART T-LIGHT HOLDER,13,2026-05-23 12:13:00,5.31,13602,Italy
540044,22633,HAND WARMER UNION JACK,42,2026-05-07 19:29:00,6.53,14022,Germany
540045,22633,HAND WARMER UNION JACK,13,2026-05-10 17:37:00,6.28,12349,France
540046,84406B,CREAM CUPID HEARTS COAT HANGER,19,2026-05-11 20:14:00,7.42,13157,Italy
540047,22633,HAND WARMER UNION JACK,19,2026-05-15 20:59:00,7.55,16060,Spain
540048,84406B,CREAM CUPID HEARTS COAT HANGER,38,2026-05-24 20:49:00,7.8,16652,UK
540049,84029G,KNITTED UNION FLAG HOT WATER BOTTLE,6,2026-05-13 07:04:00,3.1,15723,UK
540050,71053,WHITE METAL LANTERN,2,2026-05-19 21:38:00,8.97,12717,France
540051,71053,WHITE METAL LANTERN,36,2026-05-03 06:08:00,1.75,15733,UK
540052,84029G,KNITTED UNION FLAG HOT WATER BOTTLE,17,2026-05-01 22:48:00,6.44,13329,Spain
540053,85123A,WHITE HANGING HEART T-LIGHT HOLDER,26,2026-05-12 18:09:00,2.37,12027,Spain
540054,22633,HAND WARMER UNION JACK,46,2026-05-03 21:26:00,2.42,16992,UK
540055,84029G,KNITTED UNION FLAG HOT WATER BOTTLE,19,2026-05-23 03:08:00,2.41,16348,Spain
540056,84029G,KNITTED UNION FLAG HOT WATER BOTTLE,31,2026-05-03 04:56:00,1.82,16876,UK
540057,84029G,KNITTED UNION FLAG HOT WATER BOTTLE,19,2026-05-07 22:18:00,4.44,16313,Spain
540058,84029G,KNITTED UNION FLAG HOT WATER BOTTLE,40,2026-05-10 03:49:00,3.24,15678,UK
540059,84406B,CREAM CUPID HEARTS COAT HANGER,24,2026-05-05 06:47:00,1.43,14843,France
540060,71053,WHITE METAL LANTERN,43,2026-05-06 10:29:00,8.49,15126,Spain
540061,84029G,KNITTED UNION FLAG HOT WATER BOTTLE,30,2026-05-15 14:45:00,8.47,14620,Germany
540062,85123A,WHITE HANGING HEART T-LIGHT HOLDER,43,2026-05-19 16:47:00,8.7,16229,France
540063,85123A,WHITE HANGING HEART T-LIGHT HOLDER,4,2026-05-15 00:01:00,4.22,16834,Spain
540064,71053,WHITE METAL LANTERN,49,2026-05-23 02:31:00,5.39,12733,Germany
540065,84029G,KNITTED UNION FLAG HOT WATER BOTTLE,49,2026-05-08 22:24:00,9.27,16165,France
540066,84029G,KNITTED UNION FLAG HOT WATER BOTTLE,34,2026-05-11 03:33:00,6.48,13791,UK
540067,71053,WHITE METAL LANTERN,8,2026-05-26 04:44:00,6.02,14827,Germany
540068,85123A,WHITE HANGING HEART T-LIGHT HOLDER,36,2026-05-14 06:30:00,6.53,16628,France
540069,84029G,KNITTED UNION FLAG HOT WATER BOTTLE,15,2026-05-08 11:31:00,5.86,14508,Italy
540070,84406B,CREAM CUPID HEARTS COAT HANGER,37,2026-05-16 05:30:00,3.4,15526,Spain
540071,84406B,CREAM CUPID HEARTS COAT HANGER,44,2026-05-02 10:21:00,1.09,12260,Germany
540072,84406B,CREAM CUPID HEARTS COAT HANGER,3,2026-05-23 12:13:00,3.79,14696,Italy
540073,84029G,KNITTED UNION FLAG HOT WATER BOTTLE,43,2026-05-16 00:34:00,8.01,14641,Spain
540074,84029G,KNITTED UNION FLAG HOT WATER BOTTLE,7,2026-05-03 17:36:00,4.13,16181,France
540075,71053,WHITE METAL LANTERN,27,2026-05-10 03:38:00,8.37,12028,Spain
540076,71053,WHITE METAL LANTERN,23,2026-05-04 15:31:00,9.97,12617,France
540077,84406B,CREAM CUPID HEARTS COAT HANGER,45,2026-05-06 15:25:00,8.26,14125,Italy
540078,84406B,CREAM CUPID HEARTS COAT HANGER,35,2026-05-18 06:16:00,8.24,12207,France
540079,84029G,KNITTED UNION FLAG HOT WATER BOTTLE,48,2026-05-15 03:48:00,4.93,15143,UK
540080,85123A,WHITE HANGING HEART T-LIGHT HOLDER,19,2026-05-03 18:08:00,4.57,13632,France
540081,85123A,WHITE HANGING HEART T-LIGHT HOLDER,48,2026-05-06 16:46:00,2.4,15392,Germany
540082,22633,HAND WARMER UNION JACK,12,2026-05-24 16:13:00,1.99,14980,UK
540083,85123A,WHITE HANGING HEART T-LIGHT HOLDER,15,2026-05-19 13:18:00,1.13,14031,UK
540084,84406B,CREAM CUPID HEARTS COAT HANGER,44,2026-05-06 22:52:00,3.65,12071,Spain
540085,84406B,CREAM CUPID HEARTS COAT HANGER,40,2026-05-01 09:25:00,8.29,15177,Germany
540086,85123A,WHITE HANGING HEART T-LIGHT HOLDER,15,2026-05-03 16:34:00,9.9,16583,UK
540087,84029G,KNITTED UNION FLAG HOT WATER BOTTLE,7,2026-05-01 13:18:00,3.9,17078,Germany
540088,84029G,KNITTED UNION FLAG HOT WATER BOTTLE,47,2026-05-11 08:50:00,5.37,15117,UK
540089,85123A,WHITE HANGING HEART T-LIGHT HOLDER,32,2026-05-09 01:55:00,2.92,14502,Germany
540090,22633,HAND WARMER UNION JACK,20,2026-05-18 16:19:00,1.2,16256,Italy
540091,84029G,KNITTED UNION FLAG HOT WATER BOTTLE,12,2026-05-12 21:55:00,8.0,15019,Spain
540092,22633,HAND WARMER UNION JACK,4,2026-05-15 09:05:00,5.43,12404,Italy
540093,84029G,KNITTED UNION FLAG HOT WATER BOTTLE,46,2026-05-05 08:52:00,9.17,17043,UK
540094,84406B,CREAM CUPID HEARTS COAT HANGER,24,2026-05-09 22:01:00,8.64,13713,Germany
540095,71053,WHITE METAL LANTERN,12,2026-05-07 08:10:00,5.17,16267,Spain
540096,84406B,CREAM CUPID HEARTS COAT HANGER,38,2026-05-08 23:22:00,4.81,14431,Italy
540097,84029G,KNITTED UNION FLAG HOT WATER BOTTLE,14,2026-05-01 17:15:00,7.77,13347,Italy
540098,84029G,KNITTED UNION FLAG HOT WATER BOTTLE,40,2026-05-04 17:25:00,7.74,13827,Germany
540099,84029G,KNITTED UNION FLAG HOT WATER BOTTLE,28,2026-05-04 13:13:00,4.13,15273,Spain
540100,22633,HAND WARMER UNION JACK,9,2026-05-06 14:50:00,8.37,17664,France
540101,85123A,WHITE HANGING HEART T-LIGHT HOLDER,1,2026-05-26 05:19:00,1.68,15673,Italy
540102,84029G,KNITTED UNION FLAG HOT WATER BOTTLE,50,2026-05-15 07:18:00,1.48,17606,UK
540103,85123A,WHITE HANGING HEART T-LIGHT HOLDER,42,2026-05-18 17:52:00,7.56,15559,Italy
540104,85123A,WHITE HANGING HEART T-LIGHT HOLDER,33,2026-05-23 00:49:00,2.13,17468,Italy
540105,85123A,WHITE HANGING HEART T-LIGHT HOLDER,33,2026-05-20 01:03:00,3.94,16423,Germany
540106,84029G,KNITTED UNION FLAG HOT WATER BOTTLE,24,2026-05-10 02:59:00,7.96,16219,France
540107,71053,WHITE METAL LANTERN,18,2026-05-17 23:49:00,4.59,16802,Germany
540108,71053,WHITE METAL LANTERN,40,2026-05-26 00:51:00,9.71,15443,UK
540109,22633,HAND WARMER UNION JACK,22,2026-05-11 21:48:00,4.08,13545,Spain
540110,84029G,KNITTED UNION FLAG HOT WATER BOTTLE,30,2026-05-07 04:08:00,5.74,15195,France
540111,84029G,KNITTED UNION FLAG HOT WATER BOTTLE,25,2026-05-21 17:09:00,2.07,16882,France
540112,22633,HAND WARMER UNION JACK,11,2026-05-04 16:07:00,5.94,14033,Spain
540113,84029G,KNITTED UNION FLAG HOT WATER BOTTLE,37,2026-05-21 17:48:00,8.6,17433,UK
540114,71053,WHITE METAL LANTERN,9,2026-05-19 22:35:00,2.07,17864,France
540115,22633,HAND WARMER UNION JACK,2,2026-05-22 03:04:00,6.77,15738,Germany
540116,71053,WHITE METAL LANTERN,6,2026-05-19 05:16:00,9.32,13674,France
540117,85123A,WHITE HANGING HEART T-LIGHT HOLDER,37,2026-05-14 00:21:00,1.47,16259,Germany
540118,22633,HAND WARMER UNION JACK,37,2026-05-07 06:06:00,9.88,12422,UK
540119,84406B,CREAM CUPID HEARTS COAT HANGER,19,2026-05-16 04:09:00,5.5,14057,Spain
540120,85123A,WHITE HANGING HEART T-LIGHT HOLDER,37,2026-05-09 18:41:00,6.76,17904,France
540121,22633,HAND WARMER UNION JACK,49,2026-05-05 22:00:00,1.71,15328,Italy
540122,22633,HAND WARMER UNION JACK,24,2026-05-07 16:40:00,2.25,17852,Spain
540123,84406B,CREAM CUPID HEARTS COAT HANGER,19,2026-05-01 22:43:00,6.3,12474,UK
540124,84406B,CREAM CUPID HEARTS COAT HANGER,20,2026-05-22 16:30:00,9.41,14282,France
540125,22633,HAND WARMER UNION JACK,36,2026-05-11 11:58:00,6.89,13750,UK
540126,22633,HAND WARMER UNION JACK,2,2026-05-06 19:52:00,6.39,15539,UK
540127,22633,HAND WARMER UNION JACK,7,2026-05-08 11:10:00,5.47,13177,UK
540128,85123A,WHITE HANGING HEART T-LIGHT HOLDER,21,2026-05-04 18:52:00,8.87,16207,UK
540129,84406B,CREAM CUPID HEARTS COAT HANGER,7,2026-05-05 06:38:00,2.34,15924,UK
540130,84406B,CREAM CUPID HEARTS COAT HANGER,9,2026-05-16 20:09:00,5.89,17814,Italy
540131,84406B,CREAM CUPID HEARTS COAT HANGER,48,2026-05-09 17:20:00,4.26,13182,Spain
540132,84029G,KNITTED UNION FLAG HOT WATER BOTTLE,2,2026-05-01 16:52:00,4.7,14973,Italy
540133,71053,WHITE METAL LANTERN,35,2026-05-22 00:49:00,5.1,13931,Germany
540134,84029G,KNITTED UNION FLAG HOT WATER BOTTLE,33,2026-05-22 11:15:00,3.91,12024,Germany
540135,85123A,WHITE HANGING HEART T-LIGHT HOLDER,47,2026-05-05 18:15:00,6.92,16369,France
540136,84406B,CREAM CUPID HEARTS COAT HANGER,13,2026-05-04 19:45:00,7.18,15721,France
540137,84406B,CREAM CUPID HEARTS COAT HANGER,43,2026-05-23 10:05:00,6.57,14338,Spain
540138,85123A,WHITE HANGING HEART T-LIGHT HOLDER,7,2026-05-18 12:57:00,3.54,14100,France
540139,84029G,KNITTED UNION FLAG HOT WATER BOTTLE,41,2026-05-16 14:34:00,4.14,16105,France
540140,85123A,WHITE HANGING HEART T-LIGHT HOLDER,19,2026-05-01 12:20:00,7.53,14145,Spain
540141,85123A,WHITE HANGING HEART T-LIGHT HOLDER,1,2026-05-14 12:38:00,9.53,16750,Spain
540142,84029G,KNITTED UNION FLAG HOT WATER BOTTLE,30,2026-05-01 21:22:00,2.29,14482,UK
540143,84406B,CREAM CUPID HEARTS COAT HANGER,40,2026-05-03 05:52:00,8.73,17993,UK
540144,85123A,WHITE HANGING HEART T-LIGHT HOLDER,35,2026-05-01 09:36:00,6.01,14204,Germany
540145,85123A,WHITE HANGING HEART T-LIGHT HOLDER,9,2026-05-09 22:24:00,6.64,13654,Italy
540146,84406B,CREAM CUPID HEARTS COAT HANGER,37,2026-05-24 17:46:00,1.63,16073,Spain
540147,84029G,KNITTED UNION FLAG HOT WATER BOTTLE,44,2026-05-10 07:37:00,3.81,16291,France
540148,71053,WHITE METAL LANTERN,44,2026-05-05 13:09:00,5.29,12366,France
540149,71053,WHITE METAL LANTERN,31,2026-05-12 19:50:00,9.91,14005,Spain
540150,71053,WHITE METAL LANTERN,34,2026-05-13 02:08:00,5.2,13044,France
540151,22633,HAND WARMER UNION JACK,49,2026-05-06 23:16:00,2.04,15961,France
540152,84029G,KNITTED UNION FLAG HOT WATER BOTTLE,12,2026-05-06 11:20:00,5.28,13786,Spain
540153,84406B,CREAM CUPID HEARTS COAT HANGER,48,2026-05-10 14:36:00,9.61,12319,UK
540154,84406B,CREAM CUPID HEARTS COAT HANGER,1,2026-05-10 16:56:00,6.94,14863,Spain
540155,85123A,WHITE HANGING HEART T-LIGHT HOLDER,24,2026-05-03 04:51:00,4.91,13813,Spain
540156,85123A,WHITE HANGING HEART T-LIGHT HOLDER,47,2026-05-23 10:49:00,7.5,17757,Italy
540157,84406B,CREAM CUPID HEARTS COAT HANGER,46,2026-05-09 13:28:00,5.2,16791,Spain
540158,71053,WHITE METAL LANTERN,12,2026-05-08 19:14:00,3.51,12173,Spain
540159,71053,WHITE METAL LANTERN,20,2026-05-08 17:01:00,8.28,15967,France
540160,22633,HAND WARMER UNION JACK,21,2026-05-26 06:35:00,9.27,12403,Italy
540161,84029G,KNITTED UNION FLAG HOT WATER BOTTLE,5,2026-05-04 01:23:00,1.62,17423,Italy
540162,71053,WHITE METAL LANTERN,46,2026-05-13 09:50:00,9.52,13204,France
540163,71053,WHITE METAL LANTERN,5,2026-05-23 23:27:00,9.57,14891,Germany
540164,71053,WHITE METAL LANTERN,46,2026-05-21 05:09:00,6.57,14623,Germany
540165,84406B,CREAM CUPID HEARTS COAT HANGER,45,2026-05-14 03:18:00,6.92,14903,Germany
540166,84029G,KNITTED UNION FLAG HOT WATER BOTTLE,17,2026-05-19 21:48:00,4.32,12966,UK
540167,84029G,KNITTED UNION FLAG HOT WATER BOTTLE,50,2026-05-20 04:35:00,6.08,15943,Italy
540168,84029G,KNITTED UNION FLAG HOT WATER BOTTLE,46,2026-05-15 16:47:00,1.03,14917,Germany
540169,22633,HAND WARMER UNION JACK,42,2026-05-26 06:51:00,3.13,14293,Germany
540170,71053,WHITE METAL LANTERN,24,2026-05-21 15:25:00,5.13,13962,France
540171,22633,HAND WARMER UNION JACK,16,2026-05-18 00:18:00,3.06,17742,Spain
540172,84406B,CREAM CUPID HEARTS COAT HANGER,36,2026-05-06 00:48:00,5.42,12735,Spain
540173,71053,WHITE METAL LANTERN,14,2026-05-09 13:01:00,4.06,16766,Germany
540174,71053,WHITE METAL LANTERN,44,2026-05-25 11:22:00,4.76,15537,Spain
540175,22633,HAND WARMER UNION JACK,39,2026-05-11 21:57:00,8.81,15588,UK
540176,84406B,CREAM CUPID HEARTS COAT HANGER,48,2026-05-14 17:37:00,2.84,17618,Italy
540177,71053,WHITE METAL LANTERN,36,2026-05-03 15:36:00,1.73,13512,Italy
540178,84029G,KNITTED UNION FLAG HOT WATER BOTTLE,1,2026-05-14 07:19:00,1.21,12664,Germany
540179,22633,HAND WARMER UNION JACK,48,2026-05-19 03:10:00,2.06,16079,France
540180,22633,HAND WARMER UNION JACK,3,2026-05-08 23:31:00,6.82,14944,Italy
540181,71053,WHITE METAL LANTERN,3,2026-05-21 15:05:00,1.63,14755,Spain
540182,22633,HAND WARMER UNION JACK,39,2026-05-21 04:00:00,8.57,15503,Italy
540183,22633,HAND WARMER UNION JACK,12,2026-05-15 11:30:00,9.02,15192,UK
540184,84406B,CREAM CUPID HEARTS COAT HANGER,10,2026-05-21 20:26:00,6.15,13379,Italy
540185,84406B,CREAM CUPID HEARTS COAT HANGER,43,2026-05-13 04:32:00,4.32,14192,Spain
540186,71053,WHITE METAL LANTERN,6,2026-05-21 17:22:00,5.48,14726,UK
540187,85123A,WHITE HANGING HEART T-LIGHT HOLDER,34,2026-05-23 04:48:00,1.21,14946,Spain
540188,71053,WHITE METAL LANTERN,43,2026-05-11 18:40:00,4.81,17364,UK
540189,22633,HAND WARMER UNION JACK,10,2026-05-20 00:11:00,8.55,13034,Spain
540190,22633,HAND WARMER UNION JACK,29,2026-05-25 21:28:00,8.5,17920,UK
540191,71053,WHITE METAL LANTERN,24,2026-05-15 05:11:00,1.05,12973,UK
540192,84029G,KNITTED UNION FLAG HOT WATER BOTTLE,44,2026-05-19 10:54:00,8.77,15425,UK
540193,84029G,KNITTED UNION FLAG HOT WATER BOTTLE,36,2026-05-17 13:52:00,5.59,12543,UK
540194,84029G,KNITTED UNION FLAG HOT WATER BOTTLE,41,2026-05-18 06:09:00,8.52,16727,Germany
540195,22633,HAND WARMER UNION JACK,4,2026-05-06 16:36:00,1.35,12725,UK
540196,71053,WHITE METAL LANTERN,33,2026-05-23 03:27:00,7.34,14152,France
540197,84029G,KNITTED UNION FLAG HOT WATER BOTTLE,12,2026-05-15 12:24:00,7.17,15456,Italy
540198,22633,HAND WARMER UNION JACK,34,2026-05-13 17:39:00,4.11,16212,UK
540199,85123A,WHITE HANGING HEART T-LIGHT HOLDER,25,2026-05-12 03:37:00,6.57,16913,UK
540200,71053,WHITE METAL LANTERN,38,2026-05-14 07:34:00,6.5,12005,Spain
540201,85123A,WHITE HANGING HEART T-LIGHT HOLDER,49,2026-05-18 19:57:00,1.5,14333,Germany
540202,85123A,WHITE HANGING HEART T-LIGHT HOLDER,23,2026-05-01 23:32:00,1.14,16867,Germany
540203,85123A,WHITE HANGING HEART T-LIGHT HOLDER,21,2026-05-13 11:11:00,3.29,17732,UK
540204,71053,WHITE METAL LANTERN,28,2026-05-08 02:28:00,8.6,13617,Germany
540205,22633,HAND WARMER UNION JACK,50,2026-05-22 17:54:00,1.39,13453,Spain
540206,71053,WHITE METAL LANTERN,10,2026-05-05 19:33:00,9.55,16339,Italy
540207,84029G,KNITTED UNION FLAG HOT WATER BOTTLE,35,2026-05-17 10:32:00,6.61,16259,UK
540208,22633,HAND WARMER UNION JACK,23,2026-05-11 08:05:00,4.26,17194,Germany
540209,84029G,KNITTED UNION FLAG HOT WATER BOTTLE,28,2026-05-05 14:41:00,8.84,17345,Italy
540210,84406B,CREAM CUPID HEARTS COAT HANGER,5,2026-05-04 10:05:00,9.87,16416,Germany
540211,84406B,CREAM CUPID HEARTS COAT HANGER,50,2026-05-22 14:01:00,9.83,17919,Spain
540212,71053,WHITE METAL LANTERN,7,2026-05-08 11:45:00,2.59,13359,UK
540213,84406B,CREAM CUPID HEARTS COAT HANGER,36,2026-05-16 19:49:00,2.58,12403,Italy
540214,84406B,CREAM CUPID HEARTS COAT HANGER,49,2026-05-05 13:40:00,3.21,14289,UK
540215,22633,HAND WARMER UNION JACK,38,2026-05-19 08:20:00,1.41,12198,Germany
540216,84406B,CREAM CUPID HEARTS COAT HANGER,47,2026-05-10 06:20:00,1.47,14288,France
540217,85123A,WHITE HANGING HEART T-LIGHT HOLDER,24,2026-05-18 16:49:00,8.17,12865,UK
540218,22633,HAND WARMER UNION JACK,5,2026-05-20 12:19:00,7.57,12165,Spain
540219,85123A,WHITE HANGING HEART T-LIGHT HOLDER,47,2026-05-07 06:13:00,5.28,15224,UK
540220,84029G,KNITTED UNION FLAG HOT WATER BOTTLE,1,2026-05-10 00:13:00,4.11,12067,Spain
540221,84406B,CREAM CUPID HEARTS COAT HANGER,21,2026-05-18 09:28:00,5.99,15892,Italy
540222,84406B,CREAM CUPID HEARTS COAT HANGER,1,2026-05-05 15:37:00,5.12,16935,UK
540223,84406B,CREAM CUPID HEARTS COAT HANGER,29,2026-05-11 03:00:00,3.53,14276,France
540224,84406B,CREAM CUPID HEARTS COAT HANGER,24,2026-05-14 01:17:00,1.24,14292,Spain
540225,22633,HAND WARMER UNION JACK,23,2026-05-15 23:31:00,5.9,15086,Italy
540226,84029G,KNITTED UNION FLAG HOT WATER BOTTLE,17,2026-05-22 19:52:00,9.17,17194,Italy
540227,22633,HAND WARMER UNION JACK,25,2026-05-07 03:48:00,9.44,17816,Italy
540228,22633,HAND WARMER UNION JACK,4,2026-05-14 23:13:00,6.46,15385,Germany
540229,22633,HAND WARMER UNION JACK,33,2026-05-06 01:58:00,8.71,14828,Spain
540230,85123A,WHITE HANGING HEART T-LIGHT HOLDER,3,2026-05-06 04:45:00,5.96,15932,Germany
540231,71053,WHITE METAL LANTERN,21,2026-05-04 02:02:00,7.95,17897,Spain
540232,84406B,CREAM CUPID HEARTS COAT HANGER,13,2026-05-12 05:32:00,6.61,17347,Germany
540233,22633,HAND WARMER UNION JACK,16,2026-05-16 07:34:00,9.88,13927,UK
540234,22633,HAND WARMER UNION JACK,49,2026-05-08 15:39:00,5.38,17154,Germany
540235,71053,WHITE METAL LANTERN,31,2026-05-18 22:02:00,3.81,13609,UK
540236,22633,HAND WARMER UNION JACK,41,2026-05-14 09:06:00,8.93,15990,Germany
540237,84406B,CREAM CUPID HEARTS COAT HANGER,42,2026-05-07 08:37:00,2.41,14333,UK
540238,84029G,KNITTED UNION FLAG HOT WATER BOTTLE,8,2026-05-13 04:17:00,2.52,17169,Spain
540239,85123A,WHITE HANGING HEART T-LIGHT HOLDER,34,2026-05-26 06:51:00,5.11,14624,Germany
540240,84406B,CREAM CUPID HEARTS COAT HANGER,50,2026-05-15 10:14:00,10.0,15314,Spain
540241,84406B,CREAM CUPID HEARTS COAT HANGER,44,2026-05-15 10:11:00,2.56,13741,Spain
540242,84406B,CREAM CUPID HEARTS COAT HANGER,4,2026-05-24 15:42:00,2.85,16683,Italy
540243,85123A,WHITE HANGING HEART T-LIGHT HOLDER,13,2026-05-12 03:43:00,7.24,12523,Germany
540244,71053,WHITE METAL LANTERN,13,2026-05-10 05:05:00,1.21,14123,Germany
540245,71053,WHITE METAL LANTERN,27,2026-05-24 23:57:00,7.18,14260,Spain
540246,85123A,WHITE HANGING HEART T-LIGHT HOLDER,33,2026-05-23 06:59:00,9.22,12929,Spain
540247,84029G,KNITTED UNION FLAG HOT WATER BOTTLE,27,2026-05-12 14:48:00,8.48,12181,Italy
540248,84029G,KNITTED UNION FLAG HOT WATER BOTTLE,30,2026-05-14 12:43:00,5.97,14054,Germany
540249,84029G,KNITTED UNION FLAG HOT WATER BOTTLE,4,2026-05-03 00:01:00,4.73,13190,UK
540250,84029G,KNITTED UNION FLAG HOT WATER BOTTLE,35,2026-05-24 02:32:00,2.13,16489,Italy
540251,84406B,CREAM CUPID HEARTS COAT HANGER,8,2026-05-03 19:37:00,5.53,17330,France
540252,22633,HAND WARMER UNION JACK,15,2026-05-22 04:14:00,6.91,17120,Spain
540253,85123A,WHITE HANGING HEART T-LIGHT HOLDER,12,2026-05-14 07:57:00,4.11,14064,UK
540254,71053,WHITE METAL LANTERN,41,2026-05-07 08:34:00,4.68,15711,Spain
540255,84029G,KNITTED UNION FLAG HOT WATER BOTTLE,16,2026-05-04 07:02:00,7.04,15391,Germany
540256,71053,WHITE METAL LANTERN,38,2026-05-21 23:16:00,6.78,14552,France
540257,85123A,WHITE HANGING HEART T-LIGHT HOLDER,32,2026-05-06 15:40:00,7.87,14930,UK
540258,85123A,WHITE HANGING HEART T-LIGHT HOLDER,19,2026-05-18 02:31:00,9.69,14081,France
540259,84029G,KNITTED UNION FLAG HOT WATER BOTTLE,48,2026-05-12 04:13:00,5.37,12460,Spain
540260,71053,WHITE METAL LANTERN,47,2026-05-17 01:38:00,8.75,12261,UK
540261,71053,WHITE METAL LANTERN,24,2026-05-15 06:40:00,9.35,12387,Spain
540262,71053,WHITE METAL LANTERN,39,2026-05-22 08:54:00,4.86,12687,France
540263,71053,WHITE METAL LANTERN,20,2026-05-20 22:11:00,2.03,17634,Spain
540264,84406B,CREAM CUPID HEARTS COAT HANGER,48,2026-05-15 10:11:00,4.06,14358,France
540265,71053,WHITE METAL LANTERN,42,2026-05-12 18:25:00,8.54,12275,Spain
540266,84406B,CREAM CUPID HEARTS COAT HANGER,22,2026-05-12 05:00:00,8.35,16077,Italy
540267,22633,HAND WARMER UNION JACK,20,2026-05-11 16:40:00,9.15,15757,France
540268,84406B,CREAM CUPID HEARTS COAT HANGER,43,2026-05-15 15:01:00,2.25,13604,Italy
540269,22633,HAND WARMER UNION JACK,15,2026-05-09 01:31:00,6.32,15501,Germany
540270,85123A,WHITE HANGING HEART T-LIGHT HOLDER,24,2026-05-09 02:55:00,4.27,15526,France
540271,84406B,CREAM CUPID HEARTS COAT HANGER,20,2026-05-25 00:17:00,8.23,15482,UK
540272,22633,HAND WARMER UNION JACK,21,2026-05-06 19:15:00,9.33,12439,France
540273,85123A,WHITE HANGING HEART T-LIGHT HOLDER,14,2026-05-13 01:07:00,2.7,16406,UK
540274,85123A,WHITE HANGING HEART T-LIGHT HOLDER,27,2026-05-15 13:04:00,3.41,12894,Spain
540275,84029G,KNITTED UNION FLAG HOT WATER BOTTLE,46,2026-05-09 15:36:00,4.87,15592,Italy
540276,84029G,KNITTED UNION FLAG HOT WATER BOTTLE,40,2026-05-15 18:36:00,4.16,14087,Italy
540277,84406B,CREAM CUPID HEARTS COAT HANGER,20,2026-05-19 05:49:00,9.53,15661,Italy
540278,22633,HAND WARMER UNION JACK,50,2026-05-13 07:51:00,8.02,14584,Germany
540279,84406B,CREAM CUPID HEARTS COAT HANGER,27,2026-05-03 16:59:00,3.08,14909,France
540280,22633,HAND WARMER UNION JACK,49,2026-05-16 16:28:00,6.13,12007,Spain
540281,85123A,WHITE HANGING HEART T-LIGHT HOLDER,38,2026-05-21 15:51:00,6.49,12036,Germany
540282,85123A,WHITE HANGING HEART T-LIGHT HOLDER,17,2026-05-12 20:00:00,3.19,13545,Spain
540283,71053,WHITE METAL LANTERN,34,2026-05-20 02:16:00,8.08,17549,UK
540284,84029G,KNITTED UNION FLAG HOT WATER BOTTLE,1,2026-05-08 18:44:00,6.11,13650,France
540285,71053,WHITE METAL LANTERN,10,2026-05-13 09:37:00,2.4,15471,France
540286,84029G,KNITTED UNION FLAG HOT WATER BOTTLE,45,2026-05-24 22:21:00,1.77,16556,Italy
540287,71053,WHITE METAL LANTERN,25,2026-05-11 16:50:00,2.59,15854,Germany
540288,84406B,CREAM CUPID HEARTS COAT HANGER,45,2026-05-21 18:46:00,5.42,14890,Germany
540289,71053,WHITE METAL LANTERN,2,2026-05-18 09:11:00,1.79,17403,Spain
540290,84029G,KNITTED UNION FLAG HOT WATER BOTTLE,2,2026-05-23 15:11:00,7.96,13359,Spain
540291,85123A,WHITE HANGING HEART T-LIGHT HOLDER,19,2026-05-19 06:14:00,8.83,14583,France
540292,85123A,WHITE HANGING HEART T-LIGHT HOLDER,42,2026-05-19 08:52:00,8.9,13928,Germany
540293,84029G,KNITTED UNION FLAG HOT WATER BOTTLE,27,2026-05-18 00:51:00,8.12,12835,UK
540294,84406B,CREAM CUPID HEARTS COAT HANGER,47,2026-05-09 06:24:00,3.7,17062,Spain
540295,84406B,CREAM CUPID HEARTS COAT HANGER,30,2026-05-13 03:22:00,6.38,14294,France
540296,84406B,CREAM CUPID HEARTS COAT HANGER,35,2026-05-13 22:28:00,2.6,13677,France
540297,85123A,WHITE HANGING HEART T-LIGHT HOLDER,1,2026-05-17 12:25:00,4.11,15178,Spain
540298,84406B,CREAM CUPID HEARTS COAT HANGER,26,2026-05-08 03:44:00,2.65,14341,UK
540299,84029G,KNITTED UNION FLAG HOT WATER BOTTLE,32,2026-05-01 23:25:00,9.6,17969,Spain
540300,22633,HAND WARMER UNION JACK,14,2026-05-20 00:29:00,2.81,17253,Spain
540301,85123A,WHITE HANGING HEART T-LIGHT HOLDER,42,2026-05-03 19:46:00,3.35,16806,Italy
540302,22633,HAND WARMER UNION JACK,37,2026-05-09 16:35:00,2.16,16022,UK
540303,84029G,KNITTED UNION FLAG HOT WATER BOTTLE,30,2026-05-17 21:43:00,8.58,12212,France
540304,22633,HAND WARMER UNION JACK,11,2026-05-18 05:41:00,4.86,13551,UK
540305,84029G,KNITTED UNION FLAG HOT WATER BOTTLE,42,2026-05-03 16:16:00,3.97,15044,UK
540306,22633,HAND WARMER UNION JACK,38,2026-05-15 18:26:00,3.9,13457,France
540307,84406B,CREAM CUPID HEARTS COAT HANGER,45,2026-05-11 23:06:00,7.92,17705,UK
540308,71053,WHITE METAL LANTERN,50,2026-05-19 17:04:00,4.44,15894,Germany
540309,71053,WHITE METAL LANTERN,26,2026-05-17 10:24:00,5.48,14931,Germany
540310,22633,HAND WARMER UNION JACK,4,2026-05-07 15:37:00,3.19,17503,France
540311,84029G,KNITTED UNION FLAG HOT WATER BOTTLE,9,2026-05-23 02:18:00,9.08,15027,Germany
540312,22633,HAND WARMER UNION JACK,27,2026-05-01 23:31:00,2.83,14700,Germany
540313,84406B,CREAM CUPID HEARTS COAT HANGER,8,2026-05-06 03:25:00,3.92,14754,Spain
540314,84029G,KNITTED UNION FLAG HOT WATER BOTTLE,46,2026-05-14 16:07:00,7.14,16646,Italy
540315,85123A,WHITE HANGING HEART T-LIGHT HOLDER,31,2026-05-10 18:14:00,2.5,13375,Italy
540316,71053,WHITE METAL LANTERN,37,2026-05-06 19:34:00,4.75,16444,Germany
540317,22633,HAND WARMER UNION JACK,16,2026-05-08 10:46:00,6.14,12225,France
540318,84029G,KNITTED UNION FLAG HOT WATER BOTTLE,18,2026-05-05 06:57:00,9.35,13127,Spain
540319,84406B,CREAM CUPID HEARTS COAT HANGER,26,2026-05-26 07:32:00,4.47,15442,UK
540320,22633,HAND WARMER UNION JACK,18,2026-05-13 09:17:00,7.97,13917,Germany
540321,22633,HAND WARMER UNION JACK,4,2026-05-17 00:37:00,3.48,15002,France
540322,84406B,CREAM CUPID HEARTS COAT HANGER,43,2026-05-11 19:49:00,9.63,13559,UK
540323,84406B,CREAM CUPID HEARTS COAT HANGER,19,2026-05-03 00:25:00,9.01,17784,Italy
540324,22633,HAND WARMER UNION JACK,3,2026-05-10 17:17:00,3.37,14312,Spain
540325,84029G,KNITTED UNION FLAG HOT WATER BOTTLE,25,2026-05-24 11:19:00,3.18,17347,UK
540326,84406B,CREAM CUPID HEARTS COAT HANGER,12,2026-05-21 13:41:00,9.89,16047,France
540327,84406B,CREAM CUPID HEARTS COAT HANGER,37,2026-05-05 21:26:00,5.57,12993,France
540328,85123A,WHITE HANGING HEART T-LIGHT HOLDER,49,2026-05-20 20:59:00,6.24,14142,Spain
540329,71053,WHITE METAL LANTERN,11,2026-05-10 19:38:00,8.52,12683,UK
540330,84406B,CREAM CUPID HEARTS COAT HANGER,18,2026-05-12 07:13:00,4.79,16919,France
540331,84406B,CREAM CUPID HEARTS COAT HANGER,11,2026-05-25 15:52:00,1.61,14861,Spain
540332,22633,HAND WARMER UNION JACK,11,2026-05-13 20:15:00,1.42,14736,Spain
540333,71053,WHITE METAL LANTERN,5,2026-05-25 11:31:00,9.6,15054,France
540334,85123A,WHITE HANGING HEART T-LIGHT HOLDER,36,2026-05-06 09:56:00,1.93,16923,Germany
540335,84029G,KNITTED UNION FLAG HOT WATER BOTTLE,40,2026-05-01 08:08:00,9.09,17014,UK
540336,84029G,KNITTED UNION FLAG HOT WATER BOTTLE,9,2026-05-14 13:16:00,1.16,12613,Spain
540337,22633,HAND WARMER UNION JACK,24,2026-05-14 09:29:00,5.69,17987,UK
540338,71053,WHITE METAL LANTERN,38,2026-05-25 14:50:00,4.27,15634,Spain
540339,85123A,WHITE HANGING HEART T-LIGHT HOLDER,14,2026-05-07 19:37:00,2.8,12273,France
540340,85123A,WHITE HANGING HEART T-LIGHT HOLDER,37,2026-05-16 22:33:00,9.27,17844,Germany
540341,22633,HAND WARMER UNION JACK,29,2026-05-09 00:26:00,1.11,14317,France
540342,71053,WHITE METAL LANTERN,2,2026-05-06 04:37:00,1.48,12665,Spain
540343,22633,HAND WARMER UNION JACK,6,2026-05-05 06:45:00,5.87,15041,Italy
540344,84029G,KNITTED UNION FLAG HOT WATER BOTTLE,18,2026-05-12 14:45:00,1.58,14478,UK
540345,84029G,KNITTED UNION FLAG HOT WATER BOTTLE,1,2026-05-17 12:36:00,7.99,12380,Germany
540346,71053,WHITE METAL LANTERN,10,2026-05-05 09:57:00,5.49,13077,Spain
540347,71053,WHITE METAL LANTERN,43,2026-05-14 18:12:00,4.37,12576,UK
540348,84029G,KNITTED UNION FLAG HOT WATER BOTTLE,48,2026-05-05 19:26:00,7.15,15215,Italy
540349,84029G,KNITTED UNION FLAG HOT WATER BOTTLE,47,2026-05-26 05:24:00,1.75,16211,Germany
540350,84406B,CREAM CUPID HEARTS COAT HANGER,50,2026-05-05 15:07:00,3.36,15299,France
540351,84406B,CREAM CUPID HEARTS COAT HANGER,16,2026-05-02 20:14:00,8.15,13132,Germany
540352,84406B,CREAM CUPID HEARTS COAT HANGER,6,2026-05-15 20:13:00,3.55,15179,UK
540353,22633,HAND WARMER UNION JACK,5,2026-05-23 12:12:00,6.88,13309,France
540354,84029G,KNITTED UNION FLAG HOT WATER BOTTLE,28,2026-05-03 14:11:00,9.72,14087,Italy
540355,71053,WHITE METAL LANTERN,7,2026-05-04 17:33:00,8.89,12514,Spain
540356,85123A,WHITE HANGING HEART T-LIGHT HOLDER,28,2026-05-06 17:26:00,1.73,12920,UK
540357,22633,HAND WARMER UNION JACK,15,2026-05-13 20:18:00,1.57,12199,Italy
540358,71053,WHITE METAL LANTERN,30,2026-05-19 11:12:00,1.06,16319,France
540359,84406B,CREAM CUPID HEARTS COAT HANGER,39,2026-05-24 22:20:00,7.41,17477,Spain
540360,71053,WHITE METAL LANTERN,28,2026-05-11 05:38:00,5.98,12034,France
540361,84406B,CREAM CUPID HEARTS COAT HANGER,45,2026-05-13 19:34:00,1.15,14473,France
540362,71053,WHITE METAL LANTERN,24,2026-05-09 04:40:00,9.33,13335,UK
540363,85123A,WHITE HANGING HEART T-LIGHT HOLDER,3,2026-05-26 05:13:00,2.66,13744,Spain
540364,71053,WHITE METAL LANTERN,27,2026-05-09 10:23:00,8.41,14829,Italy
540365,84029G,KNITTED UNION FLAG HOT WATER BOTTLE,26,2026-05-07 20:38:00,7.08,14955,UK
540366,22633,HAND WARMER UNION JACK,32,2026-05-07 00:16:00,8.0,12903,UK
540367,22633,HAND WARMER UNION JACK,26,2026-05-16 22:58:00,7.33,15693,Italy
540368,85123A,WHITE HANGING HEART T-LIGHT HOLDER,22,2026-05-24 12:04:00,8.27,13705,UK
540369,22633,HAND WARMER UNION JACK,12,2026-05-11 09:31:00,2.53,16947,Spain
540370,84029G,KNITTED UNION FLAG HOT WATER BOTTLE,47,2026-05-12 15:07:00,5.16,12816,Italy
540371,71053,WHITE METAL LANTERN,42,2026-05-01 22:59:00,6.07,15448,Germany
540372,84029G,KNITTED UNION FLAG HOT WATER BOTTLE,47,2026-05-23 09:31:00,4.78,14312,Italy
540373,71053,WHITE METAL LANTERN,32,2026-05-25 22:37:00,5.25,12093,Spain
540374,84029G,KNITTED UNION FLAG HOT WATER BOTTLE,40,2026-05-07 01:13:00,3.03,17449,Spain
540375,84029G,KNITTED UNION FLAG HOT WATER BOTTLE,21,2026-05-10 13:34:00,9.27,16448,Spain
540376,71053,WHITE METAL LANTERN,4,2026-05-23 16:52:00,6.11,12549,UK
540377,84406B,CREAM CUPID HEARTS COAT HANGER,22,2026-05-12 15:26:00,3.6,13433,UK
540378,84406B,CREAM CUPID HEARTS COAT HANGER,7,2026-05-12 07:06:00,6.33,15311,France
540379,84029G,KNITTED UNION FLAG HOT WATER BOTTLE,29,2026-05-24 03:29:00,4.47,15863,Spain
540380,71053,WHITE METAL LANTERN,38,2026-05-19 16:16:00,8.39,14786,Spain
540381,85123A,WHITE HANGING HEART T-LIGHT HOLDER,10,2026-05-21 00:59:00,2.43,13036,France
540382,71053,WHITE METAL LANTERN,6,2026-05-24 16:35:00,6.67,16910,UK
540383,84029G,KNITTED UNION FLAG HOT WATER BOTTLE,39,2026-05-06 21:07:00,9.23,14797,France
540384,71053,WHITE METAL LANTERN,48,2026-05-20 19:45:00,9.23,15742,Germany
540385,84029G,KNITTED UNION FLAG HOT WATER BOTTLE,16,2026-05-04 12:35:00,9.48,15251,Spain
540386,85123A,WHITE HANGING HEART T-LIGHT HOLDER,2,2026-05-18 01:19:00,2.94,12447,UK
540387,22633,HAND WARMER UNION JACK,6,2026-05-20 04:22:00,2.21,13425,Spain
540388,84029G,KNITTED UNION FLAG HOT WATER BOTTLE,8,2026-05-08 09:01:00,7.94,13063,UK
540389,84406B,CREAM CUPID HEARTS COAT HANGER,10,2026-05-10 23:43:00,8.18,15334,Italy
540390,84406B,CREAM CUPID HEARTS COAT HANGER,41,2026-05-18 12:38:00,7.48,14296,Spain
540391,71053,WHITE METAL LANTERN,40,2026-05-14 21:04:00,1.4,14683,Italy
540392,84029G,KNITTED UNION FLAG HOT WATER BOTTLE,37,2026-05-23 23:00:00,2.69,12943,Italy
540393,85123A,WHITE HANGING HEART T-LIGHT HOLDER,9,2026-05-07 20:57:00,7.01,12915,UK
540394,85123A,WHITE HANGING HEART T-LIGHT HOLDER,43,2026-05-14 07:18:00,8.03,12105,Italy
540395,71053,WHITE METAL LANTERN,26,2026-05-18 21:07:00,9.29,12679,Germany
540396,22633,HAND WARMER UNION JACK,27,2026-05-03 08:12:00,7.48,17568,Italy
540397,84029G,KNITTED UNION FLAG HOT WATER BOTTLE,26,2026-05-19 23:17:00,5.22,13032,Spain
540398,85123A,WHITE HANGING HEART T-LIGHT HOLDER,30,2026-05-13 21:55:00,8.32,17813,France
540399,84406B,CREAM CUPID HEARTS COAT HANGER,37,2026-05-17 06:35:00,3.8,15650,France
540400,84406B,CREAM CUPID HEARTS COAT HANGER,44,2026-05-06 23:47:00,6.15,17503,Spain
540401,85123A,WHITE HANGING HEART T-LIGHT HOLDER,20,2026-05-25 23:52:00,7.15,14837,Germany
540402,84029G,KNITTED UNION FLAG HOT WATER BOTTLE,27,2026-05-09 16:04:00,7.94,17083,UK
540403,85123A,WHITE HANGING HEART T-LIGHT HOLDER,47,2026-05-03 18:31:00,2.94,15127,France
540404,84029G,KNITTED UNION FLAG HOT WATER BOTTLE,42,2026-05-05 15:36:00,9.81,17384,Italy
540405,84406B,CREAM CUPID HEARTS COAT HANGER,17,2026-05-25 22:07:00,8.53,12092,Germany
540406,71053,WHITE METAL LANTERN,34,2026-05-09 15:11:00,4.22,12858,Germany
540407,71053,WHITE METAL LANTERN,31,2026-05-02 09:34:00,6.63,17864,Spain
540408,71053,WHITE METAL LANTERN,19,2026-05-02 22:25:00,9.16,12812,UK
540409,22633,HAND WARMER UNION JACK,8,2026-05-17 14:46:00,7.98,12368,Italy
540410,84029G,KNITTED UNION FLAG HOT WATER BOTTLE,35,2026-05-12 02:25:00,9.03,16331,Italy
540411,85123A,WHITE HANGING HEART T-LIGHT HOLDER,5,2026-05-10 21:48:00,2.84,17573,France
540412,84029G,KNITTED UNION FLAG HOT WATER BOTTLE,11,2026-05-18 14:10:00,9.73,17139,Italy
540413,85123A,WHITE HANGING HEART T-LIGHT HOLDER,2,2026-05-21 06:01:00,6.14,17828,Germany
540414,84406B,CREAM CUPID HEARTS COAT HANGER,12,2026-05-24 14:35:00,5.77,17786,Italy
540415,84029G,KNITTED UNION FLAG HOT WATER BOTTLE,27,2026-05-17 07:14:00,8.86,14355,Germany
540416,84406B,CREAM CUPID HEARTS COAT HANGER,11,2026-05-20 17:01:00,6.68,15769,Spain
540417,22633,HAND WARMER UNION JACK,1,2026-05-03 14:25:00,3.57,17245,UK
540418,84406B,CREAM CUPID HEARTS COAT HANGER,31,2026-05-05 06:34:00,2.41,13668,UK
540419,84029G,KNITTED UNION FLAG HOT WATER BOTTLE,40,2026-05-07 21:16:00,1.52,16860,Spain
540420,84406B,CREAM CUPID HEARTS COAT HANGER,24,2026-05-05 01:05:00,7.02,15281,France
540421,85123A,WHITE HANGING HEART T-LIGHT HOLDER,43,2026-05-21 21:40:00,9.98,14003,Italy
540422,84029G,KNITTED UNION FLAG HOT WATER BOTTLE,9,2026-05-21 19:00:00,8.98,16201,Germany
540423,84029G,KNITTED UNION FLAG HOT WATER BOTTLE,17,2026-05-12 23:53:00,6.72,13746,Spain
540424,22633,HAND WARMER UNION JACK,17,2026-05-23 18:16:00,3.38,15278,UK
540425,22633,HAND WARMER UNION JACK,9,2026-05-03 08:59:00,4.28,12559,Germany
540426,22633,HAND WARMER UNION JACK,48,2026-05-06 05:25:00,5.06,15719,Germany
540427,84406B,CREAM CUPID HEARTS COAT HANGER,13,2026-05-15 18:12:00,3.28,13487,UK
540428,84406B,CREAM CUPID HEARTS COAT HANGER,20,2026-05-05 01:59:00,6.25,12383,UK
540429,22633,HAND WARMER UNION JACK,7,2026-05-12 16:52:00,6.18,13123,UK
540430,71053,WHITE METAL LANTERN,34,2026-05-24 01:53:00,3.97,15896,Spain
540431,71053,WHITE METAL LANTERN,25,2026-05-21 10:25:00,1.09,16621,France
540432,22633,HAND WARMER UNION JACK,18,2026-05-01 18:16:00,8.48,13684,Spain
540433,85123A,WHITE HANGING HEART T-LIGHT HOLDER,21,2026-05-05 23:42:00,9.94,13178,France
540434,84029G,KNITTED UNION FLAG HOT WATER BOTTLE,44,2026-05-24 07:10:00,9.22,13808,Germany
540435,22633,HAND WARMER UNION JACK,43,2026-05-19 01:27:00,9.72,17422,Spain
540436,84029G,KNITTED UNION FLAG HOT WATER BOTTLE,5,2026-05-17 19:23:00,7.44,13281,Germany
540437,71053,WHITE METAL LANTERN,43,2026-05-02 07:30:00,4.39,13522,Germany
540438,22633,HAND WARMER UNION JACK,32,2026-05-24 13:51:00,8.73,14218,Germany
540439,71053,WHITE METAL LANTERN,13,2026-05-20 13:55:00,8.35,16328,Spain
540440,85123A,WHITE HANGING HEART T-LIGHT HOLDER,15,2026-05-24 01:48:00,9.79,17251,France
540441,85123A,WHITE HANGING HEART T-LIGHT HOLDER,32,2026-05-25 21:02:00,5.46,16692,Spain
540442,84029G,KNITTED UNION FLAG HOT WATER BOTTLE,5,2026-05-05 01:11:00,7.38,14809,Spain
540443,85123A,WHITE HANGING HEART T-LIGHT HOLDER,24,2026-05-15 07:40:00,7.33,13659,Italy
540444,84406B,CREAM CUPID HEARTS COAT HANGER,45,2026-05-21 06:04:00,3.35,17567,UK
540445,84406B,CREAM CUPID HEARTS COAT HANGER,15,2026-05-14 03:48:00,2.48,16431,Spain
540446,84406B,CREAM CUPID HEARTS COAT HANGER,5,2026-05-15 07:57:00,9.38,15724,Italy
540447,22633,HAND WARMER UNION JACK,24,2026-05-01 12:21:00,1.92,17929,Italy
540448,85123A,WHITE HANGING HEART T-LIGHT HOLDER,1,2026-05-22 00:21:00,8.64,15343,Italy
540449,84406B,CREAM CUPID HEARTS COAT HANGER,37,2026-05-04 17:47:00,2.22,14307,UK
540450,84029G,KNITTED UNION FLAG HOT WATER BOTTLE,3,2026-05-08 11:23:00,1.72,14548,France
540451,84406B,CREAM CUPID HEARTS COAT HANGER,44,2026-05-02 00:28:00,8.22,15735,France
540452,84029G,KNITTED UNION FLAG HOT WATER BOTTLE,35,2026-05-20 00:17:00,1.33,13868,Germany
540453,85123A,WHITE HANGING HEART T-LIGHT HOLDER,28,2026-05-18 12:36:00,3.4,13970,Spain
540454,84406B,CREAM CUPID HEARTS COAT HANGER,35,2026-05-10 18:31:00,7.9,16006,UK
540455,84406B,CREAM CUPID HEARTS COAT HANGER,14,2026-05-06 10:49:00,2.59,12386,UK
540456,22633,HAND WARMER UNION JACK,10,2026-05-02 10:41:00,4.75,16283,UK
540457,71053,WHITE METAL LANTERN,27,2026-05-18 23:35:00,2.49,14470,Germany
540458,22633,HAND WARMER UNION JACK,45,2026-05-22 19:49:00,7.86,15607,Italy
540459,85123A,WHITE HANGING HEART T-LIGHT HOLDER,4,2026-05-21 23:58:00,4.12,17841,Italy
540460,71053,WHITE METAL LANTERN,3,2026-05-07 21:56:00,2.68,17549,Spain
540461,22633,HAND WARMER UNION JACK,6,2026-05-13 16:34:00,4.81,17861,Italy
540462,85123A,WHITE HANGING HEART T-LIGHT HOLDER,32,2026-05-22 20:56:00,6.71,15519,Spain
540463,84029G,KNITTED UNION FLAG HOT WATER BOTTLE,20,2026-05-06 03:54:00,6.07,17502,UK
540464,85123A,WHITE HANGING HEART T-LIGHT HOLDER,10,2026-05-17 07:41:00,8.99,13636,Spain
540465,71053,WHITE METAL LANTERN,8,2026-05-24 10:27:00,9.0,12051,UK
540466,85123A,WHITE HANGING HEART T-LIGHT HOLDER,26,2026-05-01 16:39:00,4.97,14647,Spain
540467,71053,WHITE METAL LANTERN,19,2026-05-13 19:50:00,9.87,15823,France
540468,84029G,KNITTED UNION FLAG HOT WATER BOTTLE,25,2026-05-12 03:46:00,7.58,12004,Spain
540469,84029G,KNITTED UNION FLAG HOT WATER BOTTLE,13,2026-05-20 16:22:00,1.07,14200,France
540470,71053,WHITE METAL LANTERN,18,2026-05-17 17:27:00,5.07,13167,Italy
540471,22633,HAND WARMER UNION JACK,43,2026-05-15 08:54:00,7.78,12359,UK
540472,84406B,CREAM CUPID HEARTS COAT HANGER,8,2026-05-04 02:44:00,2.02,17107,France
540473,84029G,KNITTED UNION FLAG HOT WATER BOTTLE,20,2026-05-12 22:41:00,7.81,13816,Italy
540474,85123A,WHITE HANGING HEART T-LIGHT HOLDER,30,2026-05-22 10:59:00,6.72,12067,UK
540475,85123A,WHITE HANGING HEART T-LIGHT HOLDER,13,2026-05-04 03:53:00,3.62,13078,Italy
540476,22633,HAND WARMER UNION JACK,13,2026-05-24 04:34:00,6.85,17856,Italy
540477,84406B,CREAM CUPID HEARTS COAT HANGER,9,2026-05-06 23:16:00,8.35,13633,Germany
540478,84406B,CREAM CUPID HEARTS COAT HANGER,46,2026-05-07 11:31:00,7.04,14070,Spain
540479,22633,HAND WARMER UNION JACK,14,2026-05-19 10:06:00,3.44,16475,France
540480,85123A,WHITE HANGING HEART T-LIGHT HOLDER,45,2026-05-24 16:12:00,5.74,16783,Italy
540481,85123A,WHITE HANGING HEART T-LIGHT HOLDER,3,2026-05-14 19:12:00,1.59,13490,Spain
540482,22633,HAND WARMER UNION JACK,15,2026-05-17 19:56:00,1.34,15883,Italy
540483,71053,WHITE METAL LANTERN,43,2026-05-06 07:10:00,4.58,12392,Spain
540484,71053,WHITE METAL LANTERN,22,2026-05-15 09:40:00,1.34,16679,UK
540485,85123A,WHITE HANGING HEART T-LIGHT HOLDER,45,2026-05-22 15:44:00,6.81,17608,France
540486,22633,HAND WARMER UNION JACK,8,2026-05-02 09:29:00,7.13,15779,Italy
540487,71053,WHITE METAL LANTERN,4,2026-05-24 22:14:00,6.75,14133,Germany
540488,85123A,WHITE HANGING HEART T-LIGHT HOLDER,45,2026-05-02 03:43:00,7.28,15550,Italy
540489,84029G,KNITTED UNION FLAG HOT WATER BOTTLE,10,2026-05-07 13:40:00,6.09,17299,France
540490,71053,WHITE METAL LANTERN,48,2026-05-26 02:51:00,6.79,16790,UK
540491,84029G,KNITTED UNION FLAG HOT WATER BOTTLE,8,2026-05-16 22:45:00,5.23,13502,UK
540492,85123A,WHITE HANGING HEART T-LIGHT HOLDER,26,2026-05-17 09:14:00,1.76,12197,Italy
540493,84029G,KNITTED UNION FLAG HOT WATER BOTTLE,39,2026-05-22 15:13:00,3.84,17297,France
540494,85123A,WHITE HANGING HEART T-LIGHT HOLDER,7,2026-05-17 20:08:00,5.67,14806,Germany
540495,84029G,KNITTED UNION FLAG HOT WATER BOTTLE,12,2026-05-01 21:03:00,8.72,15838,UK
540496,22633,HAND WARMER UNION JACK,2,2026-05-14 07:57:00,6.98,16098,Spain
540497,84029G,KNITTED UNION FLAG HOT WATER BOTTLE,42,2026-05-21 12:21:00,4.62,12788,Italy
540498,22633,HAND WARMER UNION JACK,23,2026-05-11 03:53:00,3.62,12484,France
540499,22633,HAND WARMER UNION JACK,6,2026-05-12 04:07:00,8.07,14463,UK
540500,71053,WHITE METAL LANTERN,18,2026-05-08 04:29:00,6.8,12379,Italy
540501,71053,WHITE METAL LANTERN,28,2026-05-03 20:00:00,7.41,15373,Italy
540502,22633,HAND WARMER UNION JACK,33,2026-05-06 07:43:00,8.06,15796,Spain
540503,71053,WHITE METAL LANTERN,34,2026-05-04 17:33:00,5.64,17200,Italy
540504,85123A,WHITE HANGING HEART T-LIGHT HOLDER,27,2026-05-19 00:26:00,7.26,15531,Italy
540505,71053,WHITE METAL LANTERN,14,2026-05-13 16:32:00,3.76,14731,France
540506,85123A,WHITE HANGING HEART T-LIGHT HOLDER,36,2026-05-08 23:44:00,4.87,14595,Germany
540507,71053,WHITE METAL LANTERN,31,2026-05-17 11:27:00,4.02,12239,Germany
540508,85123A,WHITE HANGING HEART T-LIGHT HOLDER,29,2026-05-10 19:25:00,5.83,15520,Spain
540509,84406B,CREAM CUPID HEARTS COAT HANGER,48,2026-05-11 17:49:00,6.6,15526,Germany
540510,84406B,CREAM CUPID HEARTS COAT HANGER,6,2026-05-13 23:30:00,4.28,13259,Italy
540511,84029G,KNITTED UNION FLAG HOT WATER BOTTLE,37,2026-05-12 22:46:00,3.71,15926,Germany
540512,71053,WHITE METAL LANTERN,47,2026-05-21 15:48:00,9.54,15929,Italy
540513,84406B,CREAM CUPID HEARTS COAT HANGER,20,2026-05-03 06:35:00,9.38,13495,UK
540514,84029G,KNITTED UNION FLAG HOT WATER BOTTLE,6,2026-05-14 23:35:00,3.56,13087,Germany
540515,22633,HAND WARMER UNION JACK,44,2026-05-26 00:30:00,5.44,13815,UK
540516,22633,HAND WARMER UNION JACK,10,2026-05-15 17:28:00,8.03,16935,Italy
540517,84406B,CREAM CUPID HEARTS COAT HANGER,31,2026-05-09 11:44:00,2.26,12501,UK
540518,84406B,CREAM CUPID HEARTS COAT HANGER,35,2026-05-09 23:43:00,8.96,14913,France
540519,84029G,KNITTED UNION FLAG HOT WATER BOTTLE,2,2026-05-10 00:24:00,1.17,13490,Spain
540520,71053,WHITE METAL LANTERN,27,2026-05-24 08:53:00,4.48,13700,UK
540521,84029G,KNITTED UNION FLAG HOT WATER BOTTLE,44,2026-05-13 19:30:00,7.62,17122,UK
540522,84029G,KNITTED UNION FLAG HOT WATER BOTTLE,28,2026-05-23 21:37:00,2.34,17839,France
540523,85123A,WHITE HANGING HEART T-LIGHT HOLDER,42,2026-05-06 06:48:00,7.22,14687,UK
540524,84406B,CREAM CUPID HEARTS COAT HANGER,11,2026-05-21 15:34:00,3.68,15923,Spain
540525,71053,WHITE METAL LANTERN,12,2026-05-21 14:40:00,8.54,12700,France
540526,71053,WHITE METAL LANTERN,9,2026-05-12 23:31:00,8.92,14865,Germany
540527,71053,WHITE METAL LANTERN,29,2026-05-22 13:24:00,1.36,15633,Spain
540528,84406B,CREAM CUPID HEARTS COAT HANGER,29,2026-05-11 07:19:00,4.06,16850,UK
540529,85123A,WHITE HANGING HEART T-LIGHT HOLDER,28,2026-05-16 15:53:00,2.09,14433,Germany
540530,84406B,CREAM CUPID HEARTS COAT HANGER,24,2026-05-08 15:30:00,2.97,16180,Germany
540531,71053,WHITE METAL LANTERN,18,2026-05-11 08:52:00,7.52,16862,Spain
540532,22633,HAND WARMER UNION JACK,19,2026-05-13 16:11:00,5.05,15227,France
540533,71053,WHITE METAL LANTERN,20,2026-05-04 15:32:00,8.22,12179,Germany
540534,71053,WHITE METAL LANTERN,45,2026-05-05 11:09:00,8.81,14161,UK
540535,71053,WHITE METAL LANTERN,41,2026-05-14 08:00:00,6.83,14882,France
540536,84406B,CREAM CUPID HEARTS COAT HANGER,24,2026-05-20 07:51:00,4.46,16484,Spain
540537,85123A,WHITE HANGING HEART T-LIGHT HOLDER,16,2026-05-24 08:20:00,6.95,14463,Germany
540538,84406B,CREAM CUPID HEARTS COAT HANGER,44,2026-05-23 14:29:00,6.17,16801,Italy
540539,71053,WHITE METAL LANTERN,11,2026-05-25 03:41:00,1.53,14330,France
540540,22633,HAND WARMER UNION JACK,28,2026-05-09 12:50:00,3.5,13486,France
540541,85123A,WHITE HANGING HEART T-LIGHT HOLDER,23,2026-05-14 16:36:00,9.64,12099,UK
540542,84029G,KNITTED UNION FLAG HOT WATER BOTTLE,49,2026-05-17 08:51:00,7.66,16940,France
540543,22633,HAND WARMER UNION JACK,33,2026-05-08 02:21:00,1.77,13957,France
540544,84406B,CREAM CUPID HEARTS COAT HANGER,23,2026-05-03 04:03:00,1.18,12601,Italy
540545,84029G,KNITTED UNION FLAG HOT WATER BOTTLE,32,2026-05-13 14:16:00,6.42,13817,Italy
540546,85123A,WHITE HANGING HEART T-LIGHT HOLDER,1,2026-05-19 09:55:00,7.4,13618,France
540547,85123A,WHITE HANGING HEART T-LIGHT HOLDER,35,2026-05-02 16:47:00,3.13,15085,Spain
540548,84406B,CREAM CUPID HEARTS COAT HANGER,42,2026-05-15 22:52:00,7.14,12761,Spain
540549,22633,HAND WARMER UNION JACK,23,2026-05-20 17:17:00,5.27,14313,Italy
540550,71053,WHITE METAL LANTERN,47,2026-05-02 01:02:00,4.05,16193,Spain
540551,84029G,KNITTED UNION FLAG HOT WATER BOTTLE,8,2026-05-19 03:37:00,8.12,13998,Germany
540552,22633,HAND WARMER UNION JACK,30,2026-05-20 13:46:00,7.79,17562,France
540553,84406B,CREAM CUPID HEARTS COAT HANGER,6,2026-05-23 18:32:00,1.52,16678,France
540554,71053,WHITE METAL LANTERN,40,2026-05-21 12:02:00,2.41,17396,Germany
540555,84406B,CREAM CUPID HEARTS COAT HANGER,30,2026-05-13 21:11:00,9.03,13782,Germany
540556,22633,HAND WARMER UNION JACK,9,2026-05-08 20:56:00,4.48,15503,France
540557,71053,WHITE METAL LANTERN,28,2026-05-17 09:31:00,6.69,12889,Spain
540558,84029G,KNITTED UNION FLAG HOT WATER BOTTLE,14,2026-05-07 10:01:00,2.02,13259,Italy
540559,22633,HAND WARMER UNION JACK,41,2026-05-17 02:02:00,9.39,15827,UK
540560,85123A,WHITE HANGING HEART T-LIGHT HOLDER,40,2026-05-10 15:30:00,4.66,14819,UK
540561,84029G,KNITTED UNION FLAG HOT WATER BOTTLE,4,2026-05-03 00:41:00,4.74,14273,Italy
540562,84406B,CREAM CUPID HEARTS COAT HANGER,27,2026-05-02 07:06:00,1.8,16091,Spain
540563,71053,WHITE METAL LANTERN,32,2026-05-11 14:11:00,7.55,15438,Spain
540564,22633,HAND WARMER UNION JACK,33,2026-05-09 00:21:00,3.29,16048,Spain
540565,84029G,KNITTED UNION FLAG HOT WATER BOTTLE,27,2026-05-05 15:30:00,8.26,13289,UK
540566,84406B,CREAM CUPID HEARTS COAT HANGER,27,2026-05-05 00:58:00,4.2,14519,Germany
540567,84029G,KNITTED UNION FLAG HOT WATER BOTTLE,12,2026-05-10 19:50:00,9.99,14368,Spain
540568,85123A,WHITE HANGING HEART T-LIGHT HOLDER,46,2026-05-07 15:33:00,8.78,12804,Germany
540569,71053,WHITE METAL LANTERN,19,2026-05-11 17:30:00,9.8,14907,UK
540570,22633,HAND WARMER UNION JACK,46,2026-05-19 13:16:00,7.46,13764,France
540571,84406B,CREAM CUPID HEARTS COAT HANGER,16,2026-05-02 17:49:00,2.93,14886,France
540572,22633,HAND WARMER UNION JACK,16,2026-05-17 11:36:00,1.44,16911,UK
540573,22633,HAND WARMER UNION JACK,17,2026-05-12 20:41:00,4.85,13845,Italy
540574,71053,WHITE METAL LANTERN,23,2026-05-13 10:22:00,6.94,15926,UK
540575,22633,HAND WARMER UNION JACK,36,2026-05-12 19:59:00,1.98,16519,France
540576,84406B,CREAM CUPID HEARTS COAT HANGER,2,2026-05-24 21:56:00,6.38,17463,Germany
540577,84029G,KNITTED UNION FLAG HOT WATER BOTTLE,22,2026-05-05 06:44:00,2.72,13998,UK
540578,22633,HAND WARMER UNION JACK,19,2026-05-10 13:22:00,1.13,17446,UK
540579,85123A,WHITE HANGING HEART T-LIGHT HOLDER,10,2026-05-13 08:05:00,3.01,15991,Spain
540580,84029G,KNITTED UNION FLAG HOT WATER BOTTLE,16,2026-05-06 12:47:00,1.01,17721,Germany
540581,85123A,WHITE HANGING HEART T-LIGHT HOLDER,45,2026-05-18 12:18:00,6.54,13246,Spain
540582,22633,HAND WARMER UNION JACK,3,2026-05-08 14:18:00,8.76,16010,France
540583,84029G,KNITTED UNION FLAG HOT WATER BOTTLE,44,2026-05-26 04:57:00,6.29,13577,Spain
540584,85123A,WHITE HANGING HEART T-LIGHT HOLDER,36,2026-05-23 03:39:00,1.77,13286,France
540585,85123A,WHITE HANGING HEART T-LIGHT HOLDER,16,2026-05-17 14:35:00,4.31,12395,Italy
540586,71053,WHITE METAL LANTERN,25,2026-05-25 10:36:00,1.75,12911,Germany
540587,22633,HAND WARMER UNION JACK,24,2026-05-24 03:10:00,6.51,13573,Spain
540588,84029G,KNITTED UNION FLAG HOT WATER BOTTLE,2,2026-05-13 03:25:00,3.83,12981,UK
540589,84029G,KNITTED UNION FLAG HOT WATER BOTTLE,16,2026-05-08 08:19:00,1.28,12584,France
540590,84406B,CREAM CUPID HEARTS COAT HANGER,38,2026-05-20 17:14:00,5.33,17377,Spain
540591,84406B,CREAM CUPID HEARTS COAT HANGER,29,2026-05-21 21:10:00,1.9,13117,France
540592,85123A,WHITE HANGING HEART T-LIGHT HOLDER,8,2026-05-23 05:04:00,5.09,16248,France
540593,22633,HAND WARMER UNION JACK,42,2026-05-15 07:42:00,1.8,17148,France
540594,85123A,WHITE HANGING HEART T-LIGHT HOLDER,12,2026-05-16 12:25:00,3.57,15129,Italy
540595,84029G,KNITTED UNION FLAG HOT WATER BOTTLE,48,2026-05-09 14:27:00,1.28,12173,Italy
540596,71053,WHITE METAL LANTERN,5,2026-05-12 16:58:00,4.4,13803,Italy
540597,71053,WHITE METAL LANTERN,36,2026-05-24 23:23:00,8.14,16209,Italy
540598,84406B,CREAM CUPID HEARTS COAT HANGER,6,2026-05-23 09:15:00,4.93,14960,Germany
540599,22633,HAND WARMER UNION JACK,4,2026-05-10 01:31:00,7.26,15360,Germany
540600,71053,WHITE METAL LANTERN,4,2026-05-22 16:46:00,7.64,17796,Spain
540601,84029G,KNITTED UNION FLAG HOT WATER BOTTLE,30,2026-05-14 10:51:00,1.52,16863,France
540602,22633,HAND WARMER UNION JACK,20,2026-05-05 16:07:00,3.51,12682,UK
540603,85123A,WHITE HANGING HEART T-LIGHT HOLDER,1,2026-05-08 06:10:00,4.13,16741,Germany
540604,71053,WHITE METAL LANTERN,23,2026-05-23 18:35:00,6.12,16451,Italy
540605,84406B,CREAM CUPID HEARTS COAT HANGER,16,2026-05-11 22:31:00,4.06,16307,France
540606,22633,HAND WARMER UNION JACK,30,2026-05-17 12:27:00,4.56,12770,Italy
540607,85123A,WHITE HANGING HEART T-LIGHT HOLDER,16,2026-05-02 08:02:00,3.69,14553,France
540608,84406B,CREAM CUPID HEARTS COAT HANGER,42,2026-05-24 11:38:00,9.71,16361,UK
540609,85123A,WHITE HANGING HEART T-LIGHT HOLDER,31,2026-05-08 00:24:00,8.07,12537,Italy
540610,22633,HAND WARMER UNION JACK,44,2026-05-25 19:07:00,8.08,15617,France
540611,85123A,WHITE HANGING HEART T-LIGHT HOLDER,38,2026-05-14 10:03:00,8.08,16951,Germany
540612,22633,HAND WARMER UNION JACK,15,2026-05-19 11:28:00,9.61,13889,Italy
540613,22633,HAND WARMER UNION JACK,26,2026-05-11 07:58:00,8.62,13283,France
540614,84029G,KNITTED UNION FLAG HOT WATER BOTTLE,28,2026-05-13 01:04:00,4.54,13892,Germany
540615,84029G,KNITTED UNION FLAG HOT WATER BOTTLE,23,2026-05-05 07:54:00,2.26,14419,Italy
540616,85123A,WHITE HANGING HEART T-LIGHT HOLDER,27,2026-05-03 08:04:00,4.31,16683,Spain
540617,71053,WHITE METAL LANTERN,16,2026-05-18 02:34:00,1.75,14753,Italy
540618,85123A,WHITE HANGING HEART T-LIGHT HOLDER,33,2026-05-02 18:56:00,6.29,17870,France
540619,84029G,KNITTED UNION FLAG HOT WATER BOTTLE,22,2026-05-20 12:17:00,6.98,12262,UK
540620,84029G,KNITTED UNION FLAG HOT WATER BOTTLE,31,2026-05-06 20:16:00,7.2,17271,France
540621,71053,WHITE METAL LANTERN,4,2026-05-18 19:13:00,5.63,16526,Germany
540622,84029G,KNITTED UNION FLAG HOT WATER BOTTLE,48,2026-05-22 23:39:00,3.97,17463,Italy
540623,71053,WHITE METAL LANTERN,8,2026-05-05 19:26:00,1.35,15482,Germany
540624,22633,HAND WARMER UNION JACK,48,2026-05-03 05:46:00,1.51,13000,UK
540625,84029G,KNITTED UNION FLAG HOT WATER BOTTLE,35,2026-05-05 14:07:00,9.47,16068,France
540626,22633,HAND WARMER UNION JACK,40,2026-05-03 01:06:00,8.07,13374,Spain
540627,84029G,KNITTED UNION FLAG HOT WATER BOTTLE,25,2026-05-23 00:21:00,9.78,13095,Germany
540628,85123A,WHITE HANGING HEART T-LIGHT HOLDER,20,2026-05-21 02:10:00,8.19,16214,France
540629,22633,HAND WARMER UNION JACK,47,2026-05-24 18:16:00,5.91,16317,France
540630,84406B,CREAM CUPID HEARTS COAT HANGER,11,2026-05-07 07:07:00,1.97,13548,UK
540631,84029G,KNITTED UNION FLAG HOT WATER BOTTLE,19,2026-05-12 17:20:00,6.02,13371,Germany
540632,71053,WHITE METAL LANTERN,46,2026-05-23 20:42:00,6.76,15043,Germany
540633,84406B,CREAM CUPID HEARTS COAT HANGER,17,2026-05-15 07:19:00,3.4,12938,UK
540634,84029G,KNITTED UNION FLAG HOT WATER BOTTLE,29,2026-05-24 20:08:00,5.48,17332,Italy
540635,71053,WHITE METAL LANTERN,9,2026-05-04 17:24:00,5.53,12514,Spain
540636,85123A,WHITE HANGING HEART T-LIGHT HOLDER,32,2026-05-08 16:31:00,1.51,15229,Germany
540637,85123A,WHITE HANGING HEART T-LIGHT HOLDER,42,2026-05-20 10:00:00,1.6,12633,Italy
540638,85123A,WHITE HANGING HEART T-LIGHT HOLDER,1,2026-05-13 05:19:00,2.87,13961,UK
540639,22633,HAND WARMER UNION JACK,49,2026-05-01 12:23:00,8.27,14297,France
540640,84029G,KNITTED UNION FLAG HOT WATER BOTTLE,32,2026-05-20 03:40:00,7.46,16348,Spain
540641,84029G,KNITTED UNION FLAG HOT WATER BOTTLE,27,2026-05-24 23:34:00,7.33,14193,Spain
540642,71053,WHITE METAL LANTERN,3,2026-05-17 23:55:00,8.95,15271,UK
540643,84406B,CREAM CUPID HEARTS COAT HANGER,5,2026-05-21 06:21:00,5.15,12395,France
540644,85123A,WHITE HANGING HEART T-LIGHT HOLDER,45,2026-05-03 12:01:00,4.46,16576,UK
540645,84406B,CREAM CUPID HEARTS COAT HANGER,14,2026-05-07 17:01:00,8.25,14949,Germany
540646,85123A,WHITE HANGING HEART T-LIGHT HOLDER,33,2026-05-16 12:57:00,5.8,13278,UK
540647,71053,WHITE METAL LANTERN,40,2026-05-03 19:52:00,4.78,14561,France
540648,84406B,CREAM CUPID HEARTS COAT HANGER,28,2026-05-08 07:38:00,1.25,16134,UK
540649,84029G,KNITTED UNION FLAG HOT WATER BOTTLE,35,2026-05-02 05:21:00,5.93,12510,Italy
540650,84029G,KNITTED UNION FLAG HOT WATER BOTTLE,37,2026-05-08 09:01:00,9.48,16285,France
540651,22633,HAND WARMER UNION JACK,33,2026-05-24 08:18:00,8.55,12124,Italy
540652,22633,HAND WARMER UNION JACK,17,2026-05-14 18:18:00,4.68,14939,Italy
540653,85123A,WHITE HANGING HEART T-LIGHT HOLDER,11,2026-05-08 22:04:00,1.22,16848,France
540654,84406B,CREAM CUPID HEARTS COAT HANGER,24,2026-05-23 09:10:00,1.53,17342,France
540655,85123A,WHITE HANGING HEART T-LIGHT HOLDER,5,2026-05-01 15:01:00,9.2,13956,Germany
540656,84406B,CREAM CUPID HEARTS COAT HANGER,13,2026-05-12 22:28:00,8.31,17154,Italy
540657,84406B,CREAM CUPID HEARTS COAT HANGER,34,2026-05-23 20:33:00,7.69,16100,France
540658,84029G,KNITTED UNION FLAG HOT WATER BOTTLE,17,2026-05-09 13:14:00,9.67,17002,France
540659,71053,WHITE METAL LANTERN,48,2026-05-17 21:04:00,1.87,14254,France
540660,71053,WHITE METAL LANTERN,24,2026-05-10 09:22:00,6.2,13577,France
540661,84406B,CREAM CUPID HEARTS COAT HANGER,30,2026-05-25 07:22:00,9.99,12885,Germany
540662,22633,HAND WARMER UNION JACK,2,2026-05-25 10:59:00,9.47,17361,Spain
540663,84406B,CREAM CUPID HEARTS COAT HANGER,23,2026-05-10 15:08:00,6.42,12275,Spain
540664,85123A,WHITE HANGING HEART T-LIGHT HOLDER,1,2026-05-15 12:13:00,5.99,17609,UK
540665,84406B,CREAM CUPID HEARTS COAT HANGER,16,2026-05-20 18:40:00,5.35,13823,Spain
540666,22633,HAND WARMER UNION JACK,7,2026-05-04 12:17:00,6.5,13839,Spain
540667,71053,WHITE METAL LANTERN,14,2026-05-16 14:10:00,2.61,12655,Germany
540668,85123A,WHITE HANGING HEART T-LIGHT HOLDER,36,2026-05-16 08:50:00,8.96,14502,Spain
540669,22633,HAND WARMER UNION JACK,17,2026-05-26 00:06:00,1.28,16944,Italy
540670,71053,WHITE METAL LANTERN,47,2026-05-20 21:54:00,9.94,14553,Germany
540671,85123A,WHITE HANGING HEART T-LIGHT HOLDER,17,2026-05-09 00:09:00,9.06,14751,Italy
540672,84406B,CREAM CUPID HEARTS COAT HANGER,12,2026-05-21 05:16:00,3.05,12567,Germany
540673,22633,HAND WARMER UNION JACK,39,2026-05-13 08:05:00,9.02,14482,France
540674,22633,HAND WARMER UNION JACK,4,2026-05-11 16:59:00,6.57,13362,UK
540675,84029G,KNITTED UNION FLAG HOT WATER BOTTLE,29,2026-05-20 18:05:00,7.49,15975,France
540676,22633,HAND WARMER UNION JACK,9,2026-05-04 04:07:00,7.2,13626,Italy
540677,84406B,CREAM CUPID HEARTS COAT HANGER,48,2026-05-17 21:06:00,7.46,13507,Spain
540678,84406B,CREAM CUPID HEARTS COAT HANGER,13,2026-05-14 12:47:00,4.41,17331,Germany
540679,84406B,CREAM CUPID HEARTS COAT HANGER,34,2026-05-13 17:22:00,4.22,15569,France
540680,84029G,KNITTED UNION FLAG HOT WATER BOTTLE,48,2026-05-12 08:25:00,6.14,16776,Germany
540681,84029G,KNITTED UNION FLAG HOT WATER BOTTLE,20,2026-05-21 15:58:00,3.24,13761,France
540682,84029G,KNITTED UNION FLAG HOT WATER BOTTLE,13,2026-05-19 13:27:00,6.88,13782,Spain
540683,22633,HAND WARMER UNION JACK,39,2026-05-06 10:59:00,8.61,15884,Germany
540684,71053,WHITE METAL LANTERN,6,2026-05-21 11:35:00,4.67,16032,UK
540685,85123A,WHITE HANGING HEART T-LIGHT HOLDER,1,2026-05-25 02:35:00,9.77,14371,Germany
540686,84406B,CREAM CUPID HEARTS COAT HANGER,42,2026-05-24 15:19:00,6.1,16462,UK
540687,71053,WHITE METAL LANTERN,38,2026-05-15 12:05:00,2.1,13094,Spain
540688,71053,WHITE METAL LANTERN,41,2026-05-08 18:52:00,8.53,13278,UK
540689,84029G,KNITTED UNION FLAG HOT WATER BOTTLE,21,2026-05-19 13:27:00,3.48,17986,France
540690,84029G,KNITTED UNION FLAG HOT WATER BOTTLE,19,2026-05-14 08:00:00,1.47,16229,France
540691,71053,WHITE METAL LANTERN,5,2026-05-11 11:50:00,2.72,17105,UK
540692,84029G,KNITTED UNION FLAG HOT WATER BOTTLE,27,2026-05-25 18:17:00,1.74,16383,UK
540693,71053,WHITE METAL LANTERN,35,2026-05-07 06:24:00,3.63,12953,Germany
540694,85123A,WHITE HANGING HEART T-LIGHT HOLDER,45,2026-05-06 15:32:00,2.23,16963,UK
540695,71053,WHITE METAL LANTERN,18,2026-05-19 12:11:00,1.66,16891,Spain
540696,71053,WHITE METAL LANTERN,26,2026-05-10 08:42:00,1.98,12326,UK
540697,22633,HAND WARMER UNION JACK,8,2026-05-24 23:43:00,6.98,16777,Germany
540698,85123A,WHITE HANGING HEART T-LIGHT HOLDER,46,2026-05-11 07:59:00,1.86,15727,Italy
540699,22633,HAND WARMER UNION JACK,16,2026-05-20 22:20:00,1.99,13269,Italy
540700,71053,WHITE METAL LANTERN,12,2026-05-04 11:03:00,4.39,15757,Germany
540701,85123A,WHITE HANGING HEART T-LIGHT HOLDER,25,2026-05-25 23:47:00,6.39,14807,Germany
540702,85123A,WHITE HANGING HEART T-LIGHT HOLDER,27,2026-05-20 14:44:00,2.97,12359,UK
540703,84406B,CREAM CUPID HEARTS COAT HANGER,21,2026-05-03 11:12:00,2.39,13490,UK
540704,71053,WHITE METAL LANTERN,28,2026-05-02 08:11:00,4.51,16756,Germany
540705,84029G,KNITTED UNION FLAG HOT WATER BOTTLE,4,2026-05-03 20:35:00,2.9,16216,Germany
540706,85123A,WHITE HANGING HEART T-LIGHT HOLDER,40,2026-05-22 14:27:00,7.09,12417,UK
540707,84029G,KNITTED UNION FLAG HOT WATER BOTTLE,43,2026-05-07 03:23:00,5.85,15169,Germany
540708,22633,HAND WARMER UNION JACK,32,2026-05-18 11:05:00,6.33,13862,UK
540709,22633,HAND WARMER UNION JACK,44,2026-05-25 09:45:00,1.13,12414,Spain
540710,84029G,KNITTED UNION FLAG HOT WATER BOTTLE,31,2026-05-16 14:31:00,5.24,16127,Germany
540711,84029G,KNITTED UNION FLAG HOT WATER BOTTLE,23,2026-05-13 05:54:00,1.83,14429,Germany
540712,22633,HAND WARMER UNION JACK,29,2026-05-17 06:56:00,2.13,15013,Spain
540713,84406B,CREAM CUPID HEARTS COAT HANGER,13,2026-05-23 12:27:00,6.96,12653,UK
540714,84029G,KNITTED UNION FLAG HOT WATER BOTTLE,38,2026-05-03 17:10:00,1.04,15831,Spain
540715,71053,WHITE METAL LANTERN,3,2026-05-10 23:22:00,2.41,13786,France
540716,84029G,KNITTED UNION FLAG HOT WATER BOTTLE,14,2026-05-22 08:21:00,5.63,16309,France
540717,84029G,KNITTED UNION FLAG HOT WATER BOTTLE,10,2026-05-22 09:40:00,1.14,12663,UK
540718,84029G,KNITTED UNION FLAG HOT WATER BOTTLE,33,2026-05-16 05:54:00,7.23,13150,Spain
540719,85123A,WHITE HANGING HEART T-LIGHT HOLDER,36,2026-05-06 01:10:00,3.02,17192,Germany
540720,84406B,CREAM CUPID HEARTS COAT HANGER,17,2026-05-09 16:01:00,8.9,17631,Italy
540721,85123A,WHITE HANGING HEART T-LIGHT HOLDER,45,2026-05-19 17:34:00,3.37,14468,France
540722,71053,WHITE METAL LANTERN,21,2026-05-07 01:54:00,5.29,17796,Italy
540723,84406B,CREAM CUPID HEARTS COAT HANGER,1,2026-05-05 00:54:00,3.94,15498,Germany
540724,71053,WHITE METAL LANTERN,7,2026-05-12 21:49:00,2.94,16117,Italy
540725,85123A,WHITE HANGING HEART T-LIGHT HOLDER,29,2026-05-19 22:03:00,4.81,16789,France
540726,71053,WHITE METAL LANTERN,14,2026-05-17 07:34:00,6.55,16172,Italy
540727,22633,HAND WARMER UNION JACK,22,2026-05-22 04:00:00,9.92,14314,UK
540728,85123A,WHITE HANGING HEART T-LIGHT HOLDER,42,2026-05-05 19:42:00,8.67,13998,Italy
540729,22633,HAND WARMER UNION JACK,6,2026-05-04 16:23:00,9.74,13676,France
540730,84406B,CREAM CUPID HEARTS COAT HANGER,2,2026-05-11 13:52:00,5.47,17183,Germany
540731,84406B,CREAM CUPID HEARTS COAT HANGER,18,2026-05-10 06:09:00,7.45,15415,Spain
540732,84406B,CREAM CUPID HEARTS COAT HANGER,41,2026-05-11 22:25:00,1.43,16702,Spain
540733,22633,HAND WARMER UNION JACK,40,2026-05-18 08:26:00,6.42,12646,France
540734,84029G,KNITTED UNION FLAG HOT WATER BOTTLE,13,2026-05-02 04:08:00,3.7,12582,Italy
540735,71053,WHITE METAL LANTERN,7,2026-05-06 11:36:00,6.73,12045,Germany
540736,84029G,KNITTED UNION FLAG HOT WATER BOTTLE,48,2026-05-20 13:13:00,9.7,16683,UK
540737,71053,WHITE METAL LANTERN,40,2026-05-02 17:27:00,2.59,17070,UK
540738,84406B,CREAM CUPID HEARTS COAT HANGER,10,2026-05-09 04:27:00,5.22,12890,UK
540739,84029G,KNITTED UNION FLAG HOT WATER BOTTLE,41,2026-05-02 00:03:00,2.81,14355,Italy
540740,84406B,CREAM CUPID HEARTS COAT HANGER,20,2026-05-23 19:42:00,3.53,16494,France
540741,71053,WHITE METAL LANTERN,29,2026-05-12 00:36:00,4.35,14035,Spain
540742,22633,HAND WARMER UNION JACK,3,2026-05-04 14:34:00,5.75,14922,UK
540743,85123A,WHITE HANGING HEART T-LIGHT HOLDER,31,2026-05-23 09:45:00,7.45,17470,Germany
540744,71053,WHITE METAL LANTERN,8,2026-05-03 07:09:00,8.97,16056,France
540745,84029G,KNITTED UNION FLAG HOT WATER BOTTLE,35,2026-05-02 21:11:00,7.53,14231,Spain
540746,22633,HAND WARMER UNION JACK,34,2026-05-18 07:13:00,6.66,15123,Italy
540747,84406B,CREAM CUPID HEARTS COAT HANGER,2,2026-05-12 01:44:00,4.09,16699,Spain
540748,84406B,CREAM CUPID HEARTS COAT HANGER,18,2026-05-17 08:36:00,4.39,13660,Germany
540749,85123A,WHITE HANGING HEART T-LIGHT HOLDER,31,2026-05-17 19:25:00,8.17,15299,Germany
540750,85123A,WHITE HANGING HEART T-LIGHT HOLDER,14,2026-05-17 23:06:00,8.08,14288,Italy
540751,22633,HAND WARMER UNION JACK,45,2026-05-21 09:20:00,5.98,12655,UK
540752,84029G,KNITTED UNION FLAG HOT WATER BOTTLE,37,2026-05-02 13:59:00,8.05,13462,UK
540753,85123A,WHITE HANGING HEART T-LIGHT HOLDER,12,2026-05-13 00:59:00,4.82,14864,Italy
540754,71053,WHITE METAL LANTERN,45,2026-05-13 21:02:00,1.61,17499,Italy
540755,84029G,KNITTED UNION FLAG HOT WATER BOTTLE,8,2026-05-25 02:39:00,5.02,14587,UK
540756,84406B,CREAM CUPID HEARTS COAT HANGER,36,2026-05-16 18:26:00,1.54,17953,Italy
540757,71053,WHITE METAL LANTERN,14,2026-05-03 05:29:00,3.55,12418,UK
540758,22633,HAND WARMER UNION JACK,10,2026-05-04 17:34:00,6.59,15495,Germany
540759,85123A,WHITE HANGING HEART T-LIGHT HOLDER,37,2026-05-01 14:39:00,1.97,13034,Italy
540760,22633,HAND WARMER UNION JACK,35,2026-05-14 04:10:00,7.64,15333,Germany
540761,71053,WHITE METAL LANTERN,8,2026-05-08 09:42:00,1.41,14759,Italy
540762,71053,WHITE METAL LANTERN,7,2026-05-22 23:51:00,8.05,17499,Germany
540763,84406B,CREAM CUPID HEARTS COAT HANGER,17,2026-05-05 03:21:00,2.84,17750,France
540764,84029G,KNITTED UNION FLAG HOT WATER BOTTLE,2,2026-05-04 12:09:00,3.26,13746,France
540765,85123A,WHITE HANGING HEART T-LIGHT HOLDER,11,2026-05-17 12:56:00,5.27,12446,Italy
540766,84029G,KNITTED UNION FLAG HOT WATER BOTTLE,42,2026-05-26 01:38:00,4.07,14497,Spain
540767,22633,HAND WARMER UNION JACK,26,2026-05-08 08:58:00,5.76,13659,Spain
540768,84029G,KNITTED UNION FLAG HOT WATER BOTTLE,33,2026-05-04 02:15:00,3.41,12596,Germany
540769,22633,HAND WARMER UNION JACK,40,2026-05-24 05:11:00,6.27,12500,Italy
540770,84029G,KNITTED UNION FLAG HOT WATER BOTTLE,9,2026-05-15 00:51:00,3.23,14208,UK
540771,85123A,WHITE HANGING HEART T-LIGHT HOLDER,47,2026-05-12 08:00:00,8.89,17758,UK
540772,84029G,KNITTED UNION FLAG HOT WATER BOTTLE,13,2026-05-15 02:44:00,6.38,13854,UK
540773,84406B,CREAM CUPID HEARTS COAT HANGER,40,2026-05-16 12:28:00,9.01,12920,Spain
540774,22633,HAND WARMER UNION JACK,17,2026-05-19 17:46:00,9.25,17146,Spain
540775,71053,WHITE METAL LANTERN,25,2026-05-14 10:19:00,4.42,14726,Italy
540776,84029G,KNITTED UNION FLAG HOT WATER BOTTLE,35,2026-05-03 22:45:00,3.07,17065,France
540777,71053,WHITE METAL LANTERN,14,2026-05-16 21:12:00,1.37,13553,Italy
540778,22633,HAND WARMER UNION JACK,34,2026-05-15 22:54:00,1.03,17793,Spain
540779,84406B,CREAM CUPID HEARTS COAT HANGER,20,2026-05-16 12:09:00,3.39,12072,Spain
540780,85123A,WHITE HANGING HEART T-LIGHT HOLDER,29,2026-05-07 04:19:00,3.92,13270,UK
540781,84406B,CREAM CUPID HEARTS COAT HANGER,31,2026-05-14 06:00:00,2.39,13933,Germany
540782,71053,WHITE METAL LANTERN,23,2026-05-14 08:52:00,9.18,13069,Spain
540783,84406B,CREAM CUPID HEARTS COAT HANGER,15,2026-05-13 12:12:00,6.34,14184,Spain
540784,85123A,WHITE HANGING HEART T-LIGHT HOLDER,50,2026-05-19 14:49:00,1.44,16549,Italy
540785,71053,WHITE METAL LANTERN,30,2026-05-05 20:21:00,3.9,15842,Germany
540786,84029G,KNITTED UNION FLAG HOT WATER BOTTLE,2,2026-05-08 13:58:00,5.06,13571,Spain
540787,84029G,KNITTED UNION FLAG HOT WATER BOTTLE,2,2026-05-15 21:57:00,7.47,14167,UK
540788,22633,HAND WARMER UNION JACK,21,2026-05-05 12:00:00,5.73,17433,Italy
540789,71053,WHITE METAL LANTERN,40,2026-05-22 17:14:00,4.75,13657,Italy
540790,71053,WHITE METAL LANTERN,17,2026-05-19 18:15:00,8.61,13810,Italy
540791,22633,HAND WARMER UNION JACK,41,2026-05-22 09:43:00,7.3,14984,Italy
540792,71053,WHITE METAL LANTERN,13,2026-05-12 14:09:00,9.62,13646,UK
540793,84029G,KNITTED UNION FLAG HOT WATER BOTTLE,30,2026-05-20 18:37:00,6.71,12342,Italy
540794,84029G,KNITTED UNION FLAG HOT WATER BOTTLE,8,2026-05-16 19:53:00,3.85,14185,France
540795,84406B,CREAM CUPID HEARTS COAT HANGER,1,2026-05-26 02:33:00,5.57,13441,UK
540796,85123A,WHITE HANGING HEART T-LIGHT HOLDER,11,2026-05-05 00:28:00,3.42,13619,UK
540797,22633,HAND WARMER UNION JACK,39,2026-05-24 16:34:00,1.0,17869,Germany
540798,84029G,KNITTED UNION FLAG HOT WATER BOTTLE,6,2026-05-16 12:23:00,4.07,13858,France
540799,84029G,KNITTED UNION FLAG HOT WATER BOTTLE,27,2026-05-18 07:14:00,4.43,12726,Italy
540800,85123A,WHITE HANGING HEART T-LIGHT HOLDER,10,2026-05-11 17:36:00,9.44,13036,Spain
540801,71053,WHITE METAL LANTERN,29,2026-05-14 04:59:00,6.19,17068,Spain
540802,71053,WHITE METAL LANTERN,12,2026-05-26 03:28:00,6.19,15344,Germany
540803,84029G,KNITTED UNION FLAG HOT WATER BOTTLE,47,2026-05-09 07:50:00,9.09,15650,UK
540804,71053,WHITE METAL LANTERN,47,2026-05-23 18:14:00,4.97,17591,Germany
540805,84406B,CREAM CUPID HEARTS COAT HANGER,5,2026-05-14 02:59:00,9.28,14101,Italy
540806,71053,WHITE METAL LANTERN,47,2026-05-18 00:53:00,2.93,13814,France
540807,71053,WHITE METAL LANTERN,2,2026-05-04 18:30:00,8.52,12492,UK
540808,22633,HAND WARMER UNION JACK,5,2026-05-05 16:16:00,8.02,12142,Spain
540809,84406B,CREAM CUPID HEARTS COAT HANGER,36,2026-05-16 13:54:00,1.3,17126,UK
540810,84029G,KNITTED UNION FLAG HOT WATER BOTTLE,47,2026-05-19 23:28:00,4.44,14461,UK
540811,71053,WHITE METAL LANTERN,1,2026-05-03 03:12:00,9.88,16870,Germany
540812,85123A,WHITE HANGING HEART T-LIGHT HOLDER,42,2026-05-21 11:07:00,2.79,16838,Italy
540813,71053,WHITE METAL LANTERN,4,2026-05-23 05:34:00,7.42,15285,France
540814,85123A,WHITE HANGING HEART T-LIGHT HOLDER,15,2026-05-11 15:47:00,6.22,17152,France
540815,84029G,KNITTED UNION FLAG HOT WATER BOTTLE,10,2026-05-17 20:30:00,4.59,15323,Spain
540816,84406B,CREAM CUPID HEARTS COAT HANGER,16,2026-05-08 04:12:00,5.33,14874,Italy
540817,84029G,KNITTED UNION FLAG HOT WATER BOTTLE,48,2026-05-25 13:00:00,5.36,13241,Germany
540818,85123A,WHITE HANGING HEART T-LIGHT HOLDER,16,2026-05-18 07:06:00,3.12,17145,France
540819,22633,HAND WARMER UNION JACK,43,2026-05-03 02:37:00,9.81,12739,UK
540820,71053,WHITE METAL LANTERN,43,2026-05-18 00:04:00,3.45,15321,Spain
540821,85123A,WHITE HANGING HEART T-LIGHT HOLDER,28,2026-05-14 15:47:00,5.81,12199,UK
540822,85123A,WHITE HANGING HEART T-LIGHT HOLDER,15,2026-05-09 03:02:00,4.21,15481,Spain
540823,84029G,KNITTED UNION FLAG HOT WATER BOTTLE,16,2026-05-02 09:18:00,4.21,12164,France
540824,84406B,CREAM CUPID HEARTS COAT HANGER,16,2026-05-10 04:00:00,7.78,15577,Italy
540825,84406B,CREAM CUPID HEARTS COAT HANGER,10,2026-05-22 06:49:00,4.76,14227,France
540826,71053,WHITE METAL LANTERN,46,2026-05-21 07:59:00,8.47,15443,Spain
540827,84029G,KNITTED UNION FLAG HOT WATER BOTTLE,43,2026-05-17 16:10:00,6.0,16192,UK
540828,84029G,KNITTED UNION FLAG HOT WATER BOTTLE,39,2026-05-02 15:26:00,6.79,16748,Germany
540829,85123A,WHITE HANGING HEART T-LIGHT HOLDER,39,2026-05-22 23:16:00,4.96,17712,Germany
540830,84406B,CREAM CUPID HEARTS COAT HANGER,39,2026-05-18 00:28:00,3.56,13174,Germany
540831,71053,WHITE METAL LANTERN,40,2026-05-16 22:00:00,5.15,12379,France
540832,84406B,CREAM CUPID HEARTS COAT HANGER,45,2026-05-13 16:10:00,5.75,17042,UK
540833,84406B,CREAM CUPID HEARTS COAT HANGER,37,2026-05-18 23:36:00,4.68,16045,Germany
540834,84029G,KNITTED UNION FLAG HOT WATER BOTTLE,37,2026-05-12 10:10:00,1.3,13798,UK
540835,84406B,CREAM CUPID HEARTS COAT HANGER,9,2026-05-19 23:06:00,6.53,12231,Spain
540836,84029G,KNITTED UNION FLAG HOT WATER BOTTLE,30,2026-05-07 23:52:00,2.91,17199,France
540837,22633,HAND WARMER UNION JACK,35,2026-05-02 00:06:00,8.58,13431,Spain
540838,71053,WHITE METAL LANTERN,46,2026-05-22 21:34:00,6.98,17185,Spain
540839,84029G,KNITTED UNION FLAG HOT WATER BOTTLE,15,2026-05-02 11:47:00,4.05,17334,Italy
540840,22633,HAND WARMER UNION JACK,34,2026-05-14 16:31:00,8.23,16751,UK
540841,22633,HAND WARMER UNION JACK,25,2026-05-17 11:29:00,9.53,16195,UK
540842,84029G,KNITTED UNION FLAG HOT WATER BOTTLE,17,2026-05-15 20:39:00,3.51,14588,France
540843,84406B,CREAM CUPID HEARTS COAT HANGER,33,2026-05-12 13:23:00,9.09,12551,France
540844,71053,WHITE METAL LANTERN,46,2026-05-11 19:59:00,3.25,17151,France
540845,71053,WHITE METAL LANTERN,20,2026-05-08 22:48:00,2.39,14964,Spain
540846,85123A,WHITE HANGING HEART T-LIGHT HOLDER,36,2026-05-15 10:12:00,2.58,13118,Italy
540847,85123A,WHITE HANGING HEART T-LIGHT HOLDER,17,2026-05-16 04:54:00,4.23,15677,France
540848,22633,HAND WARMER UNION JACK,13,2026-05-12 08:32:00,4.89,12680,France
540849,71053,WHITE METAL LANTERN,31,2026-05-18 18:32:00,5.69,17473,Germany
540850,84406B,CREAM CUPID HEARTS COAT HANGER,33,2026-05-03 21:42:00,1.15,16167,UK
540851,84029G,KNITTED UNION FLAG HOT WATER BOTTLE,33,2026-05-10 18:52:00,4.22,14220,UK
540852,71053,WHITE METAL LANTERN,42,2026-05-01 11:30:00,8.1,13089,France
540853,71053,WHITE METAL LANTERN,4,2026-05-13 21:44:00,9.88,12171,France
540854,71053,WHITE METAL LANTERN,2,2026-05-03 01:22:00,6.93,12323,France
540855,22633,HAND WARMER UNION JACK,29,2026-05-12 21:44:00,6.38,14032,Italy
540856,71053,WHITE METAL LANTERN,13,2026-05-01 17:43:00,4.17,14708,Spain
540857,71053,WHITE METAL LANTERN,43,2026-05-15 11:59:00,1.96,14413,Spain
540858,85123A,WHITE HANGING HEART T-LIGHT HOLDER,5,2026-05-15 01:59:00,1.19,14276,France
540859,85123A,WHITE HANGING HEART T-LIGHT HOLDER,35,2026-05-08 01:25:00,2.08,17728,France
540860,71053,WHITE METAL LANTERN,49,2026-05-01 17:41:00,2.52,14930,France
540861,84406B,CREAM CUPID HEARTS COAT HANGER,1,2026-05-08 05:33:00,5.24,13093,France
540862,71053,WHITE METAL LANTERN,3,2026-05-20 00:10:00,5.23,17304,Germany
540863,85123A,WHITE HANGING HEART T-LIGHT HOLDER,39,2026-05-21 10:50:00,8.83,17639,France
540864,22633,HAND WARMER UNION JACK,22,2026-05-24 09:07:00,5.29,16584,France
540865,84029G,KNITTED UNION FLAG HOT WATER BOTTLE,49,2026-05-15 00:57:00,8.94,15166,Italy
540866,22633,HAND WARMER UNION JACK,30,2026-05-10 16:00:00,1.9,15331,Italy
540867,22633,HAND WARMER UNION JACK,30,2026-05-20 21:39:00,5.21,13187,Germany
540868,84406B,CREAM CUPID HEARTS COAT HANGER,45,2026-05-14 17:40:00,5.97,12609,Spain
540869,84406B,CREAM CUPID HEARTS COAT HANGER,22,2026-05-03 23:54:00,3.65,14921,France
540870,22633,HAND WARMER UNION JACK,6,2026-05-09 23:21:00,7.54,13105,France
540871,84406B,CREAM CUPID HEARTS COAT HANGER,31,2026-05-04 10:23:00,7.84,15274,Germany
540872,84029G,KNITTED UNION FLAG HOT WATER BOTTLE,10,2026-05-02 17:20:00,7.05,16905,Spain
540873,84406B,CREAM CUPID HEARTS COAT HANGER,50,2026-05-11 19:47:00,8.86,15132,UK
540874,71053,WHITE METAL LANTERN,15,2026-05-08 12:11:00,5.51,15815,Germany
540875,71053,WHITE METAL LANTERN,8,2026-05-02 05:05:00,1.2,13079,Spain
540876,85123A,WHITE HANGING HEART T-LIGHT HOLDER,13,2026-05-05 06:26:00,1.8,16788,France
540877,71053,WHITE METAL LANTERN,17,2026-05-07 18:27:00,8.78,13109,Spain
540878,71053,WHITE METAL LANTERN,45,2026-05-03 00:36:00,3.48,12165,Germany
540879,84406B,CREAM CUPID HEARTS COAT HANGER,33,2026-05-09 12:22:00,7.79,16428,Italy
540880,85123A,WHITE HANGING HEART T-LIGHT HOLDER,19,2026-05-02 01:00:00,9.46,14519,UK
540881,22633,HAND WARMER UNION JACK,44,2026-05-16 15:07:00,4.35,15824,UK
540882,85123A,WHITE HANGING HEART T-LIGHT HOLDER,30,2026-05-04 23:35:00,7.54,17754,Germany
540883,85123A,WHITE HANGING HEART T-LIGHT HOLDER,14,2026-05-12 07:01:00,8.85,14505,Spain
540884,71053,WHITE METAL LANTERN,38,2026-05-23 07:05:00,3.68,12066,Germany
540885,85123A,WHITE HANGING HEART T-LIGHT HOLDER,30,2026-05-17 07:01:00,6.97,13194,France
540886,84406B,CREAM CUPID HEARTS COAT HANGER,5,2026-05-22 13:20:00,6.46,13665,UK
540887,85123A,WHITE HANGING HEART T-LIGHT HOLDER,19,2026-05-25 05:56:00,3.31,13372,UK
540888,71053,WHITE METAL LANTERN,35,2026-05-21 14:08:00,4.7,16790,France
540889,85123A,WHITE HANGING HEART T-LIGHT HOLDER,19,2026-05-11 09:01:00,2.55,14582,France
540890,85123A,WHITE HANGING HEART T-LIGHT HOLDER,8,2026-05-24 09:21:00,4.8,17600,France
540891,84406B,CREAM CUPID HEARTS COAT HANGER,12,2026-05-02 08:11:00,4.77,16580,Spain
540892,84029G,KNITTED UNION FLAG HOT WATER BOTTLE,2,2026-05-21 00:20:00,9.05,14535,Italy
540893,71053,WHITE METAL LANTERN,45,2026-05-05 18:09:00,4.8,17548,Italy
540894,22633,HAND WARMER UNION JACK,2,2026-05-20 18:48:00,1.29,14625,Germany
540895,84406B,CREAM CUPID HEARTS COAT HANGER,35,2026-05-08 14:57:00,2.84,13630,Italy
540896,84029G,KNITTED UNION FLAG HOT WATER BOTTLE,2,2026-05-17 02:00:00,9.71,12717,Italy
540897,22633,HAND WARMER UNION JACK,18,2026-05-11 17:50:00,1.79,14686,France
540898,84406B,CREAM CUPID HEARTS COAT HANGER,49,2026-05-18 00:26:00,6.26,17995,Spain
540899,71053,WHITE METAL LANTERN,29,2026-05-13 14:14:00,9.69,12172,Italy
540900,84029G,KNITTED UNION FLAG HOT WATER BOTTLE,8,2026-05-20 21:59:00,6.33,12938,Italy
540901,84406B,CREAM CUPID HEARTS COAT HANGER,31,2026-05-20 21:58:00,1.33,12668,Italy
540902,22633,HAND WARMER UNION JACK,10,2026-05-08 13:14:00,2.09,16103,France
540903,22633,HAND WARMER UNION JACK,36,2026-05-19 15:35:00,9.35,16719,Spain
540904,71053,WHITE METAL LANTERN,8,2026-05-07 12:15:00,7.22,13740,Spain
540905,22633,HAND WARMER UNION JACK,37,2026-05-15 20:34:00,5.02,13538,UK
540906,84406B,CREAM CUPID HEARTS COAT HANGER,29,2026-05-17 01:10:00,4.27,16959,Italy
540907,71053,WHITE METAL LANTERN,19,2026-05-12 14:14:00,4.06,15210,UK
540908,71053,WHITE METAL LANTERN,33,2026-05-07 08:53:00,9.1,14679,France
540909,22633,HAND WARMER UNION JACK,26,2026-05-14 04:47:00,9.53,15165,Spain
540910,84029G,KNITTED UNION FLAG HOT WATER BOTTLE,46,2026-05-20 18:40:00,7.99,14717,France
540911,85123A,WHITE HANGING HEART T-LIGHT HOLDER,29,2026-05-15 17:18:00,9.5,16971,Italy
540912,85123A,WHITE HANGING HEART T-LIGHT HOLDER,15,2026-05-17 00:24:00,6.37,17360,Italy
540913,85123A,WHITE HANGING HEART T-LIGHT HOLDER,14,2026-05-13 19:16:00,1.72,17319,Italy
540914,84406B,CREAM CUPID HEARTS COAT HANGER,5,2026-05-25 05:27:00,1.94,15672,Germany
540915,84406B,CREAM CUPID HEARTS COAT HANGER,4,2026-05-08 00:17:00,8.93,14756,UK
540916,84029G,KNITTED UNION FLAG HOT WATER BOTTLE,13,2026-05-04 22:49:00,7.5,14619,Germany
540917,84406B,CREAM CUPID HEARTS COAT HANGER,36,2026-05-07 16:57:00,9.88,12212,UK
540918,84029G,KNITTED UNION FLAG HOT WATER BOTTLE,22,2026-05-05 18:10:00,2.32,16402,France
540919,22633,HAND WARMER UNION JACK,39,2026-05-11 01:10:00,9.66,12035,Germany
540920,84029G,KNITTED UNION FLAG HOT WATER BOTTLE,10,2026-05-23 06:22:00,3.19,14442,Spain
540921,84029G,KNITTED UNION FLAG HOT WATER BOTTLE,38,2026-05-01 23:28:00,1.29,12223,Spain
540922,22633,HAND WARMER UNION JACK,19,2026-05-19 11:42:00,5.76,14101,France
540923,22633,HAND WARMER UNION JACK,4,2026-05-10 09:18:00,6.31,12025,Spain
540924,71053,WHITE METAL LANTERN,40,2026-05-14 11:19:00,1.49,13413,Germany
540925,22633,HAND WARMER UNION JACK,45,2026-05-19 10:48:00,2.62,13026,UK
540926,71053,WHITE METAL LANTERN,38,2026-05-06 09:41:00,2.63,12506,Spain
540927,84029G,KNITTED UNION FLAG HOT WATER BOTTLE,42,2026-05-16 14:08:00,6.45,16545,France
540928,84029G,KNITTED UNION FLAG HOT WATER BOTTLE,42,2026-05-13 12:26:00,2.4,13496,Italy
540929,71053,WHITE METAL LANTERN,32,2026-05-09 12:11:00,5.11,13664,Germany
540930,84406B,CREAM CUPID HEARTS COAT HANGER,46,2026-05-15 02:05:00,4.73,13546,Spain
540931,84029G,KNITTED UNION FLAG HOT WATER BOTTLE,3,2026-05-13 11:48:00,1.08,17876,Italy
540932,22633,HAND WARMER UNION JACK,47,2026-05-13 23:34:00,2.49,16864,Italy
540933,71053,WHITE METAL LANTERN,11,2026-05-19 20:31:00,9.58,17498,France
540934,22633,HAND WARMER UNION JACK,40,2026-05-16 04:36:00,2.6,17080,UK
540935,84406B,CREAM CUPID HEARTS COAT HANGER,34,2026-05-12 05:17:00,5.52,13576,France
540936,84029G,KNITTED UNION FLAG HOT WATER BOTTLE,28,2026-05-07 15:29:00,3.67,14758,UK
540937,85123A,WHITE HANGING HEART T-LIGHT HOLDER,17,2026-05-08 10:21:00,8.92,17772,UK
540938,84406B,CREAM CUPID HEARTS COAT HANGER,15,2026-05-06 22:04:00,3.64,16974,Spain
540939,84029G,KNITTED UNION FLAG HOT WATER BOTTLE,1,2026-05-25 04:53:00,5.0,14612,UK
540940,71053,WHITE METAL LANTERN,30,2026-05-21 11:40:00,4.32,17879,France
540941,84029G,KNITTED UNION FLAG HOT WATER BOTTLE,26,2026-05-03 18:04:00,5.92,14315,Italy
540942,84406B,CREAM CUPID HEARTS COAT HANGER,28,2026-05-23 15:29:00,1.05,17367,France
540943,84029G,KNITTED UNION FLAG HOT WATER BOTTLE,9,2026-05-15 10:47:00,6.09,16700,Spain
540944,71053,WHITE METAL LANTERN,22,2026-05-04 04:13:00,1.43,17577,UK
540945,22633,HAND WARMER UNION JACK,28,2026-05-05 17:16:00,2.8,17918,Germany
540946,84029G,KNITTED UNION FLAG HOT WATER BOTTLE,10,2026-05-12 12:56:00,2.55,16468,Italy
540947,71053,WHITE METAL LANTERN,3,2026-05-04 15:20:00,6.09,17706,Germany
540948,85123A,WHITE HANGING HEART T-LIGHT HOLDER,38,2026-05-09 11:37:00,9.79,13039,France
540949,84406B,CREAM CUPID HEARTS COAT HANGER,17,2026-05-20 03:40:00,9.9,16430,Germany
540950,84406B,CREAM CUPID HEARTS COAT HANGER,44,2026-05-19 00:36:00,3.16,16216,Germany
540951,85123A,WHITE HANGING HEART T-LIGHT HOLDER,18,2026-05-23 03:29:00,1.09,13329,Italy
540952,85123A,WHITE HANGING HEART T-LIGHT HOLDER,47,2026-05-19 16:24:00,7.32,14129,Spain
540953,85123A,WHITE HANGING HEART T-LIGHT HOLDER,31,2026-05-23 01:26:00,9.78,14597,Spain
540954,85123A,WHITE HANGING HEART T-LIGHT HOLDER,7,2026-05-23 14:31:00,6.16,16873,France
540955,85123A,WHITE HANGING HEART T-LIGHT HOLDER,8,2026-05-01 22:15:00,1.76,13804,Spain
540956,84406B,CREAM CUPID HEARTS COAT HANGER,5,2026-05-04 14:01:00,7.93,12449,UK
540957,84406B,CREAM CUPID HEARTS COAT HANGER,3,2026-05-09 13:46:00,1.69,12800,Germany
540958,84406B,CREAM CUPID HEARTS COAT HANGER,9,2026-05-10 02:46:00,4.77,17808,France
540959,84029G,KNITTED UNION FLAG HOT WATER BOTTLE,24,2026-05-19 21:05:00,2.42,13356,Italy
540960,84406B,CREAM CUPID HEARTS COAT HANGER,30,2026-05-24 15:53:00,3.72,14728,Germany
540961,71053,WHITE METAL LANTERN,45,2026-05-05 02:14:00,1.5,15116,Germany
540962,22633,HAND WARMER UNION JACK,23,2026-05-24 07:53:00,7.31,12428,UK
540963,84406B,CREAM CUPID HEARTS COAT HANGER,2,2026-05-22 20:11:00,4.61,14913,France
540964,71053,WHITE METAL LANTERN,45,2026-05-24 10:34:00,4.49,13519,Italy
540965,71053,WHITE METAL LANTERN,22,2026-05-22 01:06:00,6.97,17820,UK
540966,85123A,WHITE HANGING HEART T-LIGHT HOLDER,13,2026-05-14 23:44:00,7.31,14992,Italy
540967,84029G,KNITTED UNION FLAG HOT WATER BOTTLE,28,2026-05-06 23:29:00,7.41,13039,Germany
540968,84406B,CREAM CUPID HEARTS COAT HANGER,21,2026-05-24 14:15:00,3.83,13739,Spain
540969,22633,HAND WARMER UNION JACK,35,2026-05-21 18:51:00,6.16,14569,Spain
540970,71053,WHITE METAL LANTERN,36,2026-05-07 03:02:00,3.87,16409,Germany
540971,85123A,WHITE HANGING HEART T-LIGHT HOLDER,34,2026-05-14 11:39:00,4.61,13715,UK
540972,22633,HAND WARMER UNION JACK,23,2026-05-07 08:59:00,2.87,12869,France
540973,84406B,CREAM CUPID HEARTS COAT HANGER,33,2026-05-13 12:16:00,3.67,16333,Italy
540974,85123A,WHITE HANGING HEART T-LIGHT HOLDER,13,2026-05-05 02:42:00,9.88,15254,Germany
540975,85123A,WHITE HANGING HEART T-LIGHT HOLDER,12,2026-05-22 01:56:00,8.83,16684,France
540976,84029G,KNITTED UNION FLAG HOT WATER BOTTLE,13,2026-05-02 07:24:00,9.79,15863,France
540977,84029G,KNITTED UNION FLAG HOT WATER BOTTLE,22,2026-05-25 10:50:00,4.53,17785,France
540978,71053,WHITE METAL LANTERN,28,2026-05-19 11:40:00,2.0,16835,Italy
540979,22633,HAND WARMER UNION JACK,17,2026-05-22 02:20:00,5.43,17430,France
540980,84029G,KNITTED UNION FLAG HOT WATER BOTTLE,12,2026-05-13 19:56:00,5.83,14785,Spain
540981,22633,HAND WARMER UNION JACK,5,2026-05-07 01:00:00,5.78,15842,Spain
540982,85123A,WHITE HANGING HEART T-LIGHT HOLDER,8,2026-05-18 15:22:00,2.93,15161,France
540983,71053,WHITE METAL LANTERN,13,2026-05-19 00:24:00,4.74,17320,France
540984,71053,WHITE METAL LANTERN,1,2026-05-12 19:17:00,7.0,13634,Italy
540985,84029G,KNITTED UNION FLAG HOT WATER BOTTLE,49,2026-05-23 15:13:00,5.04,13821,Germany
540986,71053,WHITE METAL LANTERN,9,2026-05-03 01:51:00,1.41,12594,Italy
540987,71053,WHITE METAL LANTERN,29,2026-05-04 09:10:00,4.74,14416,Spain
540988,84406B,CREAM CUPID HEARTS COAT HANGER,25,2026-05-13 06:28:00,2.61,16818,Germany
540989,71053,WHITE METAL LANTERN,35,2026-05-11 20:31:00,1.87,17950,France
540990,22633,HAND WARMER UNION JACK,49,2026-05-24 03:28:00,6.84,12652,UK
540991,22633,HAND WARMER UNION JACK,35,2026-05-09 19:25:00,7.68,15412,Italy
540992,22633,HAND WARMER UNION JACK,26,2026-05-12 06:25:00,6.92,17855,Italy
540993,22633,HAND WARMER UNION JACK,12,2026-05-03 19:02:00,2.91,13439,Italy
540994,22633,HAND WARMER UNION JACK,9,2026-05-17 08:07:00,5.18,15762,Spain
540995,71053,WHITE METAL LANTERN,19,2026-05-01 23:09:00,5.02,14994,Germany
540996,71053,WHITE METAL LANTERN,17,2026-05-13 05:48:00,9.24,14593,Germany
540997,22633,HAND WARMER UNION JACK,11,2026-05-02 16:26:00,7.71,13139,UK
540998,71053,WHITE METAL LANTERN,30,2026-05-14 10:48:00,4.69,13509,Spain
540999,84029G,KNITTED UNION FLAG HOT WATER BOTTLE,34,2026-05-04 05:16:00,9.7,15837,France